text,condition,record_type,clean_text
Barium study performed to evaluate motility and rule out partial obstruction.,Digestive Issues,Clinical Notes,Barium study performed to evaluate motility and rule out partial obstruction.
Assess deep pain sensation in paralyzed limbs.,Mobility Problems,Clinical Notes,Assess deep pain sensation in paralyzed limbs.
Implement regular turning schedule and padded bedding to prevent pressure sores in recumbent animals.,Mobility Problems,Clinical Notes,Implement regular turning schedule and padded bedding to prevent pressure sores in recumbent animals.
"Rule out extra-GI causes of vomiting (renal condition, pancreatitis, DKA).",Digestive Issues,Clinical Notes,"Rule out extra-GI causes of vomiting (renal condition, pancreatitis, DKA)."
Baermann technique used to recover lungworm larvae from feces.,Parasites,Clinical Notes,Baermann technique used to recover lungworm larvae from feces.
"Emphasize need to treat all dogs, cats, and ferrets in the household concurrently for ectoparasites.",Parasites,Clinical Notes,"Emphasize need to treat all dogs, cats, and ferrets in the household concurrently for ectoparasites."
Fine needle aspirate (FNA) performed on skin nodule; cytology pending.,Skin Irritations,Clinical Notes,Fine needle aspirate (FNA) performed on skin nodule; cytology pending.
"Rule out endocrinopathy (hypothyroidism, Cushing's) contributing to chronic skin/ear issues.",Ear Infections,Clinical Notes,"Rule out endocrinopathy (hypothyroidism, Cushing's) contributing to chronic skin/ear issues."
Use imidacloprid/moxidectin (Advantage Multi) for heartworm/flea/mite/intestinal parasite control.,Parasites,Clinical Notes,Use imidacloprid/moxidectin (Advantage Multi) for heartworm/flea/mite/intestinal parasite control.
"Advise owner to monitor for worsening signs (increased pain, neurological deficits).",Ear Infections,Clinical Notes,"Advise owner to monitor for worsening signs (increased pain, neurological deficits)."
Consider referral to veterinary dermatologist if no improvement.,Skin Irritations,Clinical Notes,Consider referral to veterinary dermatologist if no improvement.
Measure thigh circumference bilaterally to quantify muscle atrophy.,Mobility Problems,Clinical Notes,Measure thigh circumference bilaterally to quantify muscle atrophy.
Hyperthyroidism diagnosed in older cat with weight loss and vomiting.,Digestive Issues,Clinical Notes,Hyperthyroidism diagnosed in older cat with weight loss and vomiting.
"Myiasis present; clip, clean wound, manually remove all visible larvae.",Parasites,Clinical Notes,"Myiasis present; clip, clean wound, manually remove all visible larvae."
"Rabbit presents with head tilt, nystagmus, hind limb paresis. Serology for E. cuniculi recommended. Start fenbendazole empirically.",Mobility Problems,Clinical Notes,"Rabbit presents with head tilt, nystagmus, hind limb paresis. Serology for E. cuniculi recommended. Start fenbendazole empirically."
"Poor coat quality, excessive scaling (seborrhea sicca); evaluate diet, check thyroid.",Skin Irritations,Clinical Notes,"Poor coat quality, excessive scaling (seborrhea sicca); evaluate diet, check thyroid."
"Bacterial culture grew Staphylococcus pseudintermedius, sensitive to clindamycin.",Skin Irritations,Clinical Notes,"Bacterial culture grew Staphylococcus pseudintermedius, sensitive to clindamycin."
"Rule out toxin ingestion (plants, chemicals, medications).",Digestive Issues,Clinical Notes,"Rule out toxin ingestion (plants, chemicals, medications)."
"Provide critical care feeding (Oxbow Critical Care), SQ fluids, analgesia (meloxicam), pro-motility agent (cisapride) for rabbit GI stasis.",Digestive Issues,Clinical Notes,"Provide critical care feeding (Oxbow Critical Care), SQ fluids, analgesia (meloxicam), pro-motility agent (cisapride) for rabbit GI stasis."
Advise monthly heartworm prevention year-round.,Parasites,Clinical Notes,Advise monthly heartworm prevention year-round.
Color dilution alopecia present in blue Doberman; manage secondary pyoderma.,Skin Irritations,Clinical Notes,Color dilution alopecia present in blue Doberman; manage secondary pyoderma.
Re-evaluate efficacy and adjust dosage of pain medications at each follow-up.,Mobility Problems,Clinical Notes,Re-evaluate efficacy and adjust dosage of pain medications at each follow-up.
Prescribe ronidazole for suspected Tritrichomonas foetus infection in feline.,Parasites,Clinical Notes,Prescribe ronidazole for suspected Tritrichomonas foetus infection in feline.
Treat generalized demodicosis with isoxazoline or high-dose ivermectin/moxidectin protocols.,Parasites,Clinical Notes,Treat generalized demodicosis with isoxazoline or high-dose ivermectin/moxidectin protocols.
Long-term maintenance therapy with weekly ear cleaner/medication may be required.,Ear Infections,Clinical Notes,Long-term maintenance therapy with weekly ear cleaner/medication may be required.
"Fecal score: 6/7 (soft, unformed).",Digestive Issues,Clinical Notes,"Fecal score: 6/7 (soft, unformed)."
Recommend probiotics (FortiFlora) to support gut health.,Digestive Issues,Clinical Notes,Recommend probiotics (FortiFlora) to support gut health.
Skin scrape positive for Sarcoptes scabiei mites; zoonotic potential discussed.,Parasites,Clinical Notes,Skin scrape positive for Sarcoptes scabiei mites; zoonotic potential discussed.
"Rule out parasitic causes (Demodex, Sarcoptes, Cheyletiella) with appropriate diagnostics.",Skin Irritations,Clinical Notes,"Rule out parasitic causes (Demodex, Sarcoptes, Cheyletiella) with appropriate diagnostics."
Motility disorder suspected; consider trial with cisapride.,Digestive Issues,Clinical Notes,Motility disorder suspected; consider trial with cisapride.
CSF tap performed; analysis pending.,Mobility Problems,Clinical Notes,CSF tap performed; analysis pending.
Knemidokoptes pilae (scaly face/leg mite) diagnosed in budgerigar. Treat with topical or injectable ivermectin.,Parasites,Clinical Notes,Knemidokoptes pilae (scaly face/leg mite) diagnosed in budgerigar. Treat with topical or injectable ivermectin.
Administer opioid analgesic (methadone) for severe abdominal pain.,Digestive Issues,Clinical Notes,Administer opioid analgesic (methadone) for severe abdominal pain.
"Seborrhea sicca (dry scaling) generalized over trunk; evaluate diet, thyroid function, potential allergies.",Skin Irritations,Clinical Notes,"Seborrhea sicca (dry scaling) generalized over trunk; evaluate diet, thyroid function, potential allergies."
Auscultation reveals decreased borborygmi; suggestive of ileus.,Digestive Issues,Clinical Notes,Auscultation reveals decreased borborygmi; suggestive of ileus.
Radiographs show mixed lytic/proliferative lesion in proximal humerus. Differentials include primary bone tumor (OSA) vs. metastatic condition vs. fungal osteomyelitis.,Mobility Problems,Clinical Notes,Radiographs show mixed lytic/proliferative lesion in proximal humerus. Differentials include primary bone tumor (OSA) vs. metastatic condition vs. fungal osteomyelitis.
Excoriations on tail; rule out flea hypersensitivity.,Skin Irritations,Clinical Notes,Excoriations on tail; rule out flea hypersensitivity.
Cytauxzoon felis identified on blood smear; grave prognosis.,Parasites,Clinical Notes,Cytauxzoon felis identified on blood smear; grave prognosis.
"Tick-borne condition panel (e.g., 4Dx Snap test) positive for Ehrlichia/Anaplasma/Lyme.",Parasites,Clinical Notes,"Tick-borne condition panel (e.g., 4Dx Snap test) positive for Ehrlichia/Anaplasma/Lyme."
Plasma cell pododermatitis ('pillow foot') in feline patient; consider doxycycline trial.,Skin Irritations,Clinical Notes,Plasma cell pododermatitis ('pillow foot') in feline patient; consider doxycycline trial.
Ixodes scapularis tick removed; advise monitoring for signs of Lyme condition.,Parasites,Clinical Notes,Ixodes scapularis tick removed; advise monitoring for signs of Lyme condition.
Monitor body weight and body condition score.,Digestive Issues,Clinical Notes,Monitor body weight and body condition score.
Treat secondary pyoderma before pursuing allergy diagnostics.,Skin Irritations,Clinical Notes,Treat secondary pyoderma before pursuing allergy diagnostics.
Hypertrophic osteodystrophy (HOD) suspected; radiographs show characteristic 'double physeal line'. Supportive care/pain management.,Mobility Problems,Clinical Notes,Hypertrophic osteodystrophy (HOD) suspected; radiographs show characteristic 'double physeal line'. Supportive care/pain management.
Heartworm antigen test positive; stage condition and plan treatment.,Parasites,Clinical Notes,Heartworm antigen test positive; stage condition and plan treatment.
Heartworm antigen test negative. Microfilaria test negative.,Parasites,Clinical Notes,Heartworm antigen test negative. Microfilaria test negative.
Addison's condition (hypoadrenocorticism) can present with waxing/waning GI signs.,Digestive Issues,Clinical Notes,Addison's condition (hypoadrenocorticism) can present with waxing/waning GI signs.
"Discuss importance of addressing primary factors (allergies, conformation) for long-term control.",Ear Infections,Clinical Notes,"Discuss importance of addressing primary factors (allergies, conformation) for long-term control."
Rule out hypothyroidism as cause of dry skin and alopecia.,Skin Irritations,Clinical Notes,Rule out hypothyroidism as cause of dry skin and alopecia.
"Gait analysis performed: observe walk, trot, turning, stairs.",Mobility Problems,Clinical Notes,"Gait analysis performed: observe walk, trot, turning, stairs."
"Schedule recheck appointment appropriate for condition severity (e.g., 1-2 weeks for active infection, longer for chronic management).",Ear Infections,Clinical Notes,"Schedule recheck appointment appropriate for condition severity (e.g., 1-2 weeks for active infection, longer for chronic management)."
Monitor for decubital ulcers in recumbent patients.,Mobility Problems,Clinical Notes,Monitor for decubital ulcers in recumbent patients.
"Document lameness score (e.g., 0-5 scale) and character (weight-bearing, non-weight-bearing, intermittent).",Mobility Problems,Clinical Notes,"Document lameness score (e.g., 0-5 scale) and character (weight-bearing, non-weight-bearing, intermittent)."
Contact dermatitis suspected on sparsely haired ventral abdomen.,Skin Irritations,Clinical Notes,Contact dermatitis suspected on sparsely haired ventral abdomen.
Miliary dermatitis pattern observed in feline patient; consider flea allergy vs. food allergy.,Skin Irritations,Clinical Notes,Miliary dermatitis pattern observed in feline patient; consider flea allergy vs. food allergy.
"Diagnosed hyperthyroidism (elevated T4) in cat with weight loss, polyphagia, vomiting.",Digestive Issues,Clinical Notes,"Diagnosed hyperthyroidism (elevated T4) in cat with weight loss, polyphagia, vomiting."
Administer nitenpyram (Capstar) orally for rapid kill of adult fleas.,Parasites,Clinical Notes,Administer nitenpyram (Capstar) orally for rapid kill of adult fleas.
"Consider fecal PCR panel for comprehensive parasite screening, especially in cases of chronic diarrhea.",Parasites,Clinical Notes,"Consider fecal PCR panel for comprehensive parasite screening, especially in cases of chronic diarrhea."
Assess for potential medication side effects causing GI upset.,Digestive Issues,Clinical Notes,Assess for potential medication side effects causing GI upset.
Consider low-level laser therapy (LLLT) as adjunctive treatment for inflammation and pain.,Ear Infections,Clinical Notes,Consider low-level laser therapy (LLLT) as adjunctive treatment for inflammation and pain.
Provide estimate for diagnostics and potential treatments.,Digestive Issues,Clinical Notes,Provide estimate for diagnostics and potential treatments.
"If culture shows resistant bacteria, consider compounded topical formulations or systemic therapy based on MIC.",Ear Infections,Clinical Notes,"If culture shows resistant bacteria, consider compounded topical formulations or systemic therapy based on MIC."
Diarrhea with weight loss; check thyroid levels.,Digestive Issues,Clinical Notes,Diarrhea with weight loss; check thyroid levels.
Dermatophytosis confirmed by fungal culture; initiate itraconazole.,Skin Irritations,Clinical Notes,Dermatophytosis confirmed by fungal culture; initiate itraconazole.
Pain on tail jack/lumbosacral palpation.,Mobility Problems,Clinical Notes,Pain on tail jack/lumbosacral palpation.
"Note patient breed and conformational predisposition (e.g., stenotic canals in Shar Peis, pendulous pinnae in Spaniels).",Ear Infections,Clinical Notes,"Note patient breed and conformational predisposition (e.g., stenotic canals in Shar Peis, pendulous pinnae in Spaniels)."
Dog presented with severe flea infestation and secondary anemia (PCV 22%).,Parasites,Clinical Notes,Dog presented with severe flea infestation and secondary anemia (PCV 22%).
"Recommend year-round broad-spectrum parasite prevention (heartworm, intestinal parasites, fleas, ticks).",Parasites,Clinical Notes,"Recommend year-round broad-spectrum parasite prevention (heartworm, intestinal parasites, fleas, ticks)."
Color dilution alopecia suspected in blue-coated dog with poor coat quality and folliculitis.,Skin Irritations,Clinical Notes,Color dilution alopecia suspected in blue-coated dog with poor coat quality and folliculitis.
Prescribe fluralaner (Bravecto) for 12-week flea and tick control.,Parasites,Clinical Notes,Prescribe fluralaner (Bravecto) for 12-week flea and tick control.
"Radiographs reveal osteophytes, sclerosis, and possible UAP/FCP in left elbow.",Mobility Problems,Clinical Notes,"Radiographs reveal osteophytes, sclerosis, and possible UAP/FCP in left elbow."
Baermann fecal examination performed to detect lungworm larvae.,Parasites,Clinical Notes,Baermann fecal examination performed to detect lungworm larvae.
Strict activity restriction post-operatively.,Mobility Problems,Clinical Notes,Strict activity restriction post-operatively.
Recommend prophylactic ear cleaning with drying agent after swimming/bathing.,Ear Infections,Clinical Notes,Recommend prophylactic ear cleaning with drying agent after swimming/bathing.
"Recommend using Tris-EDTA containing ear cleaner prior to antibiotic application, especially for Pseudomonas.",Ear Infections,Clinical Notes,"Recommend using Tris-EDTA containing ear cleaner prior to antibiotic application, especially for Pseudomonas."
Contrast radiography (barium series) performed; delayed transit time noted.,Digestive Issues,Clinical Notes,Contrast radiography (barium series) performed; delayed transit time noted.
Prescribe sulfadimethoxine (Albon) for Coccidia treatment.,Parasites,Clinical Notes,Prescribe sulfadimethoxine (Albon) for Coccidia treatment.
Consider referral to dermatologist for allergy workup.,Ear Infections,Clinical Notes,Consider referral to dermatologist for allergy workup.
Administer dewormer according to manufacturer's instructions.,Parasites,Clinical Notes,Administer dewormer according to manufacturer's instructions.
Consider food elimination trial if food allergy suspected.,Ear Infections,Clinical Notes,Consider food elimination trial if food allergy suspected.
Prescribe short course of prednisone for severe inflammation.,Skin Irritations,Clinical Notes,Prescribe short course of prednisone for severe inflammation.
"Horner's syndrome (miosis, ptosis, enophthalmos, prolapsed nictitans) present ipsilateral to otitis media.",Ear Infections,Clinical Notes,"Horner's syndrome (miosis, ptosis, enophthalmos, prolapsed nictitans) present ipsilateral to otitis media."
Advise feeding multiple small meals per day instead of one or two large meals.,Digestive Issues,Clinical Notes,Advise feeding multiple small meals per day instead of one or two large meals.
Rule out foreign body obstruction; recommend abdominal ultrasound.,Digestive Issues,Clinical Notes,Rule out foreign body obstruction; recommend abdominal ultrasound.
Otitis externa (AU - both ears) noted; moderate erythema and ceruminous discharge.,Ear Infections,Clinical Notes,Otitis externa (AU - both ears) noted; moderate erythema and ceruminous discharge.
Prescribe short course of oral corticosteroids (prednisone) for severe inflammation/pruritus.,Skin Irritations,Clinical Notes,Prescribe short course of oral corticosteroids (prednisone) for severe inflammation/pruritus.
Schedule follow-up fecal examination 3-4 weeks post-deworming.,Parasites,Clinical Notes,Schedule follow-up fecal examination 3-4 weeks post-deworming.
Exocrine pancreatic insufficiency (EPI) confirmed by low TLI level. Prescribe pancreatic enzyme supplement.,Digestive Issues,Clinical Notes,Exocrine pancreatic insufficiency (EPI) confirmed by low TLI level. Prescribe pancreatic enzyme supplement.
"Instruct owner to monitor appetite, vomiting, fecal consistency, and activity level.",Digestive Issues,Clinical Notes,"Instruct owner to monitor appetite, vomiting, fecal consistency, and activity level."
Tritrichomonas foetus testing recommended for chronic feline diarrhea.,Digestive Issues,Clinical Notes,Tritrichomonas foetus testing recommended for chronic feline diarrhea.
Fecal centrifugation with zinc sulfate solution used for optimal parasite egg recovery.,Parasites,Clinical Notes,Fecal centrifugation with zinc sulfate solution used for optimal parasite egg recovery.
Consider environmental allergy testing (serum or intradermal).,Skin Irritations,Clinical Notes,Consider environmental allergy testing (serum or intradermal).
Provide structured plan for gradual increase in activity following healing period.,Mobility Problems,Clinical Notes,Provide structured plan for gradual increase in activity following healing period.
"Treat Otodectes with topical acaricide (e.g., Acarexx) or systemic isoxazoline. Ensure all contact animals treated.",Ear Infections,Clinical Notes,"Treat Otodectes with topical acaricide (e.g., Acarexx) or systemic isoxazoline. Ensure all contact animals treated."
Consider stress as a trigger for colitis; advise environmental enrichment/behavior modification.,Digestive Issues,Clinical Notes,Consider stress as a trigger for colitis; advise environmental enrichment/behavior modification.
"Congenital portosystemic shunt suspected in young dog with poor growth, neuro signs after eating, urate crystalluria.",Digestive Issues,Clinical Notes,"Congenital portosystemic shunt suspected in young dog with poor growth, neuro signs after eating, urate crystalluria."
"Consider autoimmune differentials if lesions also present on nasal planum, footpads, or mucocutaneous junctions.",Ear Infections,Clinical Notes,"Consider autoimmune differentials if lesions also present on nasal planum, footpads, or mucocutaneous junctions."
Fracture identified on radiograph; stabilize and discuss repair options.,Mobility Problems,Clinical Notes,Fracture identified on radiograph; stabilize and discuss repair options.
Medial patellar luxation (MPL) Grade II/IV palpated bilaterally.,Mobility Problems,Clinical Notes,Medial patellar luxation (MPL) Grade II/IV palpated bilaterally.
Histiocytoma present on young dog; monitor for spontaneous regression.,Skin Irritations,Clinical Notes,Histiocytoma present on young dog; monitor for spontaneous regression.
Prescribe maropitant (Cerenia) for vomiting and recommend bland diet.,Digestive Issues,Clinical Notes,Prescribe maropitant (Cerenia) for vomiting and recommend bland diet.
Patient is candidate for Total Ear Canal Ablation and Bulla Osteotomy (TECA-BO) due to end-stage otitis.,Ear Infections,Clinical Notes,Patient is candidate for Total Ear Canal Ablation and Bulla Osteotomy (TECA-BO) due to end-stage otitis.
"Feline patient exhibits miliary dermatitis pattern; rule out FAD, food allergy, atopy.",Skin Irritations,Clinical Notes,"Feline patient exhibits miliary dermatitis pattern; rule out FAD, food allergy, atopy."
Emphasize finishing the full course of medication.,Ear Infections,Clinical Notes,Emphasize finishing the full course of medication.
Advise meticulous cage hygiene and appropriate bedding for rabbits to prevent myiasis.,Parasites,Clinical Notes,Advise meticulous cage hygiene and appropriate bedding for rabbits to prevent myiasis.
"Symmetrical non-inflammatory alopecia on flanks; rule out endocrine condition (hypothyroidism, hyperadrenocorticism, sex hormone imbalance).",Skin Irritations,Clinical Notes,"Symmetrical non-inflammatory alopecia on flanks; rule out endocrine condition (hypothyroidism, hyperadrenocorticism, sex hormone imbalance)."
Dermacentor andersoni tick removed. Discuss RMSF/Tularemia/tick paralysis risk.,Parasites,Clinical Notes,Dermacentor andersoni tick removed. Discuss RMSF/Tularemia/tick paralysis risk.
"Histiocytoma observed on young dog's limb; typically benign, monitor for regression.",Skin Irritations,Clinical Notes,"Histiocytoma observed on young dog's limb; typically benign, monitor for regression."
"Lungworm (e.g., Aelurostrongylus abstrusus in cats) suspected based on respiratory signs; Baermann fecal analysis recommended.",Parasites,Clinical Notes,"Lungworm (e.g., Aelurostrongylus abstrusus in cats) suspected based on respiratory signs; Baermann fecal analysis recommended."
Prescribe anti-diarrheal (kaolin-pectin) for symptomatic relief.,Digestive Issues,Clinical Notes,Prescribe anti-diarrheal (kaolin-pectin) for symptomatic relief.
Pruritus and erythema on ears; topical therapy prescribed.,Skin Irritations,Clinical Notes,Pruritus and erythema on ears; topical therapy prescribed.
Tibial thrust clearly palpable during ambulation.,Mobility Problems,Clinical Notes,Tibial thrust clearly palpable during ambulation.
Prescribe strict cage rest (4-6 weeks) and muscle relaxants (methocarbamol) for suspected fibrocartilaginous embolism (FCE).,Mobility Problems,Clinical Notes,Prescribe strict cage rest (4-6 weeks) and muscle relaxants (methocarbamol) for suspected fibrocartilaginous embolism (FCE).
"Recommend feeding a low-fat, easily digestible prescription diet during recovery from pancreatitis.",Digestive Issues,Clinical Notes,"Recommend feeding a low-fat, easily digestible prescription diet during recovery from pancreatitis."
Perform thorough dental examination to rule out apical abscess or oronasal fistula contributing to signs.,Ear Infections,Clinical Notes,Perform thorough dental examination to rule out apical abscess or oronasal fistula contributing to signs.
Ensure medication is stored and handled correctly.,Ear Infections,Clinical Notes,Ensure medication is stored and handled correctly.
Educate owner on signs of dehydration.,Digestive Issues,Clinical Notes,Educate owner on signs of dehydration.
Recheck fecal exam after deworming treatment.,Digestive Issues,Clinical Notes,Recheck fecal exam after deworming treatment.
Treat ear mites with appropriate acaricide (topical or systemic). Treat all in-contact animals.,Ear Infections,Clinical Notes,Treat ear mites with appropriate acaricide (topical or systemic). Treat all in-contact animals.
Chronic ear infection; rule out hypothyroidism.,Ear Infections,Clinical Notes,Chronic ear infection; rule out hypothyroidism.
Prescribe metronidazole and recommend adding fiber (pumpkin) to diet for colitis.,Digestive Issues,Clinical Notes,Prescribe metronidazole and recommend adding fiber (pumpkin) to diet for colitis.
Ear cytology performed to confirm mites and check for secondary infection.,Parasites,Clinical Notes,Ear cytology performed to confirm mites and check for secondary infection.
Referral to veterinary dermatologist recommended for comprehensive allergy investigation.,Ear Infections,Clinical Notes,Referral to veterinary dermatologist recommended for comprehensive allergy investigation.
Isolate animals with Sarcoptes or highly contagious parasites from other pets.,Parasites,Clinical Notes,Isolate animals with Sarcoptes or highly contagious parasites from other pets.
Treat otodectes infestation with topical selamectin (Revolution) or moxidectin/imidacloprid (Advantage Multi). Clean ears prior.,Parasites,Clinical Notes,Treat otodectes infestation with topical selamectin (Revolution) or moxidectin/imidacloprid (Advantage Multi). Clean ears prior.
Rule out scabies based on intense pruritus and lesion distribution.,Skin Irritations,Clinical Notes,Rule out scabies based on intense pruritus and lesion distribution.
Stool culture pending; start supportive care.,Digestive Issues,Clinical Notes,Stool culture pending; start supportive care.
Scaling and redness on back; medicated bath advised.,Skin Irritations,Clinical Notes,Scaling and redness on back; medicated bath advised.
Treat all animals in contact with sarcoptic mange patient.,Parasites,Clinical Notes,Treat all animals in contact with sarcoptic mange patient.
Rabbit presents with severe crusting otitis externa due to Psoroptes cuniculi infestation.,Ear Infections,Clinical Notes,Rabbit presents with severe crusting otitis externa due to Psoroptes cuniculi infestation.
Psychogenic alopecia diagnosed in feline patient; behavioral modification and medication discussed.,Skin Irritations,Clinical Notes,Psychogenic alopecia diagnosed in feline patient; behavioral modification and medication discussed.
Abdominocentesis performed; fluid analysis pending.,Digestive Issues,Clinical Notes,Abdominocentesis performed; fluid analysis pending.
Flea bite hypersensitivity is primary differential for caudal dorsal pruritus.,Skin Irritations,Clinical Notes,Flea bite hypersensitivity is primary differential for caudal dorsal pruritus.
Palliative radiation therapy discussed for bone pain.,Mobility Problems,Clinical Notes,Palliative radiation therapy discussed for bone pain.
"Recommend easily digestible, low-fat diet for recovery.",Digestive Issues,Clinical Notes,"Recommend easily digestible, low-fat diet for recovery."
"Provided post-operative instructions for aural hematoma repair (e.g., drain care, E-collar use).",Ear Infections,Clinical Notes,"Provided post-operative instructions for aural hematoma repair (e.g., drain care, E-collar use)."
Heavy burden of flea dirt noted on exam. Diagnosis: Ctenocephalides felis infestation.,Parasites,Clinical Notes,Heavy burden of flea dirt noted on exam. Diagnosis: Ctenocephalides felis infestation.
Referral to neurologist for MRI and potential surgical decompression for IVDD.,Mobility Problems,Clinical Notes,Referral to neurologist for MRI and potential surgical decompression for IVDD.
Psoroptes cuniculi (rabbit ear mite) infestation causing otitis externa.,Parasites,Clinical Notes,Psoroptes cuniculi (rabbit ear mite) infestation causing otitis externa.
Rectal palpation reveals firm mass; biopsy recommended.,Digestive Issues,Clinical Notes,Rectal palpation reveals firm mass; biopsy recommended.
Reduced range of motion and crepitus noted in bilateral hips; suspect osteoarthritis (OA)/degenerative joint condition (DJD).,Mobility Problems,Clinical Notes,Reduced range of motion and crepitus noted in bilateral hips; suspect osteoarthritis (OA)/degenerative joint condition (DJD).
Hemorrhagic gastroenteritis (HGE) suspected due to 'raspberry jam' stool and elevated PCV.,Digestive Issues,Clinical Notes,Hemorrhagic gastroenteritis (HGE) suspected due to 'raspberry jam' stool and elevated PCV.
Recurrent otitis likely secondary to underlying food allergy. Initiate diet trial.,Ear Infections,Clinical Notes,Recurrent otitis likely secondary to underlying food allergy. Initiate diet trial.
"Trixacarus caviae infestation in guinea pig causing intense pruritus, scaling, seizures. Treat with ivermectin/selamectin.",Parasites,Clinical Notes,"Trixacarus caviae infestation in guinea pig causing intense pruritus, scaling, seizures. Treat with ivermectin/selamectin."
Consider empirical deworming with broad-spectrum anthelmintic.,Digestive Issues,Clinical Notes,Consider empirical deworming with broad-spectrum anthelmintic.
Pain elicited on biceps tendon palpation and shoulder flexion.,Mobility Problems,Clinical Notes,Pain elicited on biceps tendon palpation and shoulder flexion.
Amblyomma americanum tick removed; advise monitoring for signs of Ehrlichiosis.,Parasites,Clinical Notes,Amblyomma americanum tick removed; advise monitoring for signs of Ehrlichiosis.
Provide client handout detailing comprehensive flea control strategy (pet and environment).,Parasites,Clinical Notes,Provide client handout detailing comprehensive flea control strategy (pet and environment).
Document date of tick removal and location.,Parasites,Clinical Notes,Document date of tick removal and location.
Canine pancreatic lipase (cPL) snap test positive. Consistent with pancreatitis.,Digestive Issues,Clinical Notes,Canine pancreatic lipase (cPL) snap test positive. Consistent with pancreatitis.
"Recommend initiation of monthly isoxazoline product (e.g., Bravecto, Nexgard, Simparica) for flea/tick control.",Parasites,Clinical Notes,"Recommend initiation of monthly isoxazoline product (e.g., Bravecto, Nexgard, Simparica) for flea/tick control."
"Crusting lesions on pinnal margins and pressure points; consider vasculitis, pemphigus, zinc-responsive dermatosis.",Skin Irritations,Clinical Notes,"Crusting lesions on pinnal margins and pressure points; consider vasculitis, pemphigus, zinc-responsive dermatosis."
Vomiting post-meal; test for food intolerance.,Digestive Issues,Clinical Notes,Vomiting post-meal; test for food intolerance.
Melena noted on rectal exam; suggests upper GI bleeding.,Digestive Issues,Clinical Notes,Melena noted on rectal exam; suggests upper GI bleeding.
Emphasize importance of removing feces from yard daily to break parasite life cycles.,Parasites,Clinical Notes,Emphasize importance of removing feces from yard daily to break parasite life cycles.
Advise owner that Sarcoptes mites can survive off-host for a limited time.,Parasites,Clinical Notes,Advise owner that Sarcoptes mites can survive off-host for a limited time.
Ensure owner understands frequency and duration of deworming medication.,Parasites,Clinical Notes,Ensure owner understands frequency and duration of deworming medication.
"Examine contralateral ear; mild inflammation noted, recommend starting treatment AU.",Ear Infections,Clinical Notes,"Examine contralateral ear; mild inflammation noted, recommend starting treatment AU."
Parvovirus antigen test negative.,Digestive Issues,Clinical Notes,Parvovirus antigen test negative.
Vomiting and lethargy; check for intoxication.,Digestive Issues,Clinical Notes,Vomiting and lethargy; check for intoxication.
Provide client handout on proper tick removal technique and importance of prevention.,Parasites,Clinical Notes,Provide client handout on proper tick removal technique and importance of prevention.
"Facial nerve paralysis (lip droop, inability to blink) noted; may be temporary or permanent complication of otitis.",Ear Infections,Clinical Notes,"Facial nerve paralysis (lip droop, inability to blink) noted; may be temporary or permanent complication of otitis."
Portosystemic shunt considered in young animal with poor growth and GI signs.,Digestive Issues,Clinical Notes,Portosystemic shunt considered in young animal with poor growth and GI signs.
Perform trichogram (hair pluck exam) to look for lice eggs (nits) or Cheyletiella.,Parasites,Clinical Notes,Perform trichogram (hair pluck exam) to look for lice eggs (nits) or Cheyletiella.
"Advise meticulous hand hygiene and prompt feces removal to minimize zoonotic risk (e.g., roundworms, hookworms).",Parasites,Clinical Notes,"Advise meticulous hand hygiene and prompt feces removal to minimize zoonotic risk (e.g., roundworms, hookworms)."
Discuss long-term management plan for chronic conditions.,Mobility Problems,Clinical Notes,Discuss long-term management plan for chronic conditions.
Address any owner financial concerns and discuss alternative treatment plans if necessary.,Ear Infections,Clinical Notes,Address any owner financial concerns and discuss alternative treatment plans if necessary.
Myasthenia gravis diagnosed via Tensilon test or ACh receptor antibody titer.,Mobility Problems,Clinical Notes,Myasthenia gravis diagnosed via Tensilon test or ACh receptor antibody titer.
"Superficial necrolytic dermatitis (hepatocutaneous syndrome) suspected; check liver values/ultrasound, amino acids.",Skin Irritations,Clinical Notes,"Superficial necrolytic dermatitis (hepatocutaneous syndrome) suspected; check liver values/ultrasound, amino acids."
Hypertrophic osteodystrophy (HOD) suspected in young growing dog with fever and metaphyseal swelling/pain.,Mobility Problems,Clinical Notes,Hypertrophic osteodystrophy (HOD) suspected in young growing dog with fever and metaphyseal swelling/pain.
"Strict confinement (crate rest, leash walks only for elimination) mandated for 8 weeks post-operatively.",Mobility Problems,Clinical Notes,"Strict confinement (crate rest, leash walks only for elimination) mandated for 8 weeks post-operatively."
Engorged Ixodes pacificus tick removed from shoulder. Discuss Lyme condition prevention/monitoring.,Parasites,Clinical Notes,Engorged Ixodes pacificus tick removed from shoulder. Discuss Lyme condition prevention/monitoring.
"Bladder management (manual expression, catheterization) required for paralyzed patients.",Mobility Problems,Clinical Notes,"Bladder management (manual expression, catheterization) required for paralyzed patients."
Radiographs show significant joint effusion in bilateral stifles.,Mobility Problems,Clinical Notes,Radiographs show significant joint effusion in bilateral stifles.
Ensure accurate weight for correct dosage of preventatives/treatments.,Parasites,Clinical Notes,Ensure accurate weight for correct dosage of preventatives/treatments.
"Radiographs reveal aggressive bone lesion (lysis, periosteal reaction) in distal radius; suspect osteosarcoma.",Mobility Problems,Clinical Notes,"Radiographs reveal aggressive bone lesion (lysis, periosteal reaction) in distal radius; suspect osteosarcoma."
Splint or cast applied for stabilization.,Mobility Problems,Clinical Notes,Splint or cast applied for stabilization.
Prescribe anti-nausea medication (maropitant) for vestibular signs.,Ear Infections,Clinical Notes,Prescribe anti-nausea medication (maropitant) for vestibular signs.
Dietary modification: increase fiber for constipation/colitis.,Digestive Issues,Clinical Notes,Dietary modification: increase fiber for constipation/colitis.
Pythiosis suspected due to transmural GI thickening on ultrasound; serology or biopsy needed.,Digestive Issues,Clinical Notes,Pythiosis suspected due to transmural GI thickening on ultrasound; serology or biopsy needed.
"Inquire about travel history, exposure to wildlife, and housing conditions to assess parasite risk.",Parasites,Clinical Notes,"Inquire about travel history, exposure to wildlife, and housing conditions to assess parasite risk."
"Myelogram performed, shows spinal cord compression.",Mobility Problems,Clinical Notes,"Myelogram performed, shows spinal cord compression."
Provide handout on tick prevention and removal.,Parasites,Clinical Notes,Provide handout on tick prevention and removal.
Treat generalized demodicosis with oral isoxazoline (off-label use may require informed consent) or injectable moxidectin.,Parasites,Clinical Notes,Treat generalized demodicosis with oral isoxazoline (off-label use may require informed consent) or injectable moxidectin.
Perform baseline CBC/Chemistry panel before starting NSAIDs; recheck periodically.,Mobility Problems,Clinical Notes,Perform baseline CBC/Chemistry panel before starting NSAIDs; recheck periodically.
Primary secretory otitis media (PSOM) suspected in Cavalier King Charles Spaniel.,Ear Infections,Clinical Notes,Primary secretory otitis media (PSOM) suspected in Cavalier King Charles Spaniel.
Otitis with waxy debris; flush and medicate.,Ear Infections,Clinical Notes,Otitis with waxy debris; flush and medicate.
Hypovitaminosis C (scurvy) suspected in anorexic guinea pig with painful joints/lameness. Supplement Vitamin C immediately.,Mobility Problems,Clinical Notes,Hypovitaminosis C (scurvy) suspected in anorexic guinea pig with painful joints/lameness. Supplement Vitamin C immediately.
Multiple papules and pustules on ventral thorax; impression smear reveals cocci.,Skin Irritations,Clinical Notes,Multiple papules and pustules on ventral thorax; impression smear reveals cocci.
Radiographs show diffuse gas pattern throughout bowel; no signs of obstruction.,Digestive Issues,Clinical Notes,Radiographs show diffuse gas pattern throughout bowel; no signs of obstruction.
"Provide client handout explaining heartworm life cycle, transmission, and prevention.",Parasites,Clinical Notes,"Provide client handout explaining heartworm life cycle, transmission, and prevention."
Consider referral to internal medicine specialist for complex cases.,Digestive Issues,Clinical Notes,Consider referral to internal medicine specialist for complex cases.
"Heartworm antigen test positive. Confirm with microfilaria test/repeat antigen test. Stage condition (radiographs, echo). Initiate AHS protocol.",Parasites,Clinical Notes,"Heartworm antigen test positive. Confirm with microfilaria test/repeat antigen test. Stage condition (radiographs, echo). Initiate AHS protocol."
Patellar luxation grade III; surgical consult.,Mobility Problems,Clinical Notes,Patellar luxation grade III; surgical consult.
Otitis externa with odor; start combo drops.,Ear Infections,Clinical Notes,Otitis externa with odor; start combo drops.
Cytology (right ear) reveals Malassezia pachydermatis (yeast) +++ and cocci ++.,Ear Infections,Clinical Notes,Cytology (right ear) reveals Malassezia pachydermatis (yeast) +++ and cocci ++.
Pain elicited on extension of bilateral hips and palpation of lumbar spine.,Mobility Problems,Clinical Notes,Pain elicited on extension of bilateral hips and palpation of lumbar spine.
Consider ventral bulla osteotomy (VBO) for isolated middle ear condition or polyp removal.,Ear Infections,Clinical Notes,Consider ventral bulla osteotomy (VBO) for isolated middle ear condition or polyp removal.
Positive cranial drawer sign in right stifle; consistent with cranial cruciate ligament (CCL) rupture.,Mobility Problems,Clinical Notes,Positive cranial drawer sign in right stifle; consistent with cranial cruciate ligament (CCL) rupture.
Pain medication (buprenorphine) administered for abdominal discomfort.,Digestive Issues,Clinical Notes,Pain medication (buprenorphine) administered for abdominal discomfort.
"Counsel owner on potential side effects of NSAIDs (GI upset, kidney/liver issues) and other analgesics.",Mobility Problems,Clinical Notes,"Counsel owner on potential side effects of NSAIDs (GI upset, kidney/liver issues) and other analgesics."
"Regurgitation reported (passive expulsion of undigested food); suspect esophageal motility disorder or obstruction (e.g., megaesophagus, stricture). Barium swallow study considered.",Digestive Issues,Clinical Notes,"Regurgitation reported (passive expulsion of undigested food); suspect esophageal motility disorder or obstruction (e.g., megaesophagus, stricture). Barium swallow study considered."
Biceps tendon test positive.,Mobility Problems,Clinical Notes,Biceps tendon test positive.
Ear swab cytology confirms presence of mite fragments and secondary Malassezia infection.,Parasites,Clinical Notes,Ear swab cytology confirms presence of mite fragments and secondary Malassezia infection.
Continue Demodex treatment until two consecutive negative skin scrapes one month apart.,Parasites,Clinical Notes,Continue Demodex treatment until two consecutive negative skin scrapes one month apart.
Wobbler syndrome (cervical spondylomyelopathy) suspected in large breed dog with neck pain and gait abnormalities.,Mobility Problems,Clinical Notes,Wobbler syndrome (cervical spondylomyelopathy) suspected in large breed dog with neck pain and gait abnormalities.
Discuss prognosis for diagnosed condition.,Skin Irritations,Clinical Notes,Discuss prognosis for diagnosed condition.
"Polymyositis suspected; check CK levels, consider muscle biopsy.",Mobility Problems,Clinical Notes,"Polymyositis suspected; check CK levels, consider muscle biopsy."
"Rule out non-musculoskeletal causes of reluctance to move (e.g., systemic illness, abdominal pain).",Mobility Problems,Clinical Notes,"Rule out non-musculoskeletal causes of reluctance to move (e.g., systemic illness, abdominal pain)."
Suspect vitamin C deficiency (scurvy) in guinea pig with lameness/reluctance to move; supplement vitamin C.,Mobility Problems,Clinical Notes,Suspect vitamin C deficiency (scurvy) in guinea pig with lameness/reluctance to move; supplement vitamin C.
"Post-operative monitoring includes checking incision, pain assessment, monitoring for return of GI motility.",Digestive Issues,Clinical Notes,"Post-operative monitoring includes checking incision, pain assessment, monitoring for return of GI motility."
Treat tapeworms with praziquantel or epsiprantel.,Parasites,Clinical Notes,Treat tapeworms with praziquantel or epsiprantel.
"Educate owner on recognizing signs of dehydration (lethargy, sunken eyes, tacky gums).",Digestive Issues,Clinical Notes,"Educate owner on recognizing signs of dehydration (lethargy, sunken eyes, tacky gums)."
Exfoliative cytology performed on skin lesion.,Skin Irritations,Clinical Notes,Exfoliative cytology performed on skin lesion.
"Comedones present on chin (feline acne); advise topical cleansing, possible antibiotics if secondary infection.",Skin Irritations,Clinical Notes,"Comedones present on chin (feline acne); advise topical cleansing, possible antibiotics if secondary infection."
"Localized demodectic mange in young dog; monitor, may resolve spontaneously.",Skin Irritations,Clinical Notes,"Localized demodectic mange in young dog; monitor, may resolve spontaneously."
Perineal hernia noted; contributes to tenesmus and constipation. Surgical repair advised.,Digestive Issues,Clinical Notes,Perineal hernia noted; contributes to tenesmus and constipation. Surgical repair advised.
Consider nasopharyngeal polyp in young cats with upper respiratory or ear signs.,Ear Infections,Clinical Notes,Consider nasopharyngeal polyp in young cats with upper respiratory or ear signs.
Rule out concurrent infections or immunosuppressive conditions in animals with heavy parasite loads.,Parasites,Clinical Notes,Rule out concurrent infections or immunosuppressive conditions in animals with heavy parasite loads.
Recommend rehabilitation therapy including hydrotherapy and therapeutic exercises.,Mobility Problems,Clinical Notes,Recommend rehabilitation therapy including hydrotherapy and therapeutic exercises.
Campylobacter infection diagnosed via fecal culture.,Digestive Issues,Clinical Notes,Campylobacter infection diagnosed via fecal culture.
"Discuss zoonotic potential of certain GI parasites (Giardia, Toxoplasma).",Digestive Issues,Clinical Notes,"Discuss zoonotic potential of certain GI parasites (Giardia, Toxoplasma)."
"Monitor for neurological side effects with high-dose ivermectin protocols, especially in susceptible breeds.",Parasites,Clinical Notes,"Monitor for neurological side effects with high-dose ivermectin protocols, especially in susceptible breeds."
Consider referral to veterinary dermatologist for refractory cases.,Skin Irritations,Clinical Notes,Consider referral to veterinary dermatologist for refractory cases.
Ear mites in canal; clean and apply selamectin.,Parasites,Clinical Notes,Ear mites in canal; clean and apply selamectin.
"Lameness exam reveals moderate weight-bearing lameness, left forelimb (Grade 3/5).",Mobility Problems,Clinical Notes,"Lameness exam reveals moderate weight-bearing lameness, left forelimb (Grade 3/5)."
Vasculitis causing necrosis of ear tip; investigate underlying infectious/immune-mediated cause.,Skin Irritations,Clinical Notes,Vasculitis causing necrosis of ear tip; investigate underlying infectious/immune-mediated cause.
Schedule recheck in 14 days. Instruct owner to monitor for improvement/worsening of signs.,Ear Infections,Clinical Notes,Schedule recheck in 14 days. Instruct owner to monitor for improvement/worsening of signs.
"Abdomen tense and painful on palpation, particularly cranial abdomen. Rule out pancreatitis.",Digestive Issues,Clinical Notes,"Abdomen tense and painful on palpation, particularly cranial abdomen. Rule out pancreatitis."
"Schedule recheck appointments for heartworm treatment monitoring (antigen tests, radiographs).",Parasites,Clinical Notes,"Schedule recheck appointments for heartworm treatment monitoring (antigen tests, radiographs)."
Caudal hip luxation identified; attempt closed reduction under anesthesia.,Mobility Problems,Clinical Notes,Caudal hip luxation identified; attempt closed reduction under anesthesia.
Prescribe meclizine for symptomatic relief of nausea associated with vestibular condition.,Ear Infections,Clinical Notes,Prescribe meclizine for symptomatic relief of nausea associated with vestibular condition.
Advise steam cleaning or dilute bleach solution for environmental Coccidia control.,Parasites,Clinical Notes,Advise steam cleaning or dilute bleach solution for environmental Coccidia control.
"Otoscopy reveals copious dark brown, granular debris bilaterally. Microscopic exam confirms Otodectes cynotis mites.",Parasites,Clinical Notes,"Otoscopy reveals copious dark brown, granular debris bilaterally. Microscopic exam confirms Otodectes cynotis mites."
Gastric dilatation-volvulus (GDV) suspected; immediate stabilization and surgery required.,Digestive Issues,Clinical Notes,Gastric dilatation-volvulus (GDV) suspected; immediate stabilization and surgery required.
Post-clipping alopecia noted; reassure owner hair regrowth may be slow.,Skin Irritations,Clinical Notes,Post-clipping alopecia noted; reassure owner hair regrowth may be slow.
Disseminated histoplasmosis can cause chronic large bowel diarrhea and weight loss; check urine antigen test.,Digestive Issues,Clinical Notes,Disseminated histoplasmosis can cause chronic large bowel diarrhea and weight loss; check urine antigen test.
Flush ears gently under sedation due to pain and debris.,Ear Infections,Clinical Notes,Flush ears gently under sedation due to pain and debris.
Megacolon diagnosed radiographically in feline patient.,Digestive Issues,Clinical Notes,Megacolon diagnosed radiographically in feline patient.
Assess response to antibiotic therapy in 2 weeks.,Skin Irritations,Clinical Notes,Assess response to antibiotic therapy in 2 weeks.
"Record cytology findings (yeast, bacteria types, inflammatory cells).",Ear Infections,Clinical Notes,"Record cytology findings (yeast, bacteria types, inflammatory cells)."
"Constipated feline; administer Miralax/lactulose and recommend increasing water intake (wet food, fountain).",Digestive Issues,Clinical Notes,"Constipated feline; administer Miralax/lactulose and recommend increasing water intake (wet food, fountain)."
Positive Ortolani sign confirms hip laxity in juvenile patient.,Mobility Problems,Clinical Notes,Positive Ortolani sign confirms hip laxity in juvenile patient.
Pruritus and erythema on belly; test for atopy.,Skin Irritations,Clinical Notes,Pruritus and erythema on belly; test for atopy.
"Provide supportive care (iron supplementation, blood transfusion if necessary) for severe parasite-induced anemia.",Parasites,Clinical Notes,"Provide supportive care (iron supplementation, blood transfusion if necessary) for severe parasite-induced anemia."
Fecal examination positive for Cystoisospora spp. oocysts (Coccidia).,Parasites,Clinical Notes,Fecal examination positive for Cystoisospora spp. oocysts (Coccidia).
Canine 4Dx Plus SNAP test positive for Anaplasma phagocytophilum antibodies.,Parasites,Clinical Notes,Canine 4Dx Plus SNAP test positive for Anaplasma phagocytophilum antibodies.
Localized demodicosis in young dog often resolves without treatment; monitor.,Parasites,Clinical Notes,Localized demodicosis in young dog often resolves without treatment; monitor.
Perform skin biopsy if mites suspected but scrapes are negative.,Parasites,Clinical Notes,Perform skin biopsy if mites suspected but scrapes are negative.
"Prescribe broad-spectrum dewormer (e.g., fenbendazole, pyrantel/praziquantel combo) based on fecal results.",Parasites,Clinical Notes,"Prescribe broad-spectrum dewormer (e.g., fenbendazole, pyrantel/praziquantel combo) based on fecal results."
Rectal stricture identified on digital exam.,Digestive Issues,Clinical Notes,Rectal stricture identified on digital exam.
Constipation noted; administer enema and start lactulose.,Digestive Issues,Clinical Notes,Constipation noted; administer enema and start lactulose.
"Supportive care (fluids, nutritional support) for severely debilitated animals.",Parasites,Clinical Notes,"Supportive care (fluids, nutritional support) for severely debilitated animals."
Cervical spondylomyelopathy (Wobbler syndrome) suspected; MRI needed for definitive diagnosis and surgical planning.,Mobility Problems,Clinical Notes,Cervical spondylomyelopathy (Wobbler syndrome) suspected; MRI needed for definitive diagnosis and surgical planning.
"Mild weight-bearing lameness RF (Grade 2/5), worse after rest.",Mobility Problems,Clinical Notes,"Mild weight-bearing lameness RF (Grade 2/5), worse after rest."
Cheyletiella mites ('walking dandruff') identified on surface tape prep.,Skin Irritations,Clinical Notes,Cheyletiella mites ('walking dandruff') identified on surface tape prep.
Trial of amantadine added to NSAID/gabapentin for refractory OA pain (NMDA receptor antagonist).,Mobility Problems,Clinical Notes,Trial of amantadine added to NSAID/gabapentin for refractory OA pain (NMDA receptor antagonist).
Administer Capstar (nitenpyram) for rapid flea kill.,Parasites,Clinical Notes,Administer Capstar (nitenpyram) for rapid flea kill.
Check FeLV/FIV status in cats with demodicosis.,Parasites,Clinical Notes,Check FeLV/FIV status in cats with demodicosis.
Continue treatment for 7 days past clinical resolution.,Ear Infections,Clinical Notes,Continue treatment for 7 days past clinical resolution.
Proglottids consistent with Dipylidium caninum identified on perineal fur. Recommend concurrent flea treatment.,Parasites,Clinical Notes,Proglottids consistent with Dipylidium caninum identified on perineal fur. Recommend concurrent flea treatment.
Discuss Adequan (polysulfated glycosaminoglycan) injections for OA management.,Mobility Problems,Clinical Notes,Discuss Adequan (polysulfated glycosaminoglycan) injections for OA management.
Recheck scheduled in 2-3 weeks to assess response to therapy.,Skin Irritations,Clinical Notes,Recheck scheduled in 2-3 weeks to assess response to therapy.
Administer gabapentin or amantadine for neuropathic pain/chronic OA pain.,Mobility Problems,Clinical Notes,Administer gabapentin or amantadine for neuropathic pain/chronic OA pain.
Schedule follow-up appointment or phone call.,Digestive Issues,Clinical Notes,Schedule follow-up appointment or phone call.
Rule out parasites as a cause of chronic GI or skin condition.,Parasites,Clinical Notes,Rule out parasites as a cause of chronic GI or skin condition.
Administer praziquantel for tapeworm treatment.,Parasites,Clinical Notes,Administer praziquantel for tapeworm treatment.
Allergic shiners (darkening around eyes) noted in atopic dog.,Skin Irritations,Clinical Notes,Allergic shiners (darkening around eyes) noted in atopic dog.
"Systemic antifungals (e.g., ketoconazole, itraconazole) may be needed for resistant Malassezia.",Ear Infections,Clinical Notes,"Systemic antifungals (e.g., ketoconazole, itraconazole) may be needed for resistant Malassezia."
"Treat ear mites with topical acaricide (e.g., selamectin, moxidectin). Clean ears prior to treatment.",Parasites,Clinical Notes,"Treat ear mites with topical acaricide (e.g., selamectin, moxidectin). Clean ears prior to treatment."
Suspect supraspinatus tendinopathy; diagnostic musculoskeletal ultrasound recommended.,Mobility Problems,Clinical Notes,Suspect supraspinatus tendinopathy; diagnostic musculoskeletal ultrasound recommended.
Culture results: Pseudomonas aeruginosa resistant to multiple antibiotics; consult sensitivity report.,Skin Irritations,Clinical Notes,Culture results: Pseudomonas aeruginosa resistant to multiple antibiotics; consult sensitivity report.
Vasculitis causing ear tip necrosis; investigate underlying cause.,Skin Irritations,Clinical Notes,Vasculitis causing ear tip necrosis; investigate underlying cause.
Schedule recheck based on severity and treatment plan.,Ear Infections,Clinical Notes,Schedule recheck based on severity and treatment plan.
Post-operative care instructions provided for aural hematoma repair.,Ear Infections,Clinical Notes,Post-operative care instructions provided for aural hematoma repair.
Eosinophilic plaque identified on feline abdomen; consider allergy vs. parasitic cause. Cytology performed.,Skin Irritations,Clinical Notes,Eosinophilic plaque identified on feline abdomen; consider allergy vs. parasitic cause. Cytology performed.
Vertical ear canal ablation (VECA) performed.,Ear Infections,Clinical Notes,Vertical ear canal ablation (VECA) performed.
Perform ACTH stimulation test to rule out Addison's.,Digestive Issues,Clinical Notes,Perform ACTH stimulation test to rule out Addison's.
"Wet tail (proliferative ileitis) in hamster; guarded prognosis. Initiate supportive care (fluids, antibiotics, heat).",Digestive Issues,Clinical Notes,"Wet tail (proliferative ileitis) in hamster; guarded prognosis. Initiate supportive care (fluids, antibiotics, heat)."
Seborrheic patches on belly; antifungal treatment started.,Skin Irritations,Clinical Notes,Seborrheic patches on belly; antifungal treatment started.
Lameness with pain; rule out bone tumor.,Mobility Problems,Clinical Notes,Lameness with pain; rule out bone tumor.
Acetate tape preparation reveals Cheyletiella spp. mites ('walking dandruff').,Parasites,Clinical Notes,Acetate tape preparation reveals Cheyletiella spp. mites ('walking dandruff').
"If FAD suspected, ensure effective flea control product is being used correctly.",Skin Irritations,Clinical Notes,"If FAD suspected, ensure effective flea control product is being used correctly."
Nasopharyngeal polyp visualized extending into external ear canal in young cat.,Ear Infections,Clinical Notes,Nasopharyngeal polyp visualized extending into external ear canal in young cat.
Lichenification and hyperpigmentation in axillary regions; chronic allergic skin condition likely.,Skin Irritations,Clinical Notes,Lichenification and hyperpigmentation in axillary regions; chronic allergic skin condition likely.
Ear infection with swelling; start combo drops.,Ear Infections,Clinical Notes,Ear infection with swelling; start combo drops.
"Hygroma noted on elbow; advise padded bedding, monitor for infection.",Skin Irritations,Clinical Notes,"Hygroma noted on elbow; advise padded bedding, monitor for infection."
"Document degree of stenosis, erythema, ulceration, and nature of discharge.",Ear Infections,Clinical Notes,"Document degree of stenosis, erythema, ulceration, and nature of discharge."
"Superficial pyoderma characterized by papules, pustules, and epidermal collarettes on ventral abdomen.",Skin Irritations,Clinical Notes,"Superficial pyoderma characterized by papules, pustules, and epidermal collarettes on ventral abdomen."
Fecal transplant considered for refractory Clostridium difficile.,Digestive Issues,Clinical Notes,Fecal transplant considered for refractory Clostridium difficile.
"Discuss underlying causes (allergies, conformation, moisture) and long-term management.",Ear Infections,Clinical Notes,"Discuss underlying causes (allergies, conformation, moisture) and long-term management."
"E. cuniculi suspected in rabbit with head tilt, ataxia, or hind limb paresis; treat with fenbendazole.",Mobility Problems,Clinical Notes,"E. cuniculi suspected in rabbit with head tilt, ataxia, or hind limb paresis; treat with fenbendazole."
Consider trial of pro-motility agent (metoclopramide or cisapride) for suspected gastric hypomotility.,Digestive Issues,Clinical Notes,Consider trial of pro-motility agent (metoclopramide or cisapride) for suspected gastric hypomotility.
Schedule recheck appointment in 1-2 weeks to assess initial response to pain medication.,Mobility Problems,Clinical Notes,Schedule recheck appointment in 1-2 weeks to assess initial response to pain medication.
Immune-mediated polyarthritis suspected based on multiple joint effusions and fever.,Mobility Problems,Clinical Notes,Immune-mediated polyarthritis suspected based on multiple joint effusions and fever.
Recommend weight loss program; current BCS 7/9. Target BCS 5/9.,Mobility Problems,Clinical Notes,Recommend weight loss program; current BCS 7/9. Target BCS 5/9.
Check for concurrent infections in immunocompromised animals.,Parasites,Clinical Notes,Check for concurrent infections in immunocompromised animals.
"Supportive care for pancreatitis: IV fluids, pain management (buprenorphine), anti-emetics, NPO initially.",Digestive Issues,Clinical Notes,"Supportive care for pancreatitis: IV fluids, pain management (buprenorphine), anti-emetics, NPO initially."
"Rule out systemic illness (e.g., fever, infection, metabolic condition) causing generalized weakness or lethargy.",Mobility Problems,Clinical Notes,"Rule out systemic illness (e.g., fever, infection, metabolic condition) causing generalized weakness or lethargy."
Video demonstration of ear cleaning provided to owner.,Ear Infections,Clinical Notes,Video demonstration of ear cleaning provided to owner.
Discuss risk of parasite exchange between different pet species in the household.,Parasites,Clinical Notes,Discuss risk of parasite exchange between different pet species in the household.
Provide estimate for diagnostic workup and treatment.,Skin Irritations,Clinical Notes,Provide estimate for diagnostic workup and treatment.
Pruritic lesions on tail; anti-itch spray prescribed.,Skin Irritations,Clinical Notes,Pruritic lesions on tail; anti-itch spray prescribed.
Radiographs show colon filled with large amount of inspissated feces; consistent with megacolon.,Digestive Issues,Clinical Notes,Radiographs show colon filled with large amount of inspissated feces; consistent with megacolon.
Assess panniculus reflex and deep pain sensation to localize spinal cord lesion.,Mobility Problems,Clinical Notes,Assess panniculus reflex and deep pain sensation to localize spinal cord lesion.
Recheck appointment scheduled to monitor progress.,Skin Irritations,Clinical Notes,Recheck appointment scheduled to monitor progress.
Ensure prescribed volume of medication is sufficient to coat the entire ear canal.,Ear Infections,Clinical Notes,Ensure prescribed volume of medication is sufficient to coat the entire ear canal.
Thoracic radiographs taken to screen for metastasis prior to amputation.,Mobility Problems,Clinical Notes,Thoracic radiographs taken to screen for metastasis prior to amputation.
"Discuss zoonotic potential of Salmonella, Campylobacter, Giardia, Toxocara.",Digestive Issues,Clinical Notes,"Discuss zoonotic potential of Salmonella, Campylobacter, Giardia, Toxocara."
Avascular necrosis of the femoral head (LCPD) confirmed radiographically. FHO surgery recommended.,Mobility Problems,Clinical Notes,Avascular necrosis of the femoral head (LCPD) confirmed radiographically. FHO surgery recommended.
"Multiple alopecic, scaling patches present; Wood's lamp negative, fungal culture pending for dermatophytosis.",Skin Irritations,Clinical Notes,"Multiple alopecic, scaling patches present; Wood's lamp negative, fungal culture pending for dermatophytosis."
"Perianal pruritus and erythema; anal sacs expressed (moderate amount, normal consistency), check for tapeworms/allergies.",Skin Irritations,Clinical Notes,"Perianal pruritus and erythema; anal sacs expressed (moderate amount, normal consistency), check for tapeworms/allergies."
"Fecal flotation positive for Trichuris vulpis eggs (+). Requires specific deworming protocol (e.g., fenbendazole x 3 days, repeat).",Parasites,Clinical Notes,"Fecal flotation positive for Trichuris vulpis eggs (+). Requires specific deworming protocol (e.g., fenbendazole x 3 days, repeat)."
Blood in stool; rule out ulceration.,Digestive Issues,Clinical Notes,Blood in stool; rule out ulceration.
Erythema and scaling on paws; soak and medicate.,Skin Irritations,Clinical Notes,Erythema and scaling on paws; soak and medicate.
Azotemia present (elevated BUN/Creatinine); differentiate pre-renal vs. renal vs. post-renal causes. Urinalysis needed.,Digestive Issues,Clinical Notes,Azotemia present (elevated BUN/Creatinine); differentiate pre-renal vs. renal vs. post-renal causes. Urinalysis needed.
Abdominal palpation reveals mild discomfort; no obvious foreign body palpated.,Digestive Issues,Clinical Notes,Abdominal palpation reveals mild discomfort; no obvious foreign body palpated.
Feline psychogenic alopecia suspected; rule out medical causes of pruritus first.,Skin Irritations,Clinical Notes,Feline psychogenic alopecia suspected; rule out medical causes of pruritus first.
Alopecia and redness on tail; rule out psychogenic causes.,Skin Irritations,Clinical Notes,Alopecia and redness on tail; rule out psychogenic causes.
Provide client education handout on managing allergic dermatitis.,Skin Irritations,Clinical Notes,Provide client education handout on managing allergic dermatitis.
Initiate course of Adequan (PSGAG) injections.,Mobility Problems,Clinical Notes,Initiate course of Adequan (PSGAG) injections.
Recheck skin scrapes monthly during Demodex treatment until two consecutive negative scrapes.,Parasites,Clinical Notes,Recheck skin scrapes monthly during Demodex treatment until two consecutive negative scrapes.
Biopsy of mass in ear canal submitted for histopathology.,Ear Infections,Clinical Notes,Biopsy of mass in ear canal submitted for histopathology.
"Heartworm treatment protocol initiated (doxycycline, preventative, melarsomine injections).",Parasites,Clinical Notes,"Heartworm treatment protocol initiated (doxycycline, preventative, melarsomine injections)."
Recommend omega-3 fatty acid supplementation to support skin barrier.,Skin Irritations,Clinical Notes,Recommend omega-3 fatty acid supplementation to support skin barrier.
"Severe ulcerative pododermatitis (bumblefoot) in guinea pig; debride, bandage, systemic antibiotics, improve husbandry.",Mobility Problems,Clinical Notes,"Severe ulcerative pododermatitis (bumblefoot) in guinea pig; debride, bandage, systemic antibiotics, improve husbandry."
Cytology of ear discharge reveals budding yeast (Malassezia).,Skin Irritations,Clinical Notes,Cytology of ear discharge reveals budding yeast (Malassezia).
Infraspinatus contracture noted.,Mobility Problems,Clinical Notes,Infraspinatus contracture noted.
Modify multimodal pain plan based on patient response and owner feedback.,Mobility Problems,Clinical Notes,Modify multimodal pain plan based on patient response and owner feedback.
Re-examine tympanic membrane after initial treatment and cleaning to assess integrity.,Ear Infections,Clinical Notes,Re-examine tympanic membrane after initial treatment and cleaning to assess integrity.
Purulent exudate present in vertical canal (AD - right ear); sample collected for culture and sensitivity.,Ear Infections,Clinical Notes,Purulent exudate present in vertical canal (AD - right ear); sample collected for culture and sensitivity.
Robert Jones bandage applied for temporary stabilization of tibial fracture.,Mobility Problems,Clinical Notes,Robert Jones bandage applied for temporary stabilization of tibial fracture.
"Recommend environmental flea treatment (vacuuming, washing bedding, premise spray).",Parasites,Clinical Notes,"Recommend environmental flea treatment (vacuuming, washing bedding, premise spray)."
Fecal microbiota transplantation (FMT) discussed as option for refractory chronic diarrhea.,Digestive Issues,Clinical Notes,Fecal microbiota transplantation (FMT) discussed as option for refractory chronic diarrhea.
Referral to internal medicine specialist recommended for complex chronic enteropathy.,Digestive Issues,Clinical Notes,Referral to internal medicine specialist recommended for complex chronic enteropathy.
Prescribe metronidazole for suspected bacterial overgrowth/colitis.,Digestive Issues,Clinical Notes,Prescribe metronidazole for suspected bacterial overgrowth/colitis.
Hind limb lameness; check for meniscal injury.,Mobility Problems,Clinical Notes,Hind limb lameness; check for meniscal injury.
Rule out stress colitis as contributing factor.,Digestive Issues,Clinical Notes,Rule out stress colitis as contributing factor.
Consider laser therapy to reduce inflammation.,Ear Infections,Clinical Notes,Consider laser therapy to reduce inflammation.
Performed deep ear flush under sedation. Removed large amount of debris.,Ear Infections,Clinical Notes,Performed deep ear flush under sedation. Removed large amount of debris.
Perform follow-up cytology at recheck to confirm resolution of infection.,Ear Infections,Clinical Notes,Perform follow-up cytology at recheck to confirm resolution of infection.
Baseline cortisol low; ACTH stimulation test confirms Addison's condition. Initiate DOCP and prednisone.,Digestive Issues,Clinical Notes,Baseline cortisol low; ACTH stimulation test confirms Addison's condition. Initiate DOCP and prednisone.
"History of potential toxin exposure (e.g., antifreeze, rodenticide, human medications). Advise immediate evaluation.",Digestive Issues,Clinical Notes,"History of potential toxin exposure (e.g., antifreeze, rodenticide, human medications). Advise immediate evaluation."
Tick panel (4Dx) positive for Borrelia burgdorferi (Lyme) antibodies. Clinical signs consistent with Lyme nephritis/arthritis.,Mobility Problems,Clinical Notes,Tick panel (4Dx) positive for Borrelia burgdorferi (Lyme) antibodies. Clinical signs consistent with Lyme nephritis/arthritis.
Serum folate and cobalamin levels submitted to assess small intestinal absorptive function.,Digestive Issues,Clinical Notes,Serum folate and cobalamin levels submitted to assess small intestinal absorptive function.
"Rule out autoimmune condition (e.g., pemphigus) causing pinnal lesions.",Ear Infections,Clinical Notes,"Rule out autoimmune condition (e.g., pemphigus) causing pinnal lesions."
"Differentials for head shaking: Otitis (externa, media), foreign body, polyp, mites, allergy, neurological condition.",Ear Infections,Clinical Notes,"Differentials for head shaking: Otitis (externa, media), foreign body, polyp, mites, allergy, neurological condition."
"Cytology AS (left ear): Yeast (Malassezia) ++++, Cocci ++, Rods 0. Neutrophils ++.",Ear Infections,Clinical Notes,"Cytology AS (left ear): Yeast (Malassezia) ++++, Cocci ++, Rods 0. Neutrophils ++."
Provide owner with feeding tube care instructions.,Digestive Issues,Clinical Notes,Provide owner with feeding tube care instructions.
"Acute moist dermatitis (hot spot) on left hip; clip, clean, apply topical steroid/antibiotic.",Skin Irritations,Clinical Notes,"Acute moist dermatitis (hot spot) on left hip; clip, clean, apply topical steroid/antibiotic."
Clip hair around lesions to facilitate topical treatment.,Skin Irritations,Clinical Notes,Clip hair around lesions to facilitate topical treatment.
Characteristic gait abnormality and muscle atrophy consistent with infraspinatus contracture.,Mobility Problems,Clinical Notes,Characteristic gait abnormality and muscle atrophy consistent with infraspinatus contracture.
Confirm owner compliance with preventative medications.,Parasites,Clinical Notes,Confirm owner compliance with preventative medications.
Mild enterocolitis; probiotics and fluids advised.,Digestive Issues,Clinical Notes,Mild enterocolitis; probiotics and fluids advised.
"Severe, symmetrical epaxial and gluteal muscle atrophy noted.",Mobility Problems,Clinical Notes,"Severe, symmetrical epaxial and gluteal muscle atrophy noted."
Disc herniation; prescribe strict rest and steroids.,Mobility Problems,Clinical Notes,Disc herniation; prescribe strict rest and steroids.
Food allergy trial initiated with novel protein diet.,Skin Irritations,Clinical Notes,Food allergy trial initiated with novel protein diet.
Crusting lesions on flanks; antifungal cream advised.,Skin Irritations,Clinical Notes,Crusting lesions on flanks; antifungal cream advised.
Educate owner on signs of worsening neurological function.,Mobility Problems,Clinical Notes,Educate owner on signs of worsening neurological function.
Post-clipping alopecia noted on flank; advise owner regrowth may be slow or incomplete.,Skin Irritations,Clinical Notes,Post-clipping alopecia noted on flank; advise owner regrowth may be slow or incomplete.
"Differentials include bacterial folliculitis, demodicosis, dermatophytosis.",Skin Irritations,Clinical Notes,"Differentials include bacterial folliculitis, demodicosis, dermatophytosis."
"Consider autoimmune skin conditions (lupus, pemphigus variants) in differential list.",Skin Irritations,Clinical Notes,"Consider autoimmune skin conditions (lupus, pemphigus variants) in differential list."
Suspect Aelurostrongylus abstrusus (feline lungworm) based on respiratory signs. Baermann fecal analysis confirms L1 larvae.,Parasites,Clinical Notes,Suspect Aelurostrongylus abstrusus (feline lungworm) based on respiratory signs. Baermann fecal analysis confirms L1 larvae.
Administer anti-emetic (maropitant injection) and recommend hospitalization for IV fluids and further diagnostics/surgery.,Digestive Issues,Clinical Notes,Administer anti-emetic (maropitant injection) and recommend hospitalization for IV fluids and further diagnostics/surgery.
Recommend ear drying solution after swimming or bathing for predisposed dogs.,Ear Infections,Clinical Notes,Recommend ear drying solution after swimming or bathing for predisposed dogs.
Perform MDR1 genetic testing before using ivermectin/moxidectin in potentially sensitive breeds.,Parasites,Clinical Notes,Perform MDR1 genetic testing before using ivermectin/moxidectin in potentially sensitive breeds.
Bile acids test recommended to assess liver function.,Digestive Issues,Clinical Notes,Bile acids test recommended to assess liver function.
Flea infestation; start lotilaner chewables.,Parasites,Clinical Notes,Flea infestation; start lotilaner chewables.
Chronic dermatitis on neck; consider immunotherapy.,Skin Irritations,Clinical Notes,Chronic dermatitis on neck; consider immunotherapy.
"Orthopedic exam components: observation, palpation of bones/joints/muscles, range of motion, instability tests (drawer, Ortolani).",Mobility Problems,Clinical Notes,"Orthopedic exam components: observation, palpation of bones/joints/muscles, range of motion, instability tests (drawer, Ortolani)."
Nodular dermatofibrosis; check for renal cystadenocarcinoma.,Skin Irritations,Clinical Notes,Nodular dermatofibrosis; check for renal cystadenocarcinoma.
Recommend strict adherence to hypoallergenic diet trial for minimum 8 weeks.,Ear Infections,Clinical Notes,Recommend strict adherence to hypoallergenic diet trial for minimum 8 weeks.
Nasal hyperkeratosis noted; advise emollients/keratolytic agents.,Skin Irritations,Clinical Notes,Nasal hyperkeratosis noted; advise emollients/keratolytic agents.
"Localized demodicosis in puppy typically resolves spontaneously; monitor closely, treat if lesions spread.",Parasites,Clinical Notes,"Localized demodicosis in puppy typically resolves spontaneously; monitor closely, treat if lesions spread."
Flea allergy dermatitis (FAD) diagnosed; requires strict flea control and symptomatic treatment for pruritus.,Parasites,Clinical Notes,Flea allergy dermatitis (FAD) diagnosed; requires strict flea control and symptomatic treatment for pruritus.
Document degree of lameness and affected limb(s).,Mobility Problems,Clinical Notes,Document degree of lameness and affected limb(s).
Strict cage rest prescribed for suspected acute IVDD episode.,Mobility Problems,Clinical Notes,Strict cage rest prescribed for suspected acute IVDD episode.
Adequate sedation/anesthesia often required for safe and thorough otic examination/procedures.,Ear Infections,Clinical Notes,Adequate sedation/anesthesia often required for safe and thorough otic examination/procedures.
Post-inflammatory hyperpigmentation present in previously inflamed areas.,Skin Irritations,Clinical Notes,Post-inflammatory hyperpigmentation present in previously inflamed areas.
"Pododermatitis in guinea pig; assess husbandry (substrate, cleanliness), rule out infection/scurvy.",Skin Irritations,Clinical Notes,"Pododermatitis in guinea pig; assess husbandry (substrate, cleanliness), rule out infection/scurvy."
Dog has a Malassezia (yeast) overgrowth causing otitis.,Ear Infections,Clinical Notes,Dog has a Malassezia (yeast) overgrowth causing otitis.
Chronic otitis externa; test for atopy.,Ear Infections,Clinical Notes,Chronic otitis externa; test for atopy.
"Hemorrhagic gastroenteritis (HGE): PCV 68%, TP 7.5 g/dL, raspberry jam stool. Aggressive IV fluid resuscitation required.",Digestive Issues,Clinical Notes,"Hemorrhagic gastroenteritis (HGE): PCV 68%, TP 7.5 g/dL, raspberry jam stool. Aggressive IV fluid resuscitation required."
Dental condition noted; may contribute to anorexia or dysphagia.,Digestive Issues,Clinical Notes,Dental condition noted; may contribute to anorexia or dysphagia.
Elevated Creatine Kinase (CK) levels suggest muscle damage; consider polymyositis/dermatomyositis.,Mobility Problems,Clinical Notes,Elevated Creatine Kinase (CK) levels suggest muscle damage; consider polymyositis/dermatomyositis.
Impression smear from pustule reveals neutrophils and intracellular cocci; bacterial pyoderma confirmed.,Skin Irritations,Clinical Notes,Impression smear from pustule reveals neutrophils and intracellular cocci; bacterial pyoderma confirmed.
Radiographs show L7-S1 spondylosis and mild narrowing of neural foramen.,Mobility Problems,Clinical Notes,Radiographs show L7-S1 spondylosis and mild narrowing of neural foramen.
Clip hair around affected areas to improve topical medication contact.,Skin Irritations,Clinical Notes,Clip hair around affected areas to improve topical medication contact.
Inflammatory polyp visualized protruding from middle ear through tympanum.,Ear Infections,Clinical Notes,Inflammatory polyp visualized protruding from middle ear through tympanum.
Use appropriate restraint/sedation for thorough otoscopic examination.,Ear Infections,Clinical Notes,Use appropriate restraint/sedation for thorough otoscopic examination.
Lameness with ataxia; test for spinal lesion.,Mobility Problems,Clinical Notes,Lameness with ataxia; test for spinal lesion.
Osteochondritis dissecans (OCD) lesion noted on shoulder radiograph.,Mobility Problems,Clinical Notes,Osteochondritis dissecans (OCD) lesion noted on shoulder radiograph.
Lesions consistent with mosquito bite hypersensitivity.,Skin Irritations,Clinical Notes,Lesions consistent with mosquito bite hypersensitivity.
Gut dysbiosis likely; recommend synbiotic (probiotic + prebiotic).,Digestive Issues,Clinical Notes,Gut dysbiosis likely; recommend synbiotic (probiotic + prebiotic).
Soft tissue swelling noted around joint; rule out sprain/strain vs. septic arthritis.,Mobility Problems,Clinical Notes,Soft tissue swelling noted around joint; rule out sprain/strain vs. septic arthritis.
Evaluate patient's diet and discuss potential nutritional deficiencies.,Skin Irritations,Clinical Notes,Evaluate patient's diet and discuss potential nutritional deficiencies.
Discuss quality of life assessment and end-of-life decision making if pain becomes unmanageable.,Mobility Problems,Clinical Notes,Discuss quality of life assessment and end-of-life decision making if pain becomes unmanageable.
Advise gradual diet transition over 7-10 days to prevent GI upset.,Digestive Issues,Clinical Notes,Advise gradual diet transition over 7-10 days to prevent GI upset.
Yeast otitis with odor; clean and apply clotrimazole.,Ear Infections,Clinical Notes,Yeast otitis with odor; clean and apply clotrimazole.
Severe dental tartar and gingivitis noted; may contribute to hyporexia or dysphagia.,Digestive Issues,Clinical Notes,Severe dental tartar and gingivitis noted; may contribute to hyporexia or dysphagia.
Re-evaluate tympanic membrane integrity after cleaning.,Ear Infections,Clinical Notes,Re-evaluate tympanic membrane integrity after cleaning.
Initiate topical therapy with chlorhexidine wipes.,Skin Irritations,Clinical Notes,Initiate topical therapy with chlorhexidine wipes.
"Confirm pet's lifestyle (indoor/outdoor, travel history) to assess parasite risk.",Parasites,Clinical Notes,"Confirm pet's lifestyle (indoor/outdoor, travel history) to assess parasite risk."
Consider parasite resistance if treatment fails; switch drug class.,Parasites,Clinical Notes,Consider parasite resistance if treatment fails; switch drug class.
Provide estimate for diagnostics and treatment options.,Mobility Problems,Clinical Notes,Provide estimate for diagnostics and treatment options.
Use Tris-EDTA containing ear flush for Pseudomonas infections.,Ear Infections,Clinical Notes,Use Tris-EDTA containing ear flush for Pseudomonas infections.
Fecal flotation positive for Ancylostoma tubaeforme eggs (++).,Parasites,Clinical Notes,Fecal flotation positive for Ancylostoma tubaeforme eggs (++).
Grade III/IV medial patellar luxation palpated in right stifle.,Mobility Problems,Clinical Notes,Grade III/IV medial patellar luxation palpated in right stifle.
Alopecia and crusting on legs; biopsy suggested.,Skin Irritations,Clinical Notes,Alopecia and crusting on legs; biopsy suggested.
Advise strict hygiene when handling pets with zoonotic parasites.,Parasites,Clinical Notes,Advise strict hygiene when handling pets with zoonotic parasites.
"Advise NPO for 12-24 hours, then slowly reintroduce water and bland food.",Digestive Issues,Clinical Notes,"Advise NPO for 12-24 hours, then slowly reintroduce water and bland food."
Provided detailed post-operative care instructions following TECA-BO surgery.,Ear Infections,Clinical Notes,Provided detailed post-operative care instructions following TECA-BO surgery.
"Ortolani sign positive, indicating hip laxity.",Mobility Problems,Clinical Notes,"Ortolani sign positive, indicating hip laxity."
Administer Cytopoint (lokivetmab) injection for canine atopic dermatitis.,Skin Irritations,Clinical Notes,Administer Cytopoint (lokivetmab) injection for canine atopic dermatitis.
Perineal hernia contributing to constipation.,Digestive Issues,Clinical Notes,Perineal hernia contributing to constipation.
Discuss prognosis for chronic ear condition.,Ear Infections,Clinical Notes,Discuss prognosis for chronic ear condition.
Radiographs show osteophyte formation and joint space narrowing consistent with DJD in elbows.,Mobility Problems,Clinical Notes,Radiographs show osteophyte formation and joint space narrowing consistent with DJD in elbows.
Radiographs show segmental dilation of small intestine with plication; high suspicion for linear foreign body.,Digestive Issues,Clinical Notes,Radiographs show segmental dilation of small intestine with plication; high suspicion for linear foreign body.
Repeat fecal examination post-treatment to confirm parasite eradication.,Digestive Issues,Clinical Notes,Repeat fecal examination post-treatment to confirm parasite eradication.
Ultrasound-guided fine needle aspirate of bone lesion performed; cytology pending.,Mobility Problems,Clinical Notes,Ultrasound-guided fine needle aspirate of bone lesion performed; cytology pending.
"Prescribe isoxazoline (e.g., Bravecto, Nexgard, Simparica, Credelio) for flea/tick control.",Parasites,Clinical Notes,"Prescribe isoxazoline (e.g., Bravecto, Nexgard, Simparica, Credelio) for flea/tick control."
Differential diagnoses for head tilt include peripheral vestibular condition (ear-related) vs. central vestibular condition.,Ear Infections,Clinical Notes,Differential diagnoses for head tilt include peripheral vestibular condition (ear-related) vs. central vestibular condition.
Hookworm eggs in stool; prescribe fenbendazole.,Parasites,Clinical Notes,Hookworm eggs in stool; prescribe fenbendazole.
Recheck appointment scheduled in 10-14 days to assess response to treatment.,Ear Infections,Clinical Notes,Recheck appointment scheduled in 10-14 days to assess response to treatment.
"Differential diagnoses for head shaking include foreign body, mites, infection, polyp, allergy.",Ear Infections,Clinical Notes,"Differential diagnoses for head shaking include foreign body, mites, infection, polyp, allergy."
"Systematic orthopedic examination performed, isolating pain/instability to specific joint/bone.",Mobility Problems,Clinical Notes,"Systematic orthopedic examination performed, isolating pain/instability to specific joint/bone."
Demonstrate ear cleaning technique to owner.,Ear Infections,Clinical Notes,Demonstrate ear cleaning technique to owner.
Cleaned ears thoroughly with ceruminolytic agent; owner instructed on home cleaning.,Ear Infections,Clinical Notes,Cleaned ears thoroughly with ceruminolytic agent; owner instructed on home cleaning.
Foreign body identified on radiograph; proceed to surgery.,Digestive Issues,Clinical Notes,Foreign body identified on radiograph; proceed to surgery.
"Pattern baldness (e.g., pinnal, ventral) noted; likely cosmetic.",Skin Irritations,Clinical Notes,"Pattern baldness (e.g., pinnal, ventral) noted; likely cosmetic."
"Assess hydration: CRT <2s, moist MM, good skin turgor. Patient appears euhydrated.",Digestive Issues,Clinical Notes,"Assess hydration: CRT <2s, moist MM, good skin turgor. Patient appears euhydrated."
"Use moxidectin (Advantage Multi, ProHeart) for heartworm, fleas, roundworms, hookworms, whipworms, sarcoptic mange, ear mites (depending on formulation/species).",Parasites,Clinical Notes,"Use moxidectin (Advantage Multi, ProHeart) for heartworm, fleas, roundworms, hookworms, whipworms, sarcoptic mange, ear mites (depending on formulation/species)."
Gastric motility issue; prescribe prokinetics.,Digestive Issues,Clinical Notes,Gastric motility issue; prescribe prokinetics.
Alopecia and crusting on belly; test for yeast infection.,Skin Irritations,Clinical Notes,Alopecia and crusting on belly; test for yeast infection.
Fecal direct smear shows motile Giardia trophozoites. Zinc sulfate flotation confirms cysts.,Parasites,Clinical Notes,Fecal direct smear shows motile Giardia trophozoites. Zinc sulfate flotation confirms cysts.
"Skin fragility syndrome in older cat; handle gently, check for underlying conditions (hyperadrenocorticism, diabetes).",Skin Irritations,Clinical Notes,"Skin fragility syndrome in older cat; handle gently, check for underlying conditions (hyperadrenocorticism, diabetes)."
"Educate owner on parasite transmission routes (fecal-oral, vectors, transplacental, transmammary).",Parasites,Clinical Notes,"Educate owner on parasite transmission routes (fecal-oral, vectors, transplacental, transmammary)."
"Consider fecal PCR testing for diagnosing difficult parasites (e.g., Tritrichomonas).",Parasites,Clinical Notes,"Consider fecal PCR testing for diagnosing difficult parasites (e.g., Tritrichomonas)."
Provide written discharge instructions.,Ear Infections,Clinical Notes,Provide written discharge instructions.
Acute vomiting and diarrhea; suspect gastroenteritis.,Digestive Issues,Clinical Notes,Acute vomiting and diarrhea; suspect gastroenteritis.
Urticaria/angioedema likely due to insect sting/bite; administer diphenhydramine and dexamethasone.,Skin Irritations,Clinical Notes,Urticaria/angioedema likely due to insect sting/bite; administer diphenhydramine and dexamethasone.
Pain elicited on opening mouth fully; may indicate TMJ involvement or referred pain from otitis media.,Ear Infections,Clinical Notes,Pain elicited on opening mouth fully; may indicate TMJ involvement or referred pain from otitis media.
Juvenile cellulitis ('puppy strangles') diagnosed; initiate immunosuppressive steroid therapy.,Skin Irritations,Clinical Notes,Juvenile cellulitis ('puppy strangles') diagnosed; initiate immunosuppressive steroid therapy.
Arthrocentesis performed; joint fluid analysis pending.,Mobility Problems,Clinical Notes,Arthrocentesis performed; joint fluid analysis pending.
Suspect otitis media secondary to chronic otitis externa based on head tilt and pain.,Ear Infections,Clinical Notes,Suspect otitis media secondary to chronic otitis externa based on head tilt and pain.
"Recommend environmental modifications (ramps, non-slip flooring, raised feeders, orthopedic bed).",Mobility Problems,Clinical Notes,"Recommend environmental modifications (ramps, non-slip flooring, raised feeders, orthopedic bed)."
Advise strict confinement to prevent falls/injury in ataxic patients.,Ear Infections,Clinical Notes,Advise strict confinement to prevent falls/injury in ataxic patients.
Emphasize that many ear conditions require lifelong management rather than a cure.,Ear Infections,Clinical Notes,Emphasize that many ear conditions require lifelong management rather than a cure.
Fecal PCR for Tritrichomonas foetus recommended for refractory feline diarrhea.,Digestive Issues,Clinical Notes,Fecal PCR for Tritrichomonas foetus recommended for refractory feline diarrhea.
Unilateral otitis externa in older dog with mass obstructing canal. Biopsy confirms ceruminous gland adenocarcinoma.,Ear Infections,Clinical Notes,Unilateral otitis externa in older dog with mass obstructing canal. Biopsy confirms ceruminous gland adenocarcinoma.
Pain medication trial initiated to assess response.,Mobility Problems,Clinical Notes,Pain medication trial initiated to assess response.
"Video otoscopy performed for thorough cleaning, myringotomy, and middle ear flush/culture.",Ear Infections,Clinical Notes,"Video otoscopy performed for thorough cleaning, myringotomy, and middle ear flush/culture."
Lymphangiectasia suspected based on ultrasound and hypoalbuminemia.,Digestive Issues,Clinical Notes,Lymphangiectasia suspected based on ultrasound and hypoalbuminemia.
Skin biopsy submitted for histopathology to rule out neoplasia/immune-mediated condition.,Skin Irritations,Clinical Notes,Skin biopsy submitted for histopathology to rule out neoplasia/immune-mediated condition.
Bacterial ear infection; start oral antibiotics.,Ear Infections,Clinical Notes,Bacterial ear infection; start oral antibiotics.
Positive response to Tensilon (edrophonium chloride) injection supports diagnosis of myasthenia gravis.,Mobility Problems,Clinical Notes,Positive response to Tensilon (edrophonium chloride) injection supports diagnosis of myasthenia gravis.
Schedule follow-up appointment to monitor progress.,Mobility Problems,Clinical Notes,Schedule follow-up appointment to monitor progress.
"Stress importance of completing entire course of antibiotics/antifungals, even if ears look better.",Ear Infections,Clinical Notes,"Stress importance of completing entire course of antibiotics/antifungals, even if ears look better."
Fecal Giardia antigen test performed using SNAP or ELISA method.,Parasites,Clinical Notes,Fecal Giardia antigen test performed using SNAP or ELISA method.
"Recommend highly digestible therapeutic diet (e.g., Hill's i/d, Royal Canin GI).",Digestive Issues,Clinical Notes,"Recommend highly digestible therapeutic diet (e.g., Hill's i/d, Royal Canin GI)."
"Provide detailed estimate covering costs of diagnostics (radiographs, bloodwork, MRI) and potential treatments (medications, surgery, rehab).",Mobility Problems,Clinical Notes,"Provide detailed estimate covering costs of diagnostics (radiographs, bloodwork, MRI) and potential treatments (medications, surgery, rehab)."
Teach owner passive range of motion (PROM) exercises and massage techniques.,Mobility Problems,Clinical Notes,Teach owner passive range of motion (PROM) exercises and massage techniques.
"Skin fragility syndrome noted in older cat; handle with care, check for hyperadrenocorticism.",Skin Irritations,Clinical Notes,"Skin fragility syndrome noted in older cat; handle with care, check for hyperadrenocorticism."
No evidence of ectoparasites on thorough examination.,Skin Irritations,Clinical Notes,No evidence of ectoparasites on thorough examination.
Cutaneous trunci reflex absent caudal to L1 dermatome.,Mobility Problems,Clinical Notes,Cutaneous trunci reflex absent caudal to L1 dermatome.
Palpable 'sausage-like' mass in mid-abdomen; ultrasound confirms intussusception. Surgical correction required.,Digestive Issues,Clinical Notes,Palpable 'sausage-like' mass in mid-abdomen; ultrasound confirms intussusception. Surgical correction required.
Recommend advanced imaging (CT scan) to evaluate extent of middle/inner ear involvement and rule out neoplasia.,Ear Infections,Clinical Notes,Recommend advanced imaging (CT scan) to evaluate extent of middle/inner ear involvement and rule out neoplasia.
Giardia antigen test positive; prescribe fenbendazole.,Digestive Issues,Clinical Notes,Giardia antigen test positive; prescribe fenbendazole.
Direct fecal smear performed to look for motile trophozoites (Giardia).,Parasites,Clinical Notes,Direct fecal smear performed to look for motile trophozoites (Giardia).
"Horner's syndrome (miosis, ptosis, enophthalmos) noted; likely due to middle ear pathology.",Ear Infections,Clinical Notes,"Horner's syndrome (miosis, ptosis, enophthalmos) noted; likely due to middle ear pathology."
"Hepatic encephalopathy suspected due to neurological signs (head pressing, disorientation) and liver dysfunction (elevated bile acids).",Digestive Issues,Clinical Notes,"Hepatic encephalopathy suspected due to neurological signs (head pressing, disorientation) and liver dysfunction (elevated bile acids)."
Plasma cell pododermatitis ('pillow foot') diagnosed in cat.,Skin Irritations,Clinical Notes,Plasma cell pododermatitis ('pillow foot') diagnosed in cat.
"Melena reported by owner; confirmed on rectal thermometer. Indicates upper GI bleeding. Start gastroprotectants (famotidine/omeprazole, sucralfate).",Digestive Issues,Clinical Notes,"Melena reported by owner; confirmed on rectal thermometer. Indicates upper GI bleeding. Start gastroprotectants (famotidine/omeprazole, sucralfate)."
Seborrhea oleosa diagnosed; recommend medicated shampoo with benzoyl peroxide.,Skin Irritations,Clinical Notes,Seborrhea oleosa diagnosed; recommend medicated shampoo with benzoyl peroxide.
Prescribe metronidazole for Giardia infection (off-label use).,Parasites,Clinical Notes,Prescribe metronidazole for Giardia infection (off-label use).
"Discuss potential side effects of medications (e.g., steroids, Apoquel).",Skin Irritations,Clinical Notes,"Discuss potential side effects of medications (e.g., steroids, Apoquel)."
"Discuss surgical options for CCL rupture (TPLO, TTA, lateral suture) vs. medical management.",Mobility Problems,Clinical Notes,"Discuss surgical options for CCL rupture (TPLO, TTA, lateral suture) vs. medical management."
"Radiographs show shallow acetabula, femoral head subluxation, and severe DJD consistent with chronic hip dysplasia.",Mobility Problems,Clinical Notes,"Radiographs show shallow acetabula, femoral head subluxation, and severe DJD consistent with chronic hip dysplasia."
Otitis externa frequently secondary to underlying primary cause.,Ear Infections,Clinical Notes,Otitis externa frequently secondary to underlying primary cause.
Recommend testing for tick-borne conditions 4-6 weeks after tick exposure.,Parasites,Clinical Notes,Recommend testing for tick-borne conditions 4-6 weeks after tick exposure.
Rule out trauma as cause of aural hematoma.,Ear Infections,Clinical Notes,Rule out trauma as cause of aural hematoma.
Excoriated sores on back; rule out bacterial infection.,Skin Irritations,Clinical Notes,Excoriated sores on back; rule out bacterial infection.
"Moderate regenerative anemia (PCV 25%, reticulocytes elevated) likely due to chronic hookworm infestation.",Parasites,Clinical Notes,"Moderate regenerative anemia (PCV 25%, reticulocytes elevated) likely due to chronic hookworm infestation."
Feline panleukopenia suspected in unvaccinated kitten with severe V/D.,Digestive Issues,Clinical Notes,Feline panleukopenia suspected in unvaccinated kitten with severe V/D.
Severe otitis externa in rabbit due to Psoroptes cuniculi. Treat with ivermectin or selamectin. Do not manually remove crusts initially.,Parasites,Clinical Notes,Severe otitis externa in rabbit due to Psoroptes cuniculi. Treat with ivermectin or selamectin. Do not manually remove crusts initially.
Gastritis with bile reflux; prescribe sucralfate.,Digestive Issues,Clinical Notes,Gastritis with bile reflux; prescribe sucralfate.
Wood's lamp examination negative for Microsporum canis fluorescence.,Skin Irritations,Clinical Notes,Wood's lamp examination negative for Microsporum canis fluorescence.
"Discuss potential risks of TECA surgery including facial nerve damage, Horner's syndrome, abscess formation.",Ear Infections,Clinical Notes,"Discuss potential risks of TECA surgery including facial nerve damage, Horner's syndrome, abscess formation."
Otodectes cynotis infestation causing secondary bacterial otitis.,Skin Irritations,Clinical Notes,Otodectes cynotis infestation causing secondary bacterial otitis.
Sarcoptic mange; prescribe oral ivermectin.,Parasites,Clinical Notes,Sarcoptic mange; prescribe oral ivermectin.
"Myiasis present in neglected wound; clean, debride, remove larvae.",Skin Irritations,Clinical Notes,"Myiasis present in neglected wound; clean, debride, remove larvae."
Referral for neurological consultation/advanced imaging (MRI/CT) recommended for suspected IVDD/spinal cord condition.,Mobility Problems,Clinical Notes,Referral for neurological consultation/advanced imaging (MRI/CT) recommended for suspected IVDD/spinal cord condition.
Crusting lesions on pinnal margins; suspect sarcoptic mange or vasculitis.,Skin Irritations,Clinical Notes,Crusting lesions on pinnal margins; suspect sarcoptic mange or vasculitis.
Discontinue any NSAIDs that could be causing GI upset.,Digestive Issues,Clinical Notes,Discontinue any NSAIDs that could be causing GI upset.
Coccidia confirmed; prescribe sulfa drugs.,Parasites,Clinical Notes,Coccidia confirmed; prescribe sulfa drugs.
Post-operative monitoring for ileus.,Digestive Issues,Clinical Notes,Post-operative monitoring for ileus.
Cruciate tear suspected; stabilize and refer.,Mobility Problems,Clinical Notes,Cruciate tear suspected; stabilize and refer.
"Differentials for vestibular signs: Peripheral (otitis interna, idiopathic vestibular condition) vs. Central (brainstem lesion).",Ear Infections,Clinical Notes,"Differentials for vestibular signs: Peripheral (otitis interna, idiopathic vestibular condition) vs. Central (brainstem lesion)."
Discuss humane euthanasia if quality of life is poor and pain is refractory.,Mobility Problems,Clinical Notes,Discuss humane euthanasia if quality of life is poor and pain is refractory.
Gastric irritation; start famotidine therapy.,Digestive Issues,Clinical Notes,Gastric irritation; start famotidine therapy.
Cranial drawer test equivocal; tibial compression test positive LH stifle. Probable CCL tear.,Mobility Problems,Clinical Notes,Cranial drawer test equivocal; tibial compression test positive LH stifle. Probable CCL tear.
Cuterebra larva removed from subcutaneous swelling.,Parasites,Clinical Notes,Cuterebra larva removed from subcutaneous swelling.
Pythiosis suspected based on GI thickening and regional lymphadenopathy.,Digestive Issues,Clinical Notes,Pythiosis suspected based on GI thickening and regional lymphadenopathy.
Diarrhea with mucus; test for giardia.,Digestive Issues,Clinical Notes,Diarrhea with mucus; test for giardia.
Prescribe ponazuril for Coccidia treatment.,Parasites,Clinical Notes,Prescribe ponazuril for Coccidia treatment.
"Prescribe systemic antibiotics (e.g., cephalexin, clindamycin) for deep pyoderma.",Skin Irritations,Clinical Notes,"Prescribe systemic antibiotics (e.g., cephalexin, clindamycin) for deep pyoderma."
Educate owner on recognizing early signs of skin infection.,Skin Irritations,Clinical Notes,Educate owner on recognizing early signs of skin infection.
"Prescribe systemic antibiotics (e.g., clindamycin, enrofloxacin) for suspected otitis media.",Ear Infections,Clinical Notes,"Prescribe systemic antibiotics (e.g., clindamycin, enrofloxacin) for suspected otitis media."
Calculate RER and adjust caloric intake to achieve/maintain ideal body weight.,Mobility Problems,Clinical Notes,Calculate RER and adjust caloric intake to achieve/maintain ideal body weight.
Generalized erythema and pruritus noted; suspect atopic dermatitis.,Skin Irritations,Clinical Notes,Generalized erythema and pruritus noted; suspect atopic dermatitis.
Administer tramadol for breakthrough pain.,Mobility Problems,Clinical Notes,Administer tramadol for breakthrough pain.
Rhipicephalus sanguineus tick removed. Discuss Ehrlichia/Babesia prevention.,Parasites,Clinical Notes,Rhipicephalus sanguineus tick removed. Discuss Ehrlichia/Babesia prevention.
Recommend Cytopoint injection for canine atopic dermatitis.,Skin Irritations,Clinical Notes,Recommend Cytopoint injection for canine atopic dermatitis.
Provide handout on heartworm condition.,Parasites,Clinical Notes,Provide handout on heartworm condition.
"Medical management of CCL tear includes weight loss, activity modification, NSAIDs, and physical therapy.",Mobility Problems,Clinical Notes,"Medical management of CCL tear includes weight loss, activity modification, NSAIDs, and physical therapy."
Otodectes cynotis (ear mites) identified on microscopic examination of debris.,Ear Infections,Clinical Notes,Otodectes cynotis (ear mites) identified on microscopic examination of debris.
Pain management crucial; prescribe NSAIDs or other analgesics.,Ear Infections,Clinical Notes,Pain management crucial; prescribe NSAIDs or other analgesics.
Monitor for systemic signs of illness with severe infections.,Ear Infections,Clinical Notes,Monitor for systemic signs of illness with severe infections.
Staging for suspected osteosarcoma: Thoracic radiographs (3 views) show no evidence of pulmonary metastasis.,Mobility Problems,Clinical Notes,Staging for suspected osteosarcoma: Thoracic radiographs (3 views) show no evidence of pulmonary metastasis.
Serum allergy testing (IgE) performed; results pending.,Skin Irritations,Clinical Notes,Serum allergy testing (IgE) performed; results pending.
"Monitor for development of secondary infections (bacterial, yeast).",Skin Irritations,Clinical Notes,"Monitor for development of secondary infections (bacterial, yeast)."
"Superficial skin scraping positive for Sarcoptes scabiei var. canis mites and eggs. Highly contagious, zoonotic potential.",Parasites,Clinical Notes,"Superficial skin scraping positive for Sarcoptes scabiei var. canis mites and eggs. Highly contagious, zoonotic potential."
Canine facial eosinophilic furunculosis suspected based on acute onset muzzle swelling/lesions.,Skin Irritations,Clinical Notes,Canine facial eosinophilic furunculosis suspected based on acute onset muzzle swelling/lesions.
Facial nerve paralysis present; assess prognosis for recovery.,Ear Infections,Clinical Notes,Facial nerve paralysis present; assess prognosis for recovery.
Facial fold pyoderma; advise owner on daily cleaning and hygiene.,Skin Irritations,Clinical Notes,Facial fold pyoderma; advise owner on daily cleaning and hygiene.
"Check for electrolyte abnormalities (hypokalemia, hyponatremia).",Digestive Issues,Clinical Notes,"Check for electrolyte abnormalities (hypokalemia, hyponatremia)."
Myelogram reveals extradural spinal cord compression at T13-L1.,Mobility Problems,Clinical Notes,Myelogram reveals extradural spinal cord compression at T13-L1.
Provide clear written estimate outlining costs for proposed diagnostic and treatment plan.,Digestive Issues,Clinical Notes,Provide clear written estimate outlining costs for proposed diagnostic and treatment plan.
Roundworm infection; start pyrantel therapy.,Parasites,Clinical Notes,Roundworm infection; start pyrantel therapy.
Giardia ELISA test positive. Initiate fenbendazole therapy and advise environmental decontamination.,Digestive Issues,Clinical Notes,Giardia ELISA test positive. Initiate fenbendazole therapy and advise environmental decontamination.
Chronic arthritis; start laser therapy.,Mobility Problems,Clinical Notes,Chronic arthritis; start laser therapy.
Fecal flotation negative for ova and parasites.,Digestive Issues,Clinical Notes,Fecal flotation negative for ova and parasites.
"Use selamectin (Revolution) for fleas, heartworm, ear mites, sarcoptic mange, some ticks, roundworms, hookworms (depending on species).",Parasites,Clinical Notes,"Use selamectin (Revolution) for fleas, heartworm, ear mites, sarcoptic mange, some ticks, roundworms, hookworms (depending on species)."
Yeast otitis confirmed; prescribe miconazole drops.,Ear Infections,Clinical Notes,Yeast otitis confirmed; prescribe miconazole drops.
"Differentiate Taenia vs. Dipylidium proglottids if possible (Dipylidium motile, Taenia rectangular).",Parasites,Clinical Notes,"Differentiate Taenia vs. Dipylidium proglottids if possible (Dipylidium motile, Taenia rectangular)."
"Discuss use of supportive harnesses (e.g., Help'EmUp) or custom carts/wheelchairs for non-ambulatory patients.",Mobility Problems,Clinical Notes,"Discuss use of supportive harnesses (e.g., Help'EmUp) or custom carts/wheelchairs for non-ambulatory patients."
"Vestibular signs (nystagmus, ataxia, head tilt) present; rule out otitis interna vs. central causes.",Ear Infections,Clinical Notes,"Vestibular signs (nystagmus, ataxia, head tilt) present; rule out otitis interna vs. central causes."
Chemotherapy protocol discussed for osteosarcoma.,Mobility Problems,Clinical Notes,Chemotherapy protocol discussed for osteosarcoma.
Serum folate levels checked to assess proximal small intestinal function.,Digestive Issues,Clinical Notes,Serum folate levels checked to assess proximal small intestinal function.
Joint stiffness; prescribe weight loss plan.,Mobility Problems,Clinical Notes,Joint stiffness; prescribe weight loss plan.
Post-operative care instructions provided for TECA-BO.,Ear Infections,Clinical Notes,Post-operative care instructions provided for TECA-BO.
"Muscle atrophy noted in hind limbs, particularly quadriceps and gluteals.",Mobility Problems,Clinical Notes,"Muscle atrophy noted in hind limbs, particularly quadriceps and gluteals."
Assess for neurological signs associated with aberrant parasite migration.,Parasites,Clinical Notes,Assess for neurological signs associated with aberrant parasite migration.
"Chronic history of intermittent vomiting and weight loss in older feline. Differentials include IBD, lymphoma, hyperthyroidism.",Digestive Issues,Clinical Notes,"Chronic history of intermittent vomiting and weight loss in older feline. Differentials include IBD, lymphoma, hyperthyroidism."
Kidney values elevated; assess hydration and rule out primary renal condition.,Digestive Issues,Clinical Notes,Kidney values elevated; assess hydration and rule out primary renal condition.
Instruct owner on proper technique for manual bladder expression.,Mobility Problems,Clinical Notes,Instruct owner on proper technique for manual bladder expression.
"Acute moist dermatitis ('hot spot') noted in right cervical region; clip, clean, initiate topical therapy.",Skin Irritations,Clinical Notes,"Acute moist dermatitis ('hot spot') noted in right cervical region; clip, clean, initiate topical therapy."
"Chronic changes noted in ear canal: hyperplasia, stenosis, calcification.",Ear Infections,Clinical Notes,"Chronic changes noted in ear canal: hyperplasia, stenosis, calcification."
"Neurological exam: Conscious proprioceptive deficits x 4 limbs, UMN signs hind limbs, neck pain on ventral flexion. Suspect cervical lesion.",Mobility Problems,Clinical Notes,"Neurological exam: Conscious proprioceptive deficits x 4 limbs, UMN signs hind limbs, neck pain on ventral flexion. Suspect cervical lesion."
"Fecal culture positive for Salmonella spp.; reportable condition, discuss zoonotic risk, treat if systemic signs.",Digestive Issues,Clinical Notes,"Fecal culture positive for Salmonella spp.; reportable condition, discuss zoonotic risk, treat if systemic signs."
Monitor urine output as indicator of hydration and kidney function.,Digestive Issues,Clinical Notes,Monitor urine output as indicator of hydration and kidney function.
Spinal palpation elicits pain in thoracolumbar region; suspect intervertebral disc condition (IVDD).,Mobility Problems,Clinical Notes,Spinal palpation elicits pain in thoracolumbar region; suspect intervertebral disc condition (IVDD).
Dysbiosis likely contributing to chronic diarrhea.,Digestive Issues,Clinical Notes,Dysbiosis likely contributing to chronic diarrhea.
Multiple lipomas palpated in subcutaneous tissue; monitor size and number.,Skin Irritations,Clinical Notes,Multiple lipomas palpated in subcutaneous tissue; monitor size and number.
Discuss importance of treating all pets in household for fleas/mites.,Parasites,Clinical Notes,Discuss importance of treating all pets in household for fleas/mites.
Ununited anconeal process (UAP) visible on flexed lateral elbow radiograph.,Mobility Problems,Clinical Notes,Ununited anconeal process (UAP) visible on flexed lateral elbow radiograph.
Recommend endoscopic biopsies for definitive diagnosis of chronic enteropathy.,Digestive Issues,Clinical Notes,Recommend endoscopic biopsies for definitive diagnosis of chronic enteropathy.
History of ingesting foreign material (child's toy) 2 days ago. Abdominal radiographs recommended.,Digestive Issues,Clinical Notes,History of ingesting foreign material (child's toy) 2 days ago. Abdominal radiographs recommended.
Repeat cytology at recheck appointment.,Ear Infections,Clinical Notes,Repeat cytology at recheck appointment.
Excoriations and erythema noted around the collar area; rule out contact irritation vs. FAD.,Skin Irritations,Clinical Notes,Excoriations and erythema noted around the collar area; rule out contact irritation vs. FAD.
Fecal flotation positive for Toxocara canis (roundworm) eggs.,Parasites,Clinical Notes,Fecal flotation positive for Toxocara canis (roundworm) eggs.
Advise cleaning environment thoroughly to remove Coccidia oocysts.,Parasites,Clinical Notes,Advise cleaning environment thoroughly to remove Coccidia oocysts.
Bacterial otitis with pain; add anti-inflammatory.,Ear Infections,Clinical Notes,Bacterial otitis with pain; add anti-inflammatory.
Microfilaria check (Knott's test or filter test) positive.,Parasites,Clinical Notes,Microfilaria check (Knott's test or filter test) positive.
Erythema and scaling on muzzle; test for demodex.,Skin Irritations,Clinical Notes,Erythema and scaling on muzzle; test for demodex.
"Chronic intermittent vomiting in feline; consider IBD, food allergy, lymphoma.",Digestive Issues,Clinical Notes,"Chronic intermittent vomiting in feline; consider IBD, food allergy, lymphoma."
Recommend trial of therapeutic laser treatments 2-3 times weekly.,Mobility Problems,Clinical Notes,Recommend trial of therapeutic laser treatments 2-3 times weekly.
"Assess hydration status (skin turgor, mucous membranes, CRT).",Digestive Issues,Clinical Notes,"Assess hydration status (skin turgor, mucous membranes, CRT)."
Assess patient's pain level using validated pain scale.,Digestive Issues,Clinical Notes,Assess patient's pain level using validated pain scale.
Palpable thickening of stifle joint capsule (medial buttress) in chronic CCL condition.,Mobility Problems,Clinical Notes,Palpable thickening of stifle joint capsule (medial buttress) in chronic CCL condition.
Prescribed topical enrofloxacin/silver sulfadiazine suspension based on previous culture results.,Ear Infections,Clinical Notes,Prescribed topical enrofloxacin/silver sulfadiazine suspension based on previous culture results.
Screen for Cushing's condition in dogs with recurrent infections and other suggestive signs.,Ear Infections,Clinical Notes,Screen for Cushing's condition in dogs with recurrent infections and other suggestive signs.
Demonstrate proper ear cleaning technique and medication instillation to owner.,Ear Infections,Clinical Notes,Demonstrate proper ear cleaning technique and medication instillation to owner.
Ununited anconeal process (UAP) identified on elbow radiographs.,Mobility Problems,Clinical Notes,Ununited anconeal process (UAP) identified on elbow radiographs.
Schedule follow-up for heartworm treatment stages.,Parasites,Clinical Notes,Schedule follow-up for heartworm treatment stages.
Obtain accurate body weight before prescribing any parasite control product.,Parasites,Clinical Notes,Obtain accurate body weight before prescribing any parasite control product.
Consider referral for acupuncture or veterinary spinal manipulative therapy (VSMT).,Mobility Problems,Clinical Notes,Consider referral for acupuncture or veterinary spinal manipulative therapy (VSMT).
Administer praziquantel injection (Droncit) for cestode infection.,Parasites,Clinical Notes,Administer praziquantel injection (Droncit) for cestode infection.
Culture result: Pseudomonas aeruginosa sensitive only to amikacin and ticarcillin. Compounded topical therapy needed.,Ear Infections,Clinical Notes,Culture result: Pseudomonas aeruginosa sensitive only to amikacin and ticarcillin. Compounded topical therapy needed.
Fungal culture positive for Microsporum canis; initiate systemic antifungal (itraconazole) and topical therapy.,Skin Irritations,Clinical Notes,Fungal culture positive for Microsporum canis; initiate systemic antifungal (itraconazole) and topical therapy.
Malassezia dermatitis confirmed via cytology; treat with ketoconazole shampoo.,Skin Irritations,Clinical Notes,Malassezia dermatitis confirmed via cytology; treat with ketoconazole shampoo.
OFA radiographs submitted for hip/elbow certification.,Mobility Problems,Clinical Notes,OFA radiographs submitted for hip/elbow certification.
"Otitis media common in rabbits, often associated with Pasteurella multocida. Skull radiographs recommended.",Ear Infections,Clinical Notes,"Otitis media common in rabbits, often associated with Pasteurella multocida. Skull radiographs recommended."
Provide estimate for diagnostic tests and treatment.,Ear Infections,Clinical Notes,Provide estimate for diagnostic tests and treatment.
"Check electrolytes (Na, K, Cl) and acid-base status (blood gas). Correct abnormalities.",Digestive Issues,Clinical Notes,"Check electrolytes (Na, K, Cl) and acid-base status (blood gas). Correct abnormalities."
Recommend regular ear cleaning with appropriate solution.,Skin Irritations,Clinical Notes,Recommend regular ear cleaning with appropriate solution.
"Aortic thromboembolism (ATE) suspected in cat with acute hind limb paralysis, pain, cold extremities, absent femoral pulses.",Mobility Problems,Clinical Notes,"Aortic thromboembolism (ATE) suspected in cat with acute hind limb paralysis, pain, cold extremities, absent femoral pulses."
"Administered long-acting otic preparation (e.g., Osurnia, Claro) in clinic.",Ear Infections,Clinical Notes,"Administered long-acting otic preparation (e.g., Osurnia, Claro) in clinic."
Provide detailed instructions for E-tube feeding and care.,Digestive Issues,Clinical Notes,Provide detailed instructions for E-tube feeding and care.
Monitor for adverse reactions to antiparasitic medications.,Parasites,Clinical Notes,Monitor for adverse reactions to antiparasitic medications.
Pseudomonas aeruginosa cultured from ear discharge; select antibiotic based on sensitivity profile.,Ear Infections,Clinical Notes,Pseudomonas aeruginosa cultured from ear discharge; select antibiotic based on sensitivity profile.
Referral to veterinary neurologist recommended due to central neurological signs.,Ear Infections,Clinical Notes,Referral to veterinary neurologist recommended due to central neurological signs.
"PennHIP distraction index (DI) measured at 0.6 (right) and 0.7 (left), indicating significant hip laxity.",Mobility Problems,Clinical Notes,"PennHIP distraction index (DI) measured at 0.6 (right) and 0.7 (left), indicating significant hip laxity."
"Recommend feeding smaller, more frequent meals.",Digestive Issues,Clinical Notes,"Recommend feeding smaller, more frequent meals."
Advise owner on importance of completing full course of antibiotics.,Skin Irritations,Clinical Notes,Advise owner on importance of completing full course of antibiotics.
Bacterial and yeast otitis; start long-term therapy.,Ear Infections,Clinical Notes,Bacterial and yeast otitis; start long-term therapy.
Intussusception palpated/visualized on ultrasound; surgical correction needed.,Digestive Issues,Clinical Notes,Intussusception palpated/visualized on ultrasound; surgical correction needed.
Treat secondary skin infections resulting from parasite infestation.,Parasites,Clinical Notes,Treat secondary skin infections resulting from parasite infestation.
"Initiate NSAID therapy (e.g., carprofen, meloxicam) for pain and inflammation.",Mobility Problems,Clinical Notes,"Initiate NSAID therapy (e.g., carprofen, meloxicam) for pain and inflammation."
"Discuss environmental factors (humidity, swimming).",Ear Infections,Clinical Notes,"Discuss environmental factors (humidity, swimming)."
Proprioceptive training exercises recommended.,Mobility Problems,Clinical Notes,Proprioceptive training exercises recommended.
Zinc-responsive dermatosis diagnosed based on clinical signs and breed; initiate zinc supplementation.,Skin Irritations,Clinical Notes,Zinc-responsive dermatosis diagnosed based on clinical signs and breed; initiate zinc supplementation.
"Advise strict flea control for all pets in household, year-round.",Skin Irritations,Clinical Notes,"Advise strict flea control for all pets in household, year-round."
Treat secondary infections aggressively.,Ear Infections,Clinical Notes,Treat secondary infections aggressively.
Administer ondansetron injection for refractory vomiting.,Digestive Issues,Clinical Notes,Administer ondansetron injection for refractory vomiting.
"Use of assistive devices (e.g., Help'EmUp Harness, wheelchair) discussed.",Mobility Problems,Clinical Notes,"Use of assistive devices (e.g., Help'EmUp Harness, wheelchair) discussed."
Initiate doxycycline therapy for anaplasmosis/ehrlichiosis/Lyme condition.,Parasites,Clinical Notes,Initiate doxycycline therapy for anaplasmosis/ehrlichiosis/Lyme condition.
Lameness in front limb; radiograph for osteophyte.,Mobility Problems,Clinical Notes,Lameness in front limb; radiograph for osteophyte.
"Prescribe fenbendazole for Giardia, roundworms, hookworms, whipworms, some tapeworms (Taenia).",Parasites,Clinical Notes,"Prescribe fenbendazole for Giardia, roundworms, hookworms, whipworms, some tapeworms (Taenia)."
Auscultation reveals hyperactive borborygmi.,Digestive Issues,Clinical Notes,Auscultation reveals hyperactive borborygmi.
Moist dermatitis secondary to saliva staining in facial folds; recommend daily cleaning with antiseptic wipes.,Skin Irritations,Clinical Notes,Moist dermatitis secondary to saliva staining in facial folds; recommend daily cleaning with antiseptic wipes.
"Fly strike (myiasis) present in debilitated rabbit. Clip fur, lavage wound, manually remove all maggots. Address underlying cause.",Parasites,Clinical Notes,"Fly strike (myiasis) present in debilitated rabbit. Clip fur, lavage wound, manually remove all maggots. Address underlying cause."
Check thyroid levels in dogs with recurrent infections.,Ear Infections,Clinical Notes,Check thyroid levels in dogs with recurrent infections.
Suspect soft tissue injury (ligament sprain or muscle strain) based on localized swelling/pain and negative radiographs.,Mobility Problems,Clinical Notes,Suspect soft tissue injury (ligament sprain or muscle strain) based on localized swelling/pain and negative radiographs.
Aural hematoma present on left pinna; discuss treatment options (drainage vs. surgery).,Ear Infections,Clinical Notes,Aural hematoma present on left pinna; discuss treatment options (drainage vs. surgery).
Discuss role of humidity and moisture in exacerbating otitis.,Ear Infections,Clinical Notes,Discuss role of humidity and moisture in exacerbating otitis.
Performed myringotomy and collected middle ear fluid for culture and cytology.,Ear Infections,Clinical Notes,Performed myringotomy and collected middle ear fluid for culture and cytology.
"Peripheral vestibular signs present (horizontal nystagmus fast phase away from lesion, head tilt toward lesion, ataxia). Likely otitis interna.",Ear Infections,Clinical Notes,"Peripheral vestibular signs present (horizontal nystagmus fast phase away from lesion, head tilt toward lesion, ataxia). Likely otitis interna."
Endoscopy with biopsies recommended for definitive diagnosis of IBD/lymphoma.,Digestive Issues,Clinical Notes,Endoscopy with biopsies recommended for definitive diagnosis of IBD/lymphoma.
Utilize Canine Brief Pain Inventory (CBPI) or Feline Musculoskeletal Pain Index (FMPI) to monitor treatment response.,Mobility Problems,Clinical Notes,Utilize Canine Brief Pain Inventory (CBPI) or Feline Musculoskeletal Pain Index (FMPI) to monitor treatment response.
Solar dermatitis on white-haired pinnae; advise sun avoidance and sunscreen.,Skin Irritations,Clinical Notes,Solar dermatitis on white-haired pinnae; advise sun avoidance and sunscreen.
Lichenification and hyperpigmentation of axillary and inguinal regions; chronic allergic changes.,Skin Irritations,Clinical Notes,Lichenification and hyperpigmentation of axillary and inguinal regions; chronic allergic changes.
"Utilize validated pain scoring system (e.g., CSU Canine Acute Pain Scale) to guide analgesic therapy.",Digestive Issues,Clinical Notes,"Utilize validated pain scoring system (e.g., CSU Canine Acute Pain Scale) to guide analgesic therapy."
Hip dysplasia confirmed; start anti-inflammatory.,Mobility Problems,Clinical Notes,Hip dysplasia confirmed; start anti-inflammatory.
Dermacentor variabilis tick removed; advise monitoring for signs of RMSF.,Parasites,Clinical Notes,Dermacentor variabilis tick removed; advise monitoring for signs of RMSF.
Tapeworm segments (Dipylidium caninum) observed on perineum; associated with flea infestation.,Parasites,Clinical Notes,Tapeworm segments (Dipylidium caninum) observed on perineum; associated with flea infestation.
Impression smear from lesion shows acantholytic cells; suspect pemphigus.,Skin Irritations,Clinical Notes,Impression smear from lesion shows acantholytic cells; suspect pemphigus.
Pediculosis (Linognathus setosus - dog sucking louse) identified. Treat with fipronil or selamectin.,Parasites,Clinical Notes,Pediculosis (Linognathus setosus - dog sucking louse) identified. Treat with fipronil or selamectin.
"Cytology findings recorded: Yeast score (0-4+), Cocci score (0-4+), Rod score (0-4+), Cell types (neutrophils, epithelial cells).",Ear Infections,Clinical Notes,"Cytology findings recorded: Yeast score (0-4+), Cocci score (0-4+), Rod score (0-4+), Cell types (neutrophils, epithelial cells)."
"Mast cell tumor suspected based on raised, erythematous nodule; FNA reveals granulated mast cells.",Skin Irritations,Clinical Notes,"Mast cell tumor suspected based on raised, erythematous nodule; FNA reveals granulated mast cells."
"Document type of tick removed, date, and location on patient.",Parasites,Clinical Notes,"Document type of tick removed, date, and location on patient."
Skin fragility noted; test for FIV/FeLV in feline patient.,Skin Irritations,Clinical Notes,Skin fragility noted; test for FIV/FeLV in feline patient.
Rule out hyperadrenocorticism via ACTH stimulation test or LDDST.,Skin Irritations,Clinical Notes,Rule out hyperadrenocorticism via ACTH stimulation test or LDDST.
Hepatic encephalopathy suspected due to neurological signs and liver dysfunction.,Digestive Issues,Clinical Notes,Hepatic encephalopathy suspected due to neurological signs and liver dysfunction.
Discuss weight management; obesity exacerbates mobility issues.,Mobility Problems,Clinical Notes,Discuss weight management; obesity exacerbates mobility issues.
Ensure owner understands treatment plan and follow-up requirements.,Skin Irritations,Clinical Notes,Ensure owner understands treatment plan and follow-up requirements.
Prescribe tylosin powder for suspected antibiotic-responsive diarrhea.,Digestive Issues,Clinical Notes,Prescribe tylosin powder for suspected antibiotic-responsive diarrhea.
Biopsy report confirms mast cell tumor; refer for surgical excision.,Skin Irritations,Clinical Notes,Biopsy report confirms mast cell tumor; refer for surgical excision.
"Large, fluctuant aural hematoma on concave surface of right pinna. Surgical correction recommended.",Ear Infections,Clinical Notes,"Large, fluctuant aural hematoma on concave surface of right pinna. Surgical correction recommended."
Multiple deep skin scrapings positive for Demodex injai mites (adults and immature forms).,Parasites,Clinical Notes,Multiple deep skin scrapings positive for Demodex injai mites (adults and immature forms).
Ticks embedded in fur; remove and treat.,Parasites,Clinical Notes,Ticks embedded in fur; remove and treat.
Flea dirt present on coat combing; Ctenocephalides felis infestation confirmed.,Parasites,Clinical Notes,Flea dirt present on coat combing; Ctenocephalides felis infestation confirmed.
Pre- and post-prandial bile acids significantly elevated; consistent with PSS or severe liver dysfunction.,Digestive Issues,Clinical Notes,Pre- and post-prandial bile acids significantly elevated; consistent with PSS or severe liver dysfunction.
"Treat Cheyletiella infestation with lime sulfur dips, fipronil, or selamectin. Treat environment.",Parasites,Clinical Notes,"Treat Cheyletiella infestation with lime sulfur dips, fipronil, or selamectin. Treat environment."
"Large bowel diarrhea characterized by increased frequency, tenesmus, mucus, and hematochezia.",Digestive Issues,Clinical Notes,"Large bowel diarrhea characterized by increased frequency, tenesmus, mucus, and hematochezia."
Perform thorough oral exam to rule out dental condition contributing to ear pain.,Ear Infections,Clinical Notes,Perform thorough oral exam to rule out dental condition contributing to ear pain.
Otoscopic exam reveals Otodectes cynotis mites bilaterally; characteristic dark debris present.,Parasites,Clinical Notes,Otoscopic exam reveals Otodectes cynotis mites bilaterally; characteristic dark debris present.
Liver enzymes elevated; consider primary liver condition or secondary reaction.,Digestive Issues,Clinical Notes,Liver enzymes elevated; consider primary liver condition or secondary reaction.
Intradermal allergy testing scheduled.,Skin Irritations,Clinical Notes,Intradermal allergy testing scheduled.
Repeat fecal examination in 2-4 weeks to ensure parasite clearance.,Parasites,Clinical Notes,Repeat fecal examination in 2-4 weeks to ensure parasite clearance.
Tympanic membrane appears ruptured on otoscopic exam. Avoid potentially ototoxic cleaners/medications.,Ear Infections,Clinical Notes,Tympanic membrane appears ruptured on otoscopic exam. Avoid potentially ototoxic cleaners/medications.
Review patient's history for previous ear treatments and responses.,Ear Infections,Clinical Notes,Review patient's history for previous ear treatments and responses.
Radiographs show bilateral stifle effusion.,Mobility Problems,Clinical Notes,Radiographs show bilateral stifle effusion.
Acantholytic cells identified on cytology; highly suspicious for Pemphigus foliaceus.,Skin Irritations,Clinical Notes,Acantholytic cells identified on cytology; highly suspicious for Pemphigus foliaceus.
Ensure appropriate medication volume is prescribed.,Ear Infections,Clinical Notes,Ensure appropriate medication volume is prescribed.
Systemic antibiotics indicated for otitis media/interna or severe otitis externa.,Ear Infections,Clinical Notes,Systemic antibiotics indicated for otitis media/interna or severe otitis externa.
"Arthrocentesis performed on swollen stifle; cytology reveals septic suppurative inflammation (high neutrophils, intracellular bacteria).",Mobility Problems,Clinical Notes,"Arthrocentesis performed on swollen stifle; cytology reveals septic suppurative inflammation (high neutrophils, intracellular bacteria)."
Papular rash on hindquarters; antihistamine trial.,Skin Irritations,Clinical Notes,Papular rash on hindquarters; antihistamine trial.
"Check for concurrent endocrine conditions (Cushing's, diabetes).",Skin Irritations,Clinical Notes,"Check for concurrent endocrine conditions (Cushing's, diabetes)."
"Review current medications for potential GI side effects (e.g., NSAIDs, steroids, certain antibiotics).",Digestive Issues,Clinical Notes,"Review current medications for potential GI side effects (e.g., NSAIDs, steroids, certain antibiotics)."
Clostridium perfringens enterotoxicosis suspected; check fecal toxin levels.,Digestive Issues,Clinical Notes,Clostridium perfringens enterotoxicosis suspected; check fecal toxin levels.
Use selamectin/sarolaner (Revolution Plus) for broad-spectrum feline parasite control.,Parasites,Clinical Notes,Use selamectin/sarolaner (Revolution Plus) for broad-spectrum feline parasite control.
Discuss long-term expectations for function and potential for recurrence/progression.,Mobility Problems,Clinical Notes,Discuss long-term expectations for function and potential for recurrence/progression.
Ensure owner understands medication schedule and potential side effects.,Mobility Problems,Clinical Notes,Ensure owner understands medication schedule and potential side effects.
Educate owner on parasite life cycles and prevention strategies.,Parasites,Clinical Notes,Educate owner on parasite life cycles and prevention strategies.
"Closed, transverse fracture of distal tibia identified. Splint applied, discuss surgical fixation.",Mobility Problems,Clinical Notes,"Closed, transverse fracture of distal tibia identified. Splint applied, discuss surgical fixation."
Document specific parasite identified and treatment administered in medical record.,Parasites,Clinical Notes,Document specific parasite identified and treatment administered in medical record.
Asymmetrical thigh circumference measured.,Mobility Problems,Clinical Notes,Asymmetrical thigh circumference measured.
Abdominal ultrasound reveals thickened intestinal loops; consistent with IBD.,Digestive Issues,Clinical Notes,Abdominal ultrasound reveals thickened intestinal loops; consistent with IBD.
Assess hydration status and recommend fluid therapy if needed for systemic illness.,Skin Irritations,Clinical Notes,Assess hydration status and recommend fluid therapy if needed for systemic illness.
Use E-collar to prevent self-trauma.,Skin Irritations,Clinical Notes,Use E-collar to prevent self-trauma.
Abdominocentesis yielded serosanguinous fluid; cytology shows septic inflammation. Emergency surgery indicated.,Digestive Issues,Clinical Notes,Abdominocentesis yielded serosanguinous fluid; cytology shows septic inflammation. Emergency surgery indicated.
Flea eggs on fur; prescribe oral spinosad.,Parasites,Clinical Notes,Flea eggs on fur; prescribe oral spinosad.
Document size and location of aural hematoma.,Ear Infections,Clinical Notes,Document size and location of aural hematoma.
Papular rash on legs; antihistamines recommended.,Skin Irritations,Clinical Notes,Papular rash on legs; antihistamines recommended.
Psoroptes cuniculi (ear mites) in rabbit causing severe crusting and inflammation.,Ear Infections,Clinical Notes,Psoroptes cuniculi (ear mites) in rabbit causing severe crusting and inflammation.
Tibial compression test positive.,Mobility Problems,Clinical Notes,Tibial compression test positive.
Complete rupture of gastrocnemius tendon diagnosed based on dropped hock stance.,Mobility Problems,Clinical Notes,Complete rupture of gastrocnemius tendon diagnosed based on dropped hock stance.
Flea allergy dermatitis; start antihistamines.,Parasites,Clinical Notes,Flea allergy dermatitis; start antihistamines.
Pain on palpation of temporomandibular joint (TMJ); may be related to ear pain.,Ear Infections,Clinical Notes,Pain on palpation of temporomandibular joint (TMJ); may be related to ear pain.
Ear infection with crusting; prescribe topical steroids.,Ear Infections,Clinical Notes,Ear infection with crusting; prescribe topical steroids.
Deep pyoderma with draining tracts; culture and sensitivity indicated.,Skin Irritations,Clinical Notes,Deep pyoderma with draining tracts; culture and sensitivity indicated.
"Neurological exam components: mental status, cranial nerves, postural reactions, spinal reflexes, palpation, nociception.",Mobility Problems,Clinical Notes,"Neurological exam components: mental status, cranial nerves, postural reactions, spinal reflexes, palpation, nociception."
Carpal hyperextension injury.,Mobility Problems,Clinical Notes,Carpal hyperextension injury.
Feline acne present on chin; comedones and secondary infection noted.,Skin Irritations,Clinical Notes,Feline acne present on chin; comedones and secondary infection noted.
Document appearance of ear canal and tympanic membrane.,Ear Infections,Clinical Notes,Document appearance of ear canal and tympanic membrane.
"Panosteitis suspected; radiographs may show patchy intramedullary densities. Typically self-limiting, manage pain.",Mobility Problems,Clinical Notes,"Panosteitis suspected; radiographs may show patchy intramedullary densities. Typically self-limiting, manage pain."
Lateral ear resection considered as palliative procedure for canal stenosis.,Ear Infections,Clinical Notes,Lateral ear resection considered as palliative procedure for canal stenosis.
Prescribe ponazuril (Marquis) paste for coccidiosis.,Parasites,Clinical Notes,Prescribe ponazuril (Marquis) paste for coccidiosis.
Document location and estimated size/volume of aural hematoma.,Ear Infections,Clinical Notes,Document location and estimated size/volume of aural hematoma.
Cutaneous lymphoma suspected based on multiple nodules/plaques; refer to oncologist.,Skin Irritations,Clinical Notes,Cutaneous lymphoma suspected based on multiple nodules/plaques; refer to oncologist.
"Hypoadrenocorticism (Addison's condition) suspected due to waxing/waning GI signs, electrolyte abnormalities (low Na, high K).",Digestive Issues,Clinical Notes,"Hypoadrenocorticism (Addison's condition) suspected due to waxing/waning GI signs, electrolyte abnormalities (low Na, high K)."
Radiographs confirm moderate to severe hip dysplasia with secondary OA changes.,Mobility Problems,Clinical Notes,Radiographs confirm moderate to severe hip dysplasia with secondary OA changes.
"Symptomatic treatment for pruritus (e.g., Apoquel, Cytopoint, steroids) may be needed initially.",Parasites,Clinical Notes,"Symptomatic treatment for pruritus (e.g., Apoquel, Cytopoint, steroids) may be needed initially."
Provide handout on intestinal parasites.,Parasites,Clinical Notes,Provide handout on intestinal parasites.
Yeast otitis with debris; prescribe antifungal drops.,Ear Infections,Clinical Notes,Yeast otitis with debris; prescribe antifungal drops.
Cobalamin supplementation initiated (injectable or oral) due to documented deficiency.,Digestive Issues,Clinical Notes,Cobalamin supplementation initiated (injectable or oral) due to documented deficiency.
Babesia gibsoni identified on blood smear; requires specific treatment protocol.,Parasites,Clinical Notes,Babesia gibsoni identified on blood smear; requires specific treatment protocol.
Advise slow transition when changing pet foods.,Digestive Issues,Clinical Notes,Advise slow transition when changing pet foods.
Progressive hind limb ataxia and paresis with intact spinal reflexes in older GSD; consistent with Degenerative Myelopathy. SOD1 testing discussed.,Mobility Problems,Clinical Notes,Progressive hind limb ataxia and paresis with intact spinal reflexes in older GSD; consistent with Degenerative Myelopathy. SOD1 testing discussed.
Urticarial reaction observed; administer diphenhydramine and monitor.,Skin Irritations,Clinical Notes,Urticarial reaction observed; administer diphenhydramine and monitor.
"Metabolic epidermal necrosis (superficial necrolytic dermatitis) suspected; check liver enzymes, glucose.",Skin Irritations,Clinical Notes,"Metabolic epidermal necrosis (superficial necrolytic dermatitis) suspected; check liver enzymes, glucose."
"Differential diagnoses for vomiting include dietary indiscretion, FB, pancreatitis, renal condition, toxins, IBD, neoplasia.",Digestive Issues,Clinical Notes,"Differential diagnoses for vomiting include dietary indiscretion, FB, pancreatitis, renal condition, toxins, IBD, neoplasia."
Use ear wick or packing with medication for severe stenosis.,Ear Infections,Clinical Notes,Use ear wick or packing with medication for severe stenosis.
Ruptured tympanic membrane suspected; avoid ototoxic medications.,Ear Infections,Clinical Notes,Ruptured tympanic membrane suspected; avoid ototoxic medications.
Absent withdrawal reflex and deep pain perception in pelvic limbs; grave prognosis for return to function.,Mobility Problems,Clinical Notes,Absent withdrawal reflex and deep pain perception in pelvic limbs; grave prognosis for return to function.
Rule out hypothyroidism as contributing factor to chronic skin and ear condition.,Ear Infections,Clinical Notes,Rule out hypothyroidism as contributing factor to chronic skin and ear condition.
Erythematous patches on muzzle; rule out autoimmune issue.,Skin Irritations,Clinical Notes,Erythematous patches on muzzle; rule out autoimmune issue.
Large bowel diarrhea suspected based on mucus and hematochezia.,Digestive Issues,Clinical Notes,Large bowel diarrhea suspected based on mucus and hematochezia.
"Biopsy of pinnal lesion submitted; rule out immune-mediated condition (pemphigus, lupus).",Ear Infections,Clinical Notes,"Biopsy of pinnal lesion submitted; rule out immune-mediated condition (pemphigus, lupus)."
"Anemia (low PCV) noted, likely secondary to heavy hookworm or flea burden.",Parasites,Clinical Notes,"Anemia (low PCV) noted, likely secondary to heavy hookworm or flea burden."
Measure and record size of any skin masses.,Skin Irritations,Clinical Notes,Measure and record size of any skin masses.
"Provide detailed estimate for recommended diagnostics (cytology, culture, imaging) and treatments.",Ear Infections,Clinical Notes,"Provide detailed estimate for recommended diagnostics (cytology, culture, imaging) and treatments."
Trichogram shows broken hair shafts consistent with self-trauma (pruritus).,Skin Irritations,Clinical Notes,Trichogram shows broken hair shafts consistent with self-trauma (pruritus).
"Carefully inspect ear canal for presence of ticks, especially in endemic areas.",Ear Infections,Clinical Notes,"Carefully inspect ear canal for presence of ticks, especially in endemic areas."
Foreign body (grass awn) identified and removed from horizontal canal.,Ear Infections,Clinical Notes,Foreign body (grass awn) identified and removed from horizontal canal.
Excoriations around ears and neck; check for ear mites and fleas.,Skin Irritations,Clinical Notes,Excoriations around ears and neck; check for ear mites and fleas.
Administer NSAID (meloxicam) for analgesia and inflammation.,Ear Infections,Clinical Notes,Administer NSAID (meloxicam) for analgesia and inflammation.
Anal sacculitis/abscess causing pain on defecation.,Digestive Issues,Clinical Notes,Anal sacculitis/abscess causing pain on defecation.
Fecal examination positive for Cystoisospora (Coccidia) oocysts.,Parasites,Clinical Notes,Fecal examination positive for Cystoisospora (Coccidia) oocysts.
"Consider video otoscopy for deep cleaning, biopsy, or polyp removal.",Ear Infections,Clinical Notes,"Consider video otoscopy for deep cleaning, biopsy, or polyp removal."
Cobalamin (B12) levels low; initiate supplementation.,Digestive Issues,Clinical Notes,Cobalamin (B12) levels low; initiate supplementation.
Carpal hyperextension noted; radiographs show ligamentous instability/damage. Arthrodesis may be required.,Mobility Problems,Clinical Notes,Carpal hyperextension noted; radiographs show ligamentous instability/damage. Arthrodesis may be required.
"Consider systemic antifungal (e.g., fluconazole) for refractory Malassezia otitis.",Ear Infections,Clinical Notes,"Consider systemic antifungal (e.g., fluconazole) for refractory Malassezia otitis."
"Alopecia, scaling, and follicular casts present; consistent with sebaceous adenitis. Biopsy recommended.",Skin Irritations,Clinical Notes,"Alopecia, scaling, and follicular casts present; consistent with sebaceous adenitis. Biopsy recommended."
Yeast otitis with swelling; start oral antifungals.,Ear Infections,Clinical Notes,Yeast otitis with swelling; start oral antifungals.
Monitor response to elimination diet over next 8 weeks.,Skin Irritations,Clinical Notes,Monitor response to elimination diet over next 8 weeks.
Rule out food allergy as cause of non-seasonal pruritus.,Skin Irritations,Clinical Notes,Rule out food allergy as cause of non-seasonal pruritus.
Superficial spreading pyoderma; prescribe systemic antibiotics (cephalexin).,Skin Irritations,Clinical Notes,Superficial spreading pyoderma; prescribe systemic antibiotics (cephalexin).
Yeast and bacteria in ear; prescribe dual therapy.,Ear Infections,Clinical Notes,Yeast and bacteria in ear; prescribe dual therapy.
Esophagitis suspected; prescribe sucralfate and proton pump inhibitor.,Digestive Issues,Clinical Notes,Esophagitis suspected; prescribe sucralfate and proton pump inhibitor.
"Document lesion distribution, type, and severity score.",Skin Irritations,Clinical Notes,"Document lesion distribution, type, and severity score."
Demodex mites detected; start oral ivermectin.,Parasites,Clinical Notes,Demodex mites detected; start oral ivermectin.
Consider parasite resistance if fecal exams remain positive despite appropriate treatment.,Parasites,Clinical Notes,Consider parasite resistance if fecal exams remain positive despite appropriate treatment.
Aggressively treat secondary bacterial and yeast components of otitis.,Ear Infections,Clinical Notes,Aggressively treat secondary bacterial and yeast components of otitis.
Elevated ALT and ALP; consider primary hepatopathy vs. reactive hepatopathy. Bile acids test recommended.,Digestive Issues,Clinical Notes,Elevated ALT and ALP; consider primary hepatopathy vs. reactive hepatopathy. Bile acids test recommended.
Treat Taenia tapeworms effectively with praziquantel.,Parasites,Clinical Notes,Treat Taenia tapeworms effectively with praziquantel.
Underlying allergic condition (atopy or food allergy) likely predisposing factor for recurrent otitis.,Ear Infections,Clinical Notes,Underlying allergic condition (atopy or food allergy) likely predisposing factor for recurrent otitis.
Cytology from interdigital space reveals numerous Malassezia organisms and neutrophils.,Skin Irritations,Clinical Notes,Cytology from interdigital space reveals numerous Malassezia organisms and neutrophils.
Continue otic medications for at least 1 week past clinical and cytological resolution.,Ear Infections,Clinical Notes,Continue otic medications for at least 1 week past clinical and cytological resolution.
Assess hearing if possible (response to sound).,Ear Infections,Clinical Notes,Assess hearing if possible (response to sound).
Fragmented medial coronoid process (FMCP) identified on elbow radiographs.,Mobility Problems,Clinical Notes,Fragmented medial coronoid process (FMCP) identified on elbow radiographs.
Stool soft and odorous; test for malabsorption.,Digestive Issues,Clinical Notes,Stool soft and odorous; test for malabsorption.
Bacterial otitis; clean and start enrofloxacin.,Ear Infections,Clinical Notes,Bacterial otitis; clean and start enrofloxacin.
"Malodorous, purulent discharge from AD (right ear). Culture and sensitivity submitted due to chronicity and rod bacteria on cytology.",Ear Infections,Clinical Notes,"Malodorous, purulent discharge from AD (right ear). Culture and sensitivity submitted due to chronicity and rod bacteria on cytology."
Achilles tendon rupture diagnosed.,Mobility Problems,Clinical Notes,Achilles tendon rupture diagnosed.
"Rule out neoplasia (e.g., ceruminous gland adenocarcinoma) in older animal with unilateral otitis.",Ear Infections,Clinical Notes,"Rule out neoplasia (e.g., ceruminous gland adenocarcinoma) in older animal with unilateral otitis."
Palpation elicits pain response over carpus/elbow/shoulder (specify joint).,Mobility Problems,Clinical Notes,Palpation elicits pain response over carpus/elbow/shoulder (specify joint).
Prescribe anti-diarrheal medication (loperamide) cautiously.,Digestive Issues,Clinical Notes,Prescribe anti-diarrheal medication (loperamide) cautiously.
Initiate hydrolyzed protein diet trial for suspected inflammatory bowel condition (IBD) or food allergy.,Digestive Issues,Clinical Notes,Initiate hydrolyzed protein diet trial for suspected inflammatory bowel condition (IBD) or food allergy.
Discuss potential for parasite transmission between household pets.,Parasites,Clinical Notes,Discuss potential for parasite transmission between household pets.
Ultrasound reveals diffusely thickened small intestinal walls with loss of layering. Suggestive of IBD or infiltrative neoplasia (lymphoma).,Digestive Issues,Clinical Notes,Ultrasound reveals diffusely thickened small intestinal walls with loss of layering. Suggestive of IBD or infiltrative neoplasia (lymphoma).
Prescribe pyrantel pamoate for roundworm and hookworm treatment.,Parasites,Clinical Notes,Prescribe pyrantel pamoate for roundworm and hookworm treatment.
Address owner concerns regarding treatment cost and duration.,Ear Infections,Clinical Notes,Address owner concerns regarding treatment cost and duration.
Monitor renal and hepatic function in patients on long-term NSAIDs.,Mobility Problems,Clinical Notes,Monitor renal and hepatic function in patients on long-term NSAIDs.
"Discuss realistic expectations for managing chronic, end-stage ear condition.",Ear Infections,Clinical Notes,"Discuss realistic expectations for managing chronic, end-stage ear condition."
Canine recurrent flank alopecia noted; seasonal pattern.,Skin Irritations,Clinical Notes,Canine recurrent flank alopecia noted; seasonal pattern.
Lice infestation; apply topical permethrin.,Parasites,Clinical Notes,Lice infestation; apply topical permethrin.
"Erythema multiforme suspected; search for trigger (drug reaction, infection).",Skin Irritations,Clinical Notes,"Erythema multiforme suspected; search for trigger (drug reaction, infection)."
Evidence of self-trauma (licking) on distal limb; consider acral lick dermatitis.,Skin Irritations,Clinical Notes,Evidence of self-trauma (licking) on distal limb; consider acral lick dermatitis.
"Document all findings, recommendations, and communications.",Skin Irritations,Clinical Notes,"Document all findings, recommendations, and communications."
Discuss carboplatin chemotherapy protocol following amputation for OSA.,Mobility Problems,Clinical Notes,Discuss carboplatin chemotherapy protocol following amputation for OSA.
Palliative radiation therapy recommended for pain control in non-surgical OSA candidate.,Mobility Problems,Clinical Notes,Palliative radiation therapy recommended for pain control in non-surgical OSA candidate.
Use milbemycin oxime/spinosad (Trifexis) for heartworm/flea/intestinal parasite prevention (dogs only).,Parasites,Clinical Notes,Use milbemycin oxime/spinosad (Trifexis) for heartworm/flea/intestinal parasite prevention (dogs only).
Allergen-specific immunotherapy (ASIT) discussed as long-term option for atopy.,Skin Irritations,Clinical Notes,Allergen-specific immunotherapy (ASIT) discussed as long-term option for atopy.
Consider referral to surgeon for TECA or polyp removal.,Ear Infections,Clinical Notes,Consider referral to surgeon for TECA or polyp removal.
"Referral for orthopedic surgery consultation recommended (e.g., TPLO for CCL rupture, FHO for hip dysplasia).",Mobility Problems,Clinical Notes,"Referral for orthopedic surgery consultation recommended (e.g., TPLO for CCL rupture, FHO for hip dysplasia)."
Identified plant awn (foxtail) deep in horizontal canal; removed via alligator forceps.,Ear Infections,Clinical Notes,Identified plant awn (foxtail) deep in horizontal canal; removed via alligator forceps.
Check FeLV/FIV status in cats with unusual or severe skin condition.,Skin Irritations,Clinical Notes,Check FeLV/FIV status in cats with unusual or severe skin condition.
"Recommend topical flea/tick preventative (e.g., fipronil, selamectin, isoxazoline).",Parasites,Clinical Notes,"Recommend topical flea/tick preventative (e.g., fipronil, selamectin, isoxazoline)."
Fecal flotation positive for Ancylostoma caninum (hookworm) eggs.,Parasites,Clinical Notes,Fecal flotation positive for Ancylostoma caninum (hookworm) eggs.
"Adult-onset demodicosis warrants investigation for underlying immunosuppression (e.g., neoplasia, endocrine condition, immunosuppressive drugs).",Parasites,Clinical Notes,"Adult-onset demodicosis warrants investigation for underlying immunosuppression (e.g., neoplasia, endocrine condition, immunosuppressive drugs)."
Trichogram reveals damaged hair shafts consistent with excessive licking.,Skin Irritations,Clinical Notes,Trichogram reveals damaged hair shafts consistent with excessive licking.
"Bloodwork reveals mild non-regenerative anemia, hypoalbuminemia, and low cobalamin. Ultrasound recommended.",Digestive Issues,Clinical Notes,"Bloodwork reveals mild non-regenerative anemia, hypoalbuminemia, and low cobalamin. Ultrasound recommended."
"Discuss potential complications of ear surgery (facial nerve paralysis, hearing loss).",Ear Infections,Clinical Notes,"Discuss potential complications of ear surgery (facial nerve paralysis, hearing loss)."
Pemphigus foliaceus suspected due to crusting on face and paws; biopsy for histopathology.,Skin Irritations,Clinical Notes,Pemphigus foliaceus suspected due to crusting on face and paws; biopsy for histopathology.
Bacterial otitis; clean and apply antibiotic drops.,Ear Infections,Clinical Notes,Bacterial otitis; clean and apply antibiotic drops.
Advise owner to seek immediate attention if neurological signs develop or worsen.,Ear Infections,Clinical Notes,Advise owner to seek immediate attention if neurological signs develop or worsen.
"Ensure owner understands how to properly store (e.g., refrigerate) and warm medications if needed.",Ear Infections,Clinical Notes,"Ensure owner understands how to properly store (e.g., refrigerate) and warm medications if needed."
Prescribe sarolaner (Simparica) or lotilaner (Credelio) for monthly flea and tick control.,Parasites,Clinical Notes,Prescribe sarolaner (Simparica) or lotilaner (Credelio) for monthly flea and tick control.
Campylobacter jejuni isolated from fecal culture; treat with erythromycin if clinical signs warrant.,Digestive Issues,Clinical Notes,Campylobacter jejuni isolated from fecal culture; treat with erythromycin if clinical signs warrant.
"Rabbit presents with anorexia and decreased fecal output x 36 hrs. Abdomen slightly distended, doughy cecum palpated. Suspect GI stasis.",Digestive Issues,Clinical Notes,"Rabbit presents with anorexia and decreased fecal output x 36 hrs. Abdomen slightly distended, doughy cecum palpated. Suspect GI stasis."
"Assess quality of life using validated scale (e.g., Helsinki Chronic Pain Index, Canine Brief Pain Inventory).",Mobility Problems,Clinical Notes,"Assess quality of life using validated scale (e.g., Helsinki Chronic Pain Index, Canine Brief Pain Inventory)."
Advise owner that Sarcoptes mites can cause transient pruritus in humans.,Parasites,Clinical Notes,Advise owner that Sarcoptes mites can cause transient pruritus in humans.
Perform acetate tape preparation to check for yeast/bacteria.,Skin Irritations,Clinical Notes,Perform acetate tape preparation to check for yeast/bacteria.
Verify owner compliance with administration of monthly preventatives.,Parasites,Clinical Notes,Verify owner compliance with administration of monthly preventatives.
Exploratory laparotomy performed; biopsies collected.,Digestive Issues,Clinical Notes,Exploratory laparotomy performed; biopsies collected.
Demonstrate proper technique for administering oral liquid medications or pilling.,Digestive Issues,Clinical Notes,Demonstrate proper technique for administering oral liquid medications or pilling.
Vomiting with no obstruction; monitor and hydrate.,Digestive Issues,Clinical Notes,Vomiting with no obstruction; monitor and hydrate.
Esophagostomy tube placed for long-term nutritional support in anorexic feline patient.,Digestive Issues,Clinical Notes,Esophagostomy tube placed for long-term nutritional support in anorexic feline patient.
Advise use of E-collar to prevent self-trauma.,Skin Irritations,Clinical Notes,Advise use of E-collar to prevent self-trauma.
Tapeworm infection; prescribe drontal.,Parasites,Clinical Notes,Tapeworm infection; prescribe drontal.
"Degenerative myelopathy suspected based on breed, age, progressive UMN signs in hind limbs; genetic testing available.",Mobility Problems,Clinical Notes,"Degenerative myelopathy suspected based on breed, age, progressive UMN signs in hind limbs; genetic testing available."
"Primary secretory otitis media (PSOM) suspected; bulging, opaque TM noted. Myringotomy may be indicated.",Ear Infections,Clinical Notes,"Primary secretory otitis media (PSOM) suspected; bulging, opaque TM noted. Myringotomy may be indicated."
Discuss potential side effects of long-term steroid use.,Skin Irritations,Clinical Notes,Discuss potential side effects of long-term steroid use.
Prescribe oclacitinib (Apoquel) or corticosteroids for rapid relief of intense pruritus associated with FAD/mange.,Parasites,Clinical Notes,Prescribe oclacitinib (Apoquel) or corticosteroids for rapid relief of intense pruritus associated with FAD/mange.
Assess contralateral ear even if asymptomatic.,Ear Infections,Clinical Notes,Assess contralateral ear even if asymptomatic.
"Suspect GDV based on signalment, non-productive retching, and abdominal distension. Stabilize and perform emergency surgery.",Digestive Issues,Clinical Notes,"Suspect GDV based on signalment, non-productive retching, and abdominal distension. Stabilize and perform emergency surgery."
Abdominal distension; radiograph for obstruction.,Digestive Issues,Clinical Notes,Abdominal distension; radiograph for obstruction.
"Alopecia and scaling on dorsum; rule out dermatophytosis, collect fungal culture.",Skin Irritations,Clinical Notes,"Alopecia and scaling on dorsum; rule out dermatophytosis, collect fungal culture."
Subcutaneous Cuterebra larva identified by breathing pore; surgically remove intact larva.,Parasites,Clinical Notes,Subcutaneous Cuterebra larva identified by breathing pore; surgically remove intact larva.
Pain elicited on tail jack and direct palpation over lumbosacral junction; suspect degenerative lumbosacral stenosis (DLSS).,Mobility Problems,Clinical Notes,Pain elicited on tail jack and direct palpation over lumbosacral junction; suspect degenerative lumbosacral stenosis (DLSS).
"Feline panleukopenia virus antigen test positive in unvaccinated kitten with severe leukopenia, V/D.",Digestive Issues,Clinical Notes,"Feline panleukopenia virus antigen test positive in unvaccinated kitten with severe leukopenia, V/D."
Cutaneous trunci reflex cutoff identified.,Mobility Problems,Clinical Notes,Cutaneous trunci reflex cutoff identified.
"Consider placement of BNT (Bactericidal, Nematicidal, Triamcinolone) packing in stenotic canals.",Ear Infections,Clinical Notes,"Consider placement of BNT (Bactericidal, Nematicidal, Triamcinolone) packing in stenotic canals."
"Rule out aberrant parasite migration (e.g., Cuterebra in brain) with advanced imaging if neurological signs present.",Parasites,Clinical Notes,"Rule out aberrant parasite migration (e.g., Cuterebra in brain) with advanced imaging if neurological signs present."
Chronic otitis externa and recurrent skin infections; strong suspicion for underlying atopic dermatitis.,Skin Irritations,Clinical Notes,Chronic otitis externa and recurrent skin infections; strong suspicion for underlying atopic dermatitis.
Complete neurological exam performed and findings localized lesion to C1-C5 / C6-T2 / T3-L3 / L4-S3 spinal cord segments / neuromuscular / multifocal.,Mobility Problems,Clinical Notes,Complete neurological exam performed and findings localized lesion to C1-C5 / C6-T2 / T3-L3 / L4-S3 spinal cord segments / neuromuscular / multifocal.
"Clinical signs (caudal dorsal pruritus, papules, excoriations) highly suggestive of Flea Allergy Dermatitis (FAD). Strict flea control essential.",Parasites,Clinical Notes,"Clinical signs (caudal dorsal pruritus, papules, excoriations) highly suggestive of Flea Allergy Dermatitis (FAD). Strict flea control essential."
Nasogastric tube placed for nutritional support.,Digestive Issues,Clinical Notes,Nasogastric tube placed for nutritional support.
Otoscopy: Right TM intact but erythematous. Left TM obscured by purulent debris and canal stenosis.,Ear Infections,Clinical Notes,Otoscopy: Right TM intact but erythematous. Left TM obscured by purulent debris and canal stenosis.
"Fecal analysis: Direct smear negative for motile organisms, flotation negative for ova/parasites.",Digestive Issues,Clinical Notes,"Fecal analysis: Direct smear negative for motile organisms, flotation negative for ova/parasites."
"Fecal culture positive for Clostridium perfringens enterotoxin; treat symptomatically, consider metronidazole if severe.",Digestive Issues,Clinical Notes,"Fecal culture positive for Clostridium perfringens enterotoxin; treat symptomatically, consider metronidazole if severe."
"Toxoplasma gondii IgM titer positive, suggesting active/recent infection. Discuss treatment (clindamycin) and zoonotic precautions.",Parasites,Clinical Notes,"Toxoplasma gondii IgM titer positive, suggesting active/recent infection. Discuss treatment (clindamycin) and zoonotic precautions."
Lyme C6 antibody test positive; initiate doxycycline therapy.,Mobility Problems,Clinical Notes,Lyme C6 antibody test positive; initiate doxycycline therapy.
"Patient presents for acute onset vomiting (x5 today) and anorexia. Mild dehydration noted (tacky MM, CRT 2s).",Digestive Issues,Clinical Notes,"Patient presents for acute onset vomiting (x5 today) and anorexia. Mild dehydration noted (tacky MM, CRT 2s)."
Educate owner on proper ear medication administration technique.,Ear Infections,Clinical Notes,Educate owner on proper ear medication administration technique.
Rule out hypothyroidism via T4/TSH/free T4 testing.,Skin Irritations,Clinical Notes,Rule out hypothyroidism via T4/TSH/free T4 testing.
Discuss long-term prognosis and expected outcomes with owner.,Mobility Problems,Clinical Notes,Discuss long-term prognosis and expected outcomes with owner.
Provide client handout illustrating common intestinal parasites and their control.,Parasites,Clinical Notes,Provide client handout illustrating common intestinal parasites and their control.
Consider acupuncture or chiropractic care as adjunctive therapies.,Mobility Problems,Clinical Notes,Consider acupuncture or chiropractic care as adjunctive therapies.
Advise avoidance of known allergens if possible.,Skin Irritations,Clinical Notes,Advise avoidance of known allergens if possible.
Otitis media/interna common sequela to respiratory infection in rabbits.,Ear Infections,Clinical Notes,Otitis media/interna common sequela to respiratory infection in rabbits.
"Wet tail in hamster; guarded prognosis, provide heat support, antibiotics, fluids.",Digestive Issues,Clinical Notes,"Wet tail in hamster; guarded prognosis, provide heat support, antibiotics, fluids."
Consider therapeutic laser sessions.,Mobility Problems,Clinical Notes,Consider therapeutic laser sessions.
Utilize zinc sulfate centrifugation for fecal flotation to improve Giardia cyst detection.,Parasites,Clinical Notes,Utilize zinc sulfate centrifugation for fecal flotation to improve Giardia cyst detection.
Schedule phone update or recheck appointment based on patient stability and owner preference.,Digestive Issues,Clinical Notes,Schedule phone update or recheck appointment based on patient stability and owner preference.
Fecal score recorded (using standardized chart).,Digestive Issues,Clinical Notes,Fecal score recorded (using standardized chart).
"Recommend physical therapy/rehabilitation (e.g., underwater treadmill, laser therapy, passive range of motion exercises).",Mobility Problems,Clinical Notes,"Recommend physical therapy/rehabilitation (e.g., underwater treadmill, laser therapy, passive range of motion exercises)."
Pattern baldness (pinnal alopecia) noted in Dachshund; cosmetic issue.,Skin Irritations,Clinical Notes,Pattern baldness (pinnal alopecia) noted in Dachshund; cosmetic issue.
Osteochondritis dissecans (OCD) flap identified on caudal aspect of humeral head.,Mobility Problems,Clinical Notes,Osteochondritis dissecans (OCD) flap identified on caudal aspect of humeral head.
"Monitor for fever, lethargy, anorexia indicating systemic involvement.",Ear Infections,Clinical Notes,"Monitor for fever, lethargy, anorexia indicating systemic involvement."
Otitis externa with erythema; prescribe steroid therapy.,Ear Infections,Clinical Notes,Otitis externa with erythema; prescribe steroid therapy.
"Palpable medial buttress (fibrosis of joint capsule) present in left stifle, indicative of chronic CCL condition.",Mobility Problems,Clinical Notes,"Palpable medial buttress (fibrosis of joint capsule) present in left stifle, indicative of chronic CCL condition."
"Neoplasia (e.g., adenocarcinoma, lymphoma) high on differential list for older animal.",Digestive Issues,Clinical Notes,"Neoplasia (e.g., adenocarcinoma, lymphoma) high on differential list for older animal."
Consider referral to neurologist if central vestibular signs suspected.,Ear Infections,Clinical Notes,Consider referral to neurologist if central vestibular signs suspected.
"Immune-mediated polyarthritis suspected; perform joint taps on multiple joints (carpi, stifles, hocks), ANA titer, rheumatoid factor.",Mobility Problems,Clinical Notes,"Immune-mediated polyarthritis suspected; perform joint taps on multiple joints (carpi, stifles, hocks), ANA titer, rheumatoid factor."
Ensure rabbit environment is clean to prevent flystrike.,Parasites,Clinical Notes,Ensure rabbit environment is clean to prevent flystrike.
Instruct owner on proper administration of oral medications.,Digestive Issues,Clinical Notes,Instruct owner on proper administration of oral medications.
Treat secondary pyoderma with appropriate antibiotics based on cytology/culture.,Parasites,Clinical Notes,Treat secondary pyoderma with appropriate antibiotics based on cytology/culture.
Recommend imaging (CT or MRI) to evaluate middle and inner ear structures.,Ear Infections,Clinical Notes,Recommend imaging (CT or MRI) to evaluate middle and inner ear structures.
Strategic deworming protocol recommended for puppies/kittens.,Parasites,Clinical Notes,Strategic deworming protocol recommended for puppies/kittens.
Recommend hypoallergenic diet trial for suspected food allergy.,Digestive Issues,Clinical Notes,Recommend hypoallergenic diet trial for suspected food allergy.
Prescribe spinosad (Comfortis) or spinetoram (Cheristin) for flea control.,Parasites,Clinical Notes,Prescribe spinosad (Comfortis) or spinetoram (Cheristin) for flea control.
Exocrine pancreatic insufficiency (EPI) suspected due to steatorrhea and weight loss; TLI test recommended.,Digestive Issues,Clinical Notes,Exocrine pancreatic insufficiency (EPI) suspected due to steatorrhea and weight loss; TLI test recommended.
Assess hearing crudely via response to auditory stimuli (clap test). BAER testing definitive.,Ear Infections,Clinical Notes,Assess hearing crudely via response to auditory stimuli (clap test). BAER testing definitive.
Cerenia injection administered for anti-emetic effect.,Digestive Issues,Clinical Notes,Cerenia injection administered for anti-emetic effect.
Suspect gastric ulceration due to melena/hematemesis and NSAID history. Start omeprazole and sucralfate.,Digestive Issues,Clinical Notes,Suspect gastric ulceration due to melena/hematemesis and NSAID history. Start omeprazole and sucralfate.
Chronic constipation; prescribe lactulose.,Digestive Issues,Clinical Notes,Chronic constipation; prescribe lactulose.
Legg-Calve-Perthes condition (avascular necrosis of femoral head) suspected in young small breed dog.,Mobility Problems,Clinical Notes,Legg-Calve-Perthes condition (avascular necrosis of femoral head) suspected in young small breed dog.
Administer Apoquel for rapid relief of allergic itch.,Skin Irritations,Clinical Notes,Administer Apoquel for rapid relief of allergic itch.
Intradermal allergy testing indicated for non-seasonal pruritus.,Skin Irritations,Clinical Notes,Intradermal allergy testing indicated for non-seasonal pruritus.
Radiographs show narrowing of L7-S1 disc space.,Mobility Problems,Clinical Notes,Radiographs show narrowing of L7-S1 disc space.
Spondylosis deformans noted incidentally on spinal radiographs; may not be clinically significant.,Mobility Problems,Clinical Notes,Spondylosis deformans noted incidentally on spinal radiographs; may not be clinically significant.
Treat tick-borne condition with doxycycline.,Parasites,Clinical Notes,Treat tick-borne condition with doxycycline.
Juvenile cellulitis (puppy strangles) presenting with facial swelling and pustules.,Skin Irritations,Clinical Notes,Juvenile cellulitis (puppy strangles) presenting with facial swelling and pustules.
Myringotomy performed to sample middle ear fluid.,Ear Infections,Clinical Notes,Myringotomy performed to sample middle ear fluid.
Parvovirus snap test positive; initiate isolation protocol and supportive care.,Digestive Issues,Clinical Notes,Parvovirus snap test positive; initiate isolation protocol and supportive care.
Document parasite findings and treatment plan in medical record.,Parasites,Clinical Notes,Document parasite findings and treatment plan in medical record.
Administer subcutaneous fluids for rehydration.,Digestive Issues,Clinical Notes,Administer subcutaneous fluids for rehydration.
"Instruct owner on monitoring toes for swelling, coldness, or odor distal to cast/splint.",Mobility Problems,Clinical Notes,"Instruct owner on monitoring toes for swelling, coldness, or odor distal to cast/splint."
"Protein-losing enteropathy (PLE) suspected; differentials include lymphangiectasia, IBD, lymphoma. Further workup needed.",Digestive Issues,Clinical Notes,"Protein-losing enteropathy (PLE) suspected; differentials include lymphangiectasia, IBD, lymphoma. Further workup needed."
"Treat Cheyletiella with selamectin, ivermectin, or fipronil.",Parasites,Clinical Notes,"Treat Cheyletiella with selamectin, ivermectin, or fipronil."
"Panosteitis suspected in young, large breed dog with shifting leg lameness and long bone pain on palpation.",Mobility Problems,Clinical Notes,"Panosteitis suspected in young, large breed dog with shifting leg lameness and long bone pain on palpation."
"Use milbemycin oxime (Interceptor, Sentinel) for heartworm/roundworm/hookworm/whipworm prevention.",Parasites,Clinical Notes,"Use milbemycin oxime (Interceptor, Sentinel) for heartworm/roundworm/hookworm/whipworm prevention."
Reassess pain control at each visit.,Mobility Problems,Clinical Notes,Reassess pain control at each visit.
"Suspect contact dermatitis on ventral chest/abdomen; advise owner regarding potential irritants (bedding, cleaners).",Skin Irritations,Clinical Notes,"Suspect contact dermatitis on ventral chest/abdomen; advise owner regarding potential irritants (bedding, cleaners)."
"Implement routine deworming schedule for puppies/kittens (e.g., starting at 2 weeks, repeat every 2 weeks).",Parasites,Clinical Notes,"Implement routine deworming schedule for puppies/kittens (e.g., starting at 2 weeks, repeat every 2 weeks)."
Absence of withdrawal reflex in hind limbs.,Mobility Problems,Clinical Notes,Absence of withdrawal reflex in hind limbs.
Suspect pancreatitis based on clinical signs and history; cPL snap test pending.,Digestive Issues,Clinical Notes,Suspect pancreatitis based on clinical signs and history; cPL snap test pending.
Paraspinal hyperesthesia noted in T13-L2 region. Rule out Type I IVDD.,Mobility Problems,Clinical Notes,Paraspinal hyperesthesia noted in T13-L2 region. Rule out Type I IVDD.
Sebaceous adenitis suspected due to follicular casts and alopecia; biopsy confirms.,Skin Irritations,Clinical Notes,Sebaceous adenitis suspected due to follicular casts and alopecia; biopsy confirms.
Luxated joint identified; attempt closed reduction.,Mobility Problems,Clinical Notes,Luxated joint identified; attempt closed reduction.
Knemidokoptes mites causing scaly face/leg in bird; treat with ivermectin.,Parasites,Clinical Notes,Knemidokoptes mites causing scaly face/leg in bird; treat with ivermectin.
Discuss importance of year-round flea prevention.,Skin Irritations,Clinical Notes,Discuss importance of year-round flea prevention.
Papules and erythema on chest; medicated wash prescribed.,Skin Irritations,Clinical Notes,Papules and erythema on chest; medicated wash prescribed.
Intestinal parasites should be considered a differential for chronic vomiting or diarrhea.,Parasites,Clinical Notes,Intestinal parasites should be considered a differential for chronic vomiting or diarrhea.
"Recommend installing ramps, using non-slip mats, providing orthopedic bedding, and using raised food/water bowls.",Mobility Problems,Clinical Notes,"Recommend installing ramps, using non-slip mats, providing orthopedic bedding, and using raised food/water bowls."
"GI stasis suspected in rabbit; provide supportive care (fluids, analgesia, motility drugs).",Digestive Issues,Clinical Notes,"GI stasis suspected in rabbit; provide supportive care (fluids, analgesia, motility drugs)."
"Rule out underlying trauma (e.g., bite wound, foreign body penetration) as cause of pinnal swelling/infection.",Ear Infections,Clinical Notes,"Rule out underlying trauma (e.g., bite wound, foreign body penetration) as cause of pinnal swelling/infection."
Monitor for cast sores or swelling distal to bandage.,Mobility Problems,Clinical Notes,Monitor for cast sores or swelling distal to bandage.
"Instruct owner on monitoring parameters: appetite (scale 1-5), vomiting episodes, fecal score (1-7), activity level.",Digestive Issues,Clinical Notes,"Instruct owner on monitoring parameters: appetite (scale 1-5), vomiting episodes, fecal score (1-7), activity level."
"Impacted and infected anal sacs causing pain and reluctance to defecate. Expressed sacs, infuse antibiotic ointment.",Digestive Issues,Clinical Notes,"Impacted and infected anal sacs causing pain and reluctance to defecate. Expressed sacs, infuse antibiotic ointment."
Monitor body condition score (BCS) and muscle condition score (MCS).,Digestive Issues,Clinical Notes,Monitor body condition score (BCS) and muscle condition score (MCS).
"Advise owner on modifications like using carpet runners, ramps instead of stairs, and avoiding slippery surfaces.",Mobility Problems,Clinical Notes,"Advise owner on modifications like using carpet runners, ramps instead of stairs, and avoiding slippery surfaces."
"Bilateral otitis externa (AU). Moderate erythema, mild edema, copious brown ceruminous exudate.",Ear Infections,Clinical Notes,"Bilateral otitis externa (AU). Moderate erythema, mild edema, copious brown ceruminous exudate."
"Cytauxzoon felis piroplasms identified on peripheral blood smear. Initiate treatment (atovaquone/azithromycin), grave prognosis.",Parasites,Clinical Notes,"Cytauxzoon felis piroplasms identified on peripheral blood smear. Initiate treatment (atovaquone/azithromycin), grave prognosis."
"Provide comprehensive written discharge summary including diagnosis, treatment plan, and follow-up.",Ear Infections,Clinical Notes,"Provide comprehensive written discharge summary including diagnosis, treatment plan, and follow-up."
Osteoarthritis in elbows; start joint supplements.,Mobility Problems,Clinical Notes,Osteoarthritis in elbows; start joint supplements.
"Prescribe topical antibiotic/antifungal/steroid combination (e.g., Mometamax, Otomax, Claro).",Ear Infections,Clinical Notes,"Prescribe topical antibiotic/antifungal/steroid combination (e.g., Mometamax, Otomax, Claro)."
Advise hypoallergenic shampoo and conditioner.,Skin Irritations,Clinical Notes,Advise hypoallergenic shampoo and conditioner.
Initiate IV fluid therapy and monitor electrolytes.,Digestive Issues,Clinical Notes,Initiate IV fluid therapy and monitor electrolytes.
"Symmetrical alopecia on flanks; rule out endocrine disorders (hypothyroidism, Cushing's).",Skin Irritations,Clinical Notes,"Symmetrical alopecia on flanks; rule out endocrine disorders (hypothyroidism, Cushing's)."
Acral lick granuloma on carpus; address underlying anxiety/boredom.,Skin Irritations,Clinical Notes,Acral lick granuloma on carpus; address underlying anxiety/boredom.
Initiate 8-week hypoallergenic food trial (novel protein or hydrolyzed diet) for suspected food allergy.,Skin Irritations,Clinical Notes,Initiate 8-week hypoallergenic food trial (novel protein or hydrolyzed diet) for suspected food allergy.
Adjust medication dosages as needed.,Mobility Problems,Clinical Notes,Adjust medication dosages as needed.
Seborrhea with erythema on limbs; shampoo therapy started.,Skin Irritations,Clinical Notes,Seborrhea with erythema on limbs; shampoo therapy started.
"Neurological examination reveals hind limb ataxia, proprioceptive deficits, and hyperreflexia.",Mobility Problems,Clinical Notes,"Neurological examination reveals hind limb ataxia, proprioceptive deficits, and hyperreflexia."
Scaling and redness on ears; topical steroids prescribed.,Skin Irritations,Clinical Notes,Scaling and redness on ears; topical steroids prescribed.
Otoscopic exam: Tympanic membrane visualized and intact (left ear); obscured by debris (right ear).,Ear Infections,Clinical Notes,Otoscopic exam: Tympanic membrane visualized and intact (left ear); obscured by debris (right ear).
Check for ticks within the ear canal.,Ear Infections,Clinical Notes,Check for ticks within the ear canal.
Pruritic sores on chest; medicated bath recommended.,Skin Irritations,Clinical Notes,Pruritic sores on chest; medicated bath recommended.
"If treating resistant Pseudomonas, consider TrizEDTA flushes and potentially compounded topical antibiotics based on MIC values.",Ear Infections,Clinical Notes,"If treating resistant Pseudomonas, consider TrizEDTA flushes and potentially compounded topical antibiotics based on MIC values."
Cutaneous B-cell lymphoma suspected based on multiple nodules; biopsy for confirmation and staging.,Skin Irritations,Clinical Notes,Cutaneous B-cell lymphoma suspected based on multiple nodules; biopsy for confirmation and staging.
Cerebrospinal fluid (CSF) analysis results within normal limits.,Mobility Problems,Clinical Notes,Cerebrospinal fluid (CSF) analysis results within normal limits.
"Perianal irritation and scooting; express anal sacs, check for tapeworms.",Skin Irritations,Clinical Notes,"Perianal irritation and scooting; express anal sacs, check for tapeworms."
Pododermatitis with interdigital swelling and discharge; cytology shows yeast and bacteria.,Skin Irritations,Clinical Notes,Pododermatitis with interdigital swelling and discharge; cytology shows yeast and bacteria.
OFA preliminary radiographs suggest moderate elbow dysplasia.,Mobility Problems,Clinical Notes,OFA preliminary radiographs suggest moderate elbow dysplasia.
Calcinosis cutis suspected in patient on chronic steroids; firm plaques on dorsum.,Skin Irritations,Clinical Notes,Calcinosis cutis suspected in patient on chronic steroids; firm plaques on dorsum.
"Recommend screening for tick-borne conditions 4-8 weeks after known tick exposure, even if asymptomatic.",Parasites,Clinical Notes,"Recommend screening for tick-borne conditions 4-8 weeks after known tick exposure, even if asymptomatic."
Skin biopsy submitted for histopathology and culture.,Skin Irritations,Clinical Notes,Skin biopsy submitted for histopathology and culture.
"Recommend medicated shampoo (e.g., chlorhexidine, ketoconazole) based on cytology findings.",Skin Irritations,Clinical Notes,"Recommend medicated shampoo (e.g., chlorhexidine, ketoconazole) based on cytology findings."
Immune-mediated skin condition suspected; requires further workup.,Skin Irritations,Clinical Notes,Immune-mediated skin condition suspected; requires further workup.
Advise bathing pet with appropriate shampoo to remove flea dirt/scales.,Parasites,Clinical Notes,Advise bathing pet with appropriate shampoo to remove flea dirt/scales.
Recommend omega-3 fatty acid supplementation to support skin barrier function.,Skin Irritations,Clinical Notes,Recommend omega-3 fatty acid supplementation to support skin barrier function.
Supraspinatus tendinopathy suspected.,Mobility Problems,Clinical Notes,Supraspinatus tendinopathy suspected.
"Bumblefoot (pododermatitis) present in guinea pig; address husbandry (bedding, hygiene) and treat infection/pain.",Mobility Problems,Clinical Notes,"Bumblefoot (pododermatitis) present in guinea pig; address husbandry (bedding, hygiene) and treat infection/pain."
Bone biopsy collected for histopathology.,Mobility Problems,Clinical Notes,Bone biopsy collected for histopathology.
PennHIP evaluation performed for hip laxity assessment.,Mobility Problems,Clinical Notes,PennHIP evaluation performed for hip laxity assessment.
Vertical ear canal ablation (VECA) considered for neoplasia confined to vertical canal.,Ear Infections,Clinical Notes,Vertical ear canal ablation (VECA) considered for neoplasia confined to vertical canal.
Document response to previous treatments.,Ear Infections,Clinical Notes,Document response to previous treatments.
Heartworm adulticide treatment (melarsomine injections) administered according to AHS guidelines. Strict exercise restriction crucial.,Parasites,Clinical Notes,Heartworm adulticide treatment (melarsomine injections) administered according to AHS guidelines. Strict exercise restriction crucial.
"Evaluate for concurrent dermatological conditions (e.g., FAD, atopy).",Ear Infections,Clinical Notes,"Evaluate for concurrent dermatological conditions (e.g., FAD, atopy)."
Implement long-term maintenance protocol involving weekly cleaning and application of topical steroid.,Ear Infections,Clinical Notes,Implement long-term maintenance protocol involving weekly cleaning and application of topical steroid.
"Observe gait at walk and trot, assess for head bob (forelimb) or hip hike (hindlimb).",Mobility Problems,Clinical Notes,"Observe gait at walk and trot, assess for head bob (forelimb) or hip hike (hindlimb)."
Exploratory laparotomy reveals linear foreign body extending from stomach to jejunum. Enterotomy performed.,Digestive Issues,Clinical Notes,Exploratory laparotomy reveals linear foreign body extending from stomach to jejunum. Enterotomy performed.
Solar dermatitis on non-pigmented pinnae/planum nasale; advise sun avoidance/sunscreen.,Skin Irritations,Clinical Notes,Solar dermatitis on non-pigmented pinnae/planum nasale; advise sun avoidance/sunscreen.
Culture results: Methicillin-resistant Staphylococcus pseudintermedius (MRSP); consult on treatment.,Ear Infections,Clinical Notes,Culture results: Methicillin-resistant Staphylococcus pseudintermedius (MRSP); consult on treatment.
Nodular dermatofibrosis; recommend abdominal ultrasound to check for renal cystadenocarcinoma.,Skin Irritations,Clinical Notes,Nodular dermatofibrosis; recommend abdominal ultrasound to check for renal cystadenocarcinoma.
Abdominal ultrasound shows hyperechoic pancreas with surrounding mesenteric reaction. No obvious foreign body or mass.,Digestive Issues,Clinical Notes,Abdominal ultrasound shows hyperechoic pancreas with surrounding mesenteric reaction. No obvious foreign body or mass.
Lateral ear resection discussed as potential surgical option to improve ventilation.,Ear Infections,Clinical Notes,Lateral ear resection discussed as potential surgical option to improve ventilation.
Ensure owner understands chronicity and need for ongoing management in many cases.,Ear Infections,Clinical Notes,Ensure owner understands chronicity and need for ongoing management in many cases.
Fecal smear/flotation positive for Giardia cysts/trophozoites.,Parasites,Clinical Notes,Fecal smear/flotation positive for Giardia cysts/trophozoites.
Marked crepitus and decreased range of motion in left stifle; suspect severe OA.,Mobility Problems,Clinical Notes,Marked crepitus and decreased range of motion in left stifle; suspect severe OA.
Culture and sensitivity results: Staphylococcus pseudintermedius sensitive to cephalexin.,Skin Irritations,Clinical Notes,Culture and sensitivity results: Staphylococcus pseudintermedius sensitive to cephalexin.
"Culture result: MRSP (Methicillin-Resistant Staph pseudintermedius). Treat based on sensitivity (e.g., chloramphenicol, doxycycline).",Ear Infections,Clinical Notes,"Culture result: MRSP (Methicillin-Resistant Staph pseudintermedius). Treat based on sensitivity (e.g., chloramphenicol, doxycycline)."
Use caution with ivermectin in collie-type breeds; check MDR1 status if possible.,Parasites,Clinical Notes,Use caution with ivermectin in collie-type breeds; check MDR1 status if possible.
"Acral lick dermatitis on left carpus; address underlying cause (allergy, pain, anxiety) and prevent licking (E-collar).",Skin Irritations,Clinical Notes,"Acral lick dermatitis on left carpus; address underlying cause (allergy, pain, anxiety) and prevent licking (E-collar)."
Cheyletiella mites ('walking dandruff') identified via acetate tape preparation.,Parasites,Clinical Notes,Cheyletiella mites ('walking dandruff') identified via acetate tape preparation.
"Rule out GI neoplasia (adenocarcinoma, lymphoma, leiomyosarcoma) in older patient with weight loss, vomiting, or diarrhea.",Digestive Issues,Clinical Notes,"Rule out GI neoplasia (adenocarcinoma, lymphoma, leiomyosarcoma) in older patient with weight loss, vomiting, or diarrhea."
Skin scrape positive for Demodex mites; initiate ivermectin therapy.,Skin Irritations,Clinical Notes,Skin scrape positive for Demodex mites; initiate ivermectin therapy.
Pediculosis (lice infestation) confirmed; treat with appropriate insecticide.,Parasites,Clinical Notes,Pediculosis (lice infestation) confirmed; treat with appropriate insecticide.
"Marked pedal erythema and pruritus; suspect pododermatitis, possible allergic component.",Skin Irritations,Clinical Notes,"Marked pedal erythema and pruritus; suspect pododermatitis, possible allergic component."
"Exfoliative dermatitis; consider differentials including sebaceous adenitis, ichthyosis, lymphoma.",Skin Irritations,Clinical Notes,"Exfoliative dermatitis; consider differentials including sebaceous adenitis, ichthyosis, lymphoma."
Babesia canis identified via PCR. Treatment options discussed (imidocarb dipropionate).,Parasites,Clinical Notes,Babesia canis identified via PCR. Treatment options discussed (imidocarb dipropionate).
Multiple comedones present; suggests endocrine or keratinization defect.,Skin Irritations,Clinical Notes,Multiple comedones present; suggests endocrine or keratinization defect.
Erythema multiforme suspected; search for potential drug reaction or infectious trigger.,Skin Irritations,Clinical Notes,Erythema multiforme suspected; search for potential drug reaction or infectious trigger.
Cellulitis developing secondary to puncture wound; start broad-spectrum antibiotics.,Skin Irritations,Clinical Notes,Cellulitis developing secondary to puncture wound; start broad-spectrum antibiotics.
Salmonella ruled out via fecal culture.,Digestive Issues,Clinical Notes,Salmonella ruled out via fecal culture.
"Instill long-acting ear medication (e.g., Claro, Osurnia) in clinic.",Ear Infections,Clinical Notes,"Instill long-acting ear medication (e.g., Claro, Osurnia) in clinic."
Rule out Taenia vs. Dipylidium tapeworms based on history (hunting vs. fleas).,Parasites,Clinical Notes,Rule out Taenia vs. Dipylidium tapeworms based on history (hunting vs. fleas).
Deep skin scraping negative for Demodex mites; surface scraping negative for Sarcoptes.,Skin Irritations,Clinical Notes,Deep skin scraping negative for Demodex mites; surface scraping negative for Sarcoptes.
Patient presents with anorexia and lethargy x 48 hours. Dehydration estimated at 5%.,Digestive Issues,Clinical Notes,Patient presents with anorexia and lethargy x 48 hours. Dehydration estimated at 5%.
"Conservative management of CCL tear (rest, NSAIDs, rehab) discussed as alternative to surgery.",Mobility Problems,Clinical Notes,"Conservative management of CCL tear (rest, NSAIDs, rehab) discussed as alternative to surgery."
Confine patient to safe area if experiencing severe ataxia.,Ear Infections,Clinical Notes,Confine patient to safe area if experiencing severe ataxia.
Discuss prognosis based on diagnosis.,Mobility Problems,Clinical Notes,Discuss prognosis based on diagnosis.
"Discontinue potentially offending medication (e.g., new antibiotic) and monitor for resolution of GI signs.",Digestive Issues,Clinical Notes,"Discontinue potentially offending medication (e.g., new antibiotic) and monitor for resolution of GI signs."
Evaluate conformation of ear canal (stenotic breeds).,Ear Infections,Clinical Notes,Evaluate conformation of ear canal (stenotic breeds).
Zinc-responsive dermatosis suspected in husky; recommend zinc supplementation.,Skin Irritations,Clinical Notes,Zinc-responsive dermatosis suspected in husky; recommend zinc supplementation.
Fecal flotation positive for Trichuris vulpis (whipworm) eggs.,Parasites,Clinical Notes,Fecal flotation positive for Trichuris vulpis (whipworm) eggs.
Histoplasmosis can cause chronic large bowel diarrhea.,Digestive Issues,Clinical Notes,Histoplasmosis can cause chronic large bowel diarrhea.
"Advise thorough environmental decontamination for fleas (vacuuming, washing bedding, IGR premise spray).",Parasites,Clinical Notes,"Advise thorough environmental decontamination for fleas (vacuuming, washing bedding, IGR premise spray)."
History of dietary indiscretion (garbage ingestion).,Digestive Issues,Clinical Notes,History of dietary indiscretion (garbage ingestion).
"Suspect otitis media/interna AS based on persistent head tilt, nystagmus, and pain on bulla palpation.",Ear Infections,Clinical Notes,"Suspect otitis media/interna AS based on persistent head tilt, nystagmus, and pain on bulla palpation."
Toxoplasma antibody titer elevated; discuss zoonotic risk and treatment options if clinical signs present.,Parasites,Clinical Notes,Toxoplasma antibody titer elevated; discuss zoonotic risk and treatment options if clinical signs present.
Recommend bathing pet prior to applying topical ectoparasiticides if coat is dirty.,Parasites,Clinical Notes,Recommend bathing pet prior to applying topical ectoparasiticides if coat is dirty.
End-stage otitis; recommend total ear canal ablation and bulla osteotomy (TECA-BO).,Ear Infections,Clinical Notes,End-stage otitis; recommend total ear canal ablation and bulla osteotomy (TECA-BO).
Trixacarus caviae (guinea pig mite) infestation; treat with ivermectin/selamectin.,Parasites,Clinical Notes,Trixacarus caviae (guinea pig mite) infestation; treat with ivermectin/selamectin.
Otitis externa is often a secondary problem; identifying the primary trigger is key to management.,Ear Infections,Clinical Notes,Otitis externa is often a secondary problem; identifying the primary trigger is key to management.
Chronic diarrhea; trial hydrolyzed diet.,Digestive Issues,Clinical Notes,Chronic diarrhea; trial hydrolyzed diet.
Bloodwork (CBC/Chem) within normal limits.,Digestive Issues,Clinical Notes,Bloodwork (CBC/Chem) within normal limits.
Check for concurrent skin condition.,Ear Infections,Clinical Notes,Check for concurrent skin condition.
Provide handout on flea control.,Parasites,Clinical Notes,Provide handout on flea control.
"Educate owner on signs of IVDD progression (worsening weakness, loss of bladder control, loss of deep pain).",Mobility Problems,Clinical Notes,"Educate owner on signs of IVDD progression (worsening weakness, loss of bladder control, loss of deep pain)."
Gradual return to activity protocol provided.,Mobility Problems,Clinical Notes,Gradual return to activity protocol provided.
"Initiate treatment for sarcoptic mange (e.g., selamectin, ivermectin, isoxazoline).",Parasites,Clinical Notes,"Initiate treatment for sarcoptic mange (e.g., selamectin, ivermectin, isoxazoline)."
Microscopic exam of ear debris confirms presence of Otodectes cynotis mites and eggs.,Ear Infections,Clinical Notes,Microscopic exam of ear debris confirms presence of Otodectes cynotis mites and eggs.
Deep ear flush performed using video otoscope and specialized flushing/suction equipment.,Ear Infections,Clinical Notes,Deep ear flush performed using video otoscope and specialized flushing/suction equipment.
"Initiate multimodal pain management: NSAID (e.g., firocoxib) + gabapentin.",Mobility Problems,Clinical Notes,"Initiate multimodal pain management: NSAID (e.g., firocoxib) + gabapentin."
Deep skin scrape positive for Demodex canis mites.,Parasites,Clinical Notes,Deep skin scrape positive for Demodex canis mites.
Giardia cysts confirmed; start panacur.,Parasites,Clinical Notes,Giardia cysts confirmed; start panacur.
Fecal flotation via centrifugation positive for Toxocara cati eggs (+++).,Parasites,Clinical Notes,Fecal flotation via centrifugation positive for Toxocara cati eggs (+++).
Elbow radiographs confirm fragmented medial coronoid process (FCP). Arthroscopy recommended.,Mobility Problems,Clinical Notes,Elbow radiographs confirm fragmented medial coronoid process (FCP). Arthroscopy recommended.
Monitor urine output (>1-2 ml/kg/hr) as indicator of adequate perfusion and hydration.,Digestive Issues,Clinical Notes,Monitor urine output (>1-2 ml/kg/hr) as indicator of adequate perfusion and hydration.
Gastric ulcer suspected due to melena/hematemesis; start gastroprotectants.,Digestive Issues,Clinical Notes,Gastric ulcer suspected due to melena/hematemesis; start gastroprotectants.
Emphasize importance of picking up feces promptly to reduce environmental contamination.,Parasites,Clinical Notes,Emphasize importance of picking up feces promptly to reduce environmental contamination.
Evaluate home environment for potential hazards (slippery floors).,Mobility Problems,Clinical Notes,Evaluate home environment for potential hazards (slippery floors).
"Recommend joint supplements containing glucosamine, chondroitin, omega-3 fatty acids.",Mobility Problems,Clinical Notes,"Recommend joint supplements containing glucosamine, chondroitin, omega-3 fatty acids."
Eosinophilic granuloma complex lesion on lip; biopsy recommended.,Skin Irritations,Clinical Notes,Eosinophilic granuloma complex lesion on lip; biopsy recommended.
Chronic dermatitis on chest; oral steroids started.,Skin Irritations,Clinical Notes,Chronic dermatitis on chest; oral steroids started.
"Multiple subcutaneous lipomas palpated; FNA performed on largest mass, confirms adipose tissue.",Skin Irritations,Clinical Notes,"Multiple subcutaneous lipomas palpated; FNA performed on largest mass, confirms adipose tissue."
Bridging spondylosis noted along ventral aspect of lumbar vertebrae; likely incidental finding.,Mobility Problems,Clinical Notes,Bridging spondylosis noted along ventral aspect of lumbar vertebrae; likely incidental finding.
Referral to veterinary surgeon recommended for TECA-BO evaluation.,Ear Infections,Clinical Notes,Referral to veterinary surgeon recommended for TECA-BO evaluation.
Chronic otitis externa has led to severe hyperplastic changes and calcification of vertical canal.,Ear Infections,Clinical Notes,Chronic otitis externa has led to severe hyperplastic changes and calcification of vertical canal.
"Feline patient presents with acute onset hind limb paresis, vocalization, cold/cyanotic paws, absent femoral pulses. High suspicion for ATE.",Mobility Problems,Clinical Notes,"Feline patient presents with acute onset hind limb paresis, vocalization, cold/cyanotic paws, absent femoral pulses. High suspicion for ATE."
Calcinosis cutis suspected based on firm plaques on dorsum; check cortisol levels.,Skin Irritations,Clinical Notes,Calcinosis cutis suspected based on firm plaques on dorsum; check cortisol levels.
Nasal planum depigmentation and ulceration; consider discoid lupus erythematosus.,Skin Irritations,Clinical Notes,Nasal planum depigmentation and ulceration; consider discoid lupus erythematosus.
Nutritional support/calorie management crucial for optimal body condition.,Mobility Problems,Clinical Notes,Nutritional support/calorie management crucial for optimal body condition.
Initiate treatment for sarcoptic mange using selamectin or isoxazoline. Treat all in-contact animals.,Parasites,Clinical Notes,Initiate treatment for sarcoptic mange using selamectin or isoxazoline. Treat all in-contact animals.
Empirical deworming with fenbendazole administered due to young age and history.,Digestive Issues,Clinical Notes,Empirical deworming with fenbendazole administered due to young age and history.
