query,true_condition,animal_filter,top1_condition,retrieved_conditions,correct_rank,hit_at_1,hit_at_3,hit_at_5,top1_text,top1_score
My ferret scratches at his ears until they bleed.,Ear Infections,,Ear Infections,"['Ear Infections', 'Skin Irritations', 'Ear Infections', 'Ear Infections', 'Ear Infections']",1.0,True,True,True,Flush ears gently under sedation due to pain and debris.,0.6185632944107056
Cat seems painful when she opens her mouth wide to yawn.,Ear Infections,,Ear Infections,"['Ear Infections', 'Ear Infections', 'Ear Infections', 'Ear Infections', 'Ear Infections']",1.0,True,True,True,Pain elicited on opening mouth fully; may indicate TMJ involvement or referred pain from otitis media.,0.6252292394638062
"My dog has developed sudden, severe abdominal distension.",Digestive Issues,,Digestive Issues,"['Digestive Issues', 'Ear Infections', 'Digestive Issues', 'Digestive Issues', 'Digestive Issues']",1.0,True,True,True,"Recommend highly digestible therapeutic diet (e.g., Hill's i/d, Royal Canin GI).",0.6475435495376587
Guinea pig is scratching itself raw.,Parasites,,Skin Irritations,"['Skin Irritations', 'Ear Infections', 'Skin Irritations', 'Skin Irritations', 'Skin Irritations']",,False,False,False,"Pododermatitis in guinea pig; assess husbandry (substrate, cleanliness), rule out infection/scurvy.",0.5355255603790283
Rabbit has a broken leg after an accident.,Mobility Problems,,Digestive Issues,"['Digestive Issues', 'Mobility Problems', 'Digestive Issues', 'Ear Infections', 'Digestive Issues']",2.0,False,True,True,"Rabbit presents with anorexia and decreased fecal output x 36 hrs. Abdomen slightly distended, doughy cecum palpated. Suspect GI stasis.",0.6399254202842712
Cat has scaly patches on her ear tips.,Skin Irritations,,Ear Infections,"['Ear Infections', 'Skin Irritations', 'Ear Infections', 'Skin Irritations', 'Ear Infections']",2.0,False,True,True,Nasopharyngeal polyp visualized extending into external ear canal in young cat.,0.675858736038208
My dog has hip dysplasia.,Mobility Problems,,Mobility Problems,"['Mobility Problems', 'Mobility Problems', 'Mobility Problems', 'Digestive Issues', 'Skin Irritations']",1.0,True,True,True,Hip dysplasia confirmed; start anti-inflammatory.,0.7184140682220459
Puppy has redness and irritation in his skin folds.,Skin Irritations,,Skin Irritations,"['Skin Irritations', 'Skin Irritations', 'Skin Irritations', 'Skin Irritations', 'Ear Infections']",1.0,True,True,True,Skin fragility noted; test for FIV/FeLV in feline patient.,0.6638826131820679
Dog's ear hematoma was drained but filled right back up.,Ear Infections,,Ear Infections,"['Ear Infections', 'Ear Infections', 'Parasites', 'Parasites', 'Ear Infections']",1.0,True,True,True,Cleaned ears thoroughly with ceruminolytic agent; owner instructed on home cleaning.,0.6322107315063477
"My cat vomited, then had diarrhea, now just hiding.",Digestive Issues,,Digestive Issues,"['Digestive Issues', 'Digestive Issues', 'Digestive Issues', 'Digestive Issues', 'Digestive Issues']",1.0,True,True,True,Hyperthyroidism diagnosed in older cat with weight loss and vomiting.,0.6631761789321899
Cat vomits immediately after drinking water.,Digestive Issues,,Digestive Issues,"['Digestive Issues', 'Digestive Issues', 'Digestive Issues', 'Digestive Issues', 'Digestive Issues']",1.0,True,True,True,Vomiting post-meal; test for food intolerance.,0.6497019529342651
Dog has developed bald patches on his face and legs.,Parasites,,Skin Irritations,"['Skin Irritations', 'Skin Irritations', 'Ear Infections', 'Skin Irritations', 'Mobility Problems']",,False,False,False,Psychogenic alopecia diagnosed in feline patient; behavioral modification and medication discussed.,0.6935724020004272
"My dog has crusty ear edges and is losing hair there, very itchy.",Parasites,,Ear Infections,"['Ear Infections', 'Ear Infections', 'Skin Irritations', 'Skin Irritations', 'Skin Irritations']",,False,False,False,Recommend ear drying solution after swimming or bathing for predisposed dogs.,0.6451228857040405
"The dog's armpits are dark, thickened, and itchy.",Skin Irritations,,Skin Irritations,"['Skin Irritations', 'Skin Irritations', 'Mobility Problems', 'Skin Irritations', 'Skin Irritations']",1.0,True,True,True,Pruritic lesions on tail; anti-itch spray prescribed.,0.6593087911605835
"Found a long, flat, white worm in my dog's fresh stool.",Parasites,,Parasites,"['Parasites', 'Digestive Issues', 'Parasites', 'Digestive Issues', 'Parasites']",1.0,True,True,True,Hookworm eggs in stool; prescribe fenbendazole.,0.6179476976394653
My cat has inflamed nail beds.,Skin Irritations,,Skin Irritations,"['Skin Irritations', 'Skin Irritations', 'Skin Irritations', 'Skin Irritations', 'Parasites']",1.0,True,True,True,Plasma cell pododermatitis ('pillow foot') diagnosed in cat.,0.663092315196991
My puppy seems to get an upset stomach from car rides.,Digestive Issues,,Ear Infections,"['Ear Infections', 'Digestive Issues', 'Digestive Issues', 'Digestive Issues', 'Skin Irritations']",2.0,False,True,True,Dog has a Malassezia (yeast) overgrowth causing otitis.,0.6520235538482666
My dog has thickened skin folds around his muzzle that smell bad.,Skin Irritations,,Skin Irritations,"['Skin Irritations', 'Ear Infections', 'Skin Irritations', 'Parasites', 'Skin Irritations']",1.0,True,True,True,Canine facial eosinophilic furunculosis suspected based on acute onset muzzle swelling/lesions.,0.6558308005332947
My rabbit's dewlap is constantly wet and the skin underneath is red.,Skin Irritations,,Parasites,"['Parasites', 'Digestive Issues', 'Parasites', 'Mobility Problems', 'Parasites']",,False,False,False,Ensure rabbit environment is clean to prevent flystrike.,0.6121387481689453
Puppy has diarrhea after switching foods too quickly.,Digestive Issues,,Digestive Issues,"['Digestive Issues', 'Digestive Issues', 'Digestive Issues', 'Digestive Issues', 'Digestive Issues']",1.0,True,True,True,Advise slow transition when changing pet foods.,0.7255001068115234
My dog has a skin infection secondary to flea bites.,Parasites,,Parasites,"['Parasites', 'Parasites', 'Skin Irritations', 'Skin Irritations', 'Skin Irritations']",1.0,True,True,True,Treat secondary skin infections resulting from parasite infestation.,0.7548059225082397
My cockatiel is listless and has abnormal droppings.,Parasites,,Digestive Issues,"['Digestive Issues', 'Digestive Issues', 'Skin Irritations', 'Digestive Issues', 'Digestive Issues']",,False,False,False,Vomiting and lethargy; check for intoxication.,0.6068686246871948
My cat's hearing seems diminished.,Ear Infections,,Ear Infections,"['Ear Infections', 'Digestive Issues', 'Digestive Issues', 'Ear Infections', 'Ear Infections']",1.0,True,True,True,Nasopharyngeal polyp visualized extending into external ear canal in young cat.,0.6660671830177307
"Ferret has pale gums, possibly flea-induced anemia.",Parasites,,Parasites,"['Parasites', 'Parasites', 'Skin Irritations', 'Skin Irritations', 'Parasites']",1.0,True,True,True,"Anemia (low PCV) noted, likely secondary to heavy hookworm or flea burden.",0.6688201427459717
Cat vomited 5 times in the past few hours.,Digestive Issues,,Digestive Issues,"['Digestive Issues', 'Digestive Issues', 'Digestive Issues', 'Digestive Issues', 'Digestive Issues']",1.0,True,True,True,"Patient presents for acute onset vomiting (x5 today) and anorexia. Mild dehydration noted (tacky MM, CRT 2s).",0.6768264770507812
The ear canal seems narrowed and swollen shut.,Ear Infections,,Ear Infections,"['Ear Infections', 'Ear Infections', 'Ear Infections', 'Ear Infections', 'Ear Infections']",1.0,True,True,True,Check for ticks within the ear canal.,0.7199423909187317
My cat vomited what looked like a roundworm.,Digestive Issues,,Digestive Issues,"['Digestive Issues', 'Digestive Issues', 'Parasites', 'Ear Infections', 'Ear Infections']",1.0,True,True,True,Hyperthyroidism diagnosed in older cat with weight loss and vomiting.,0.652604341506958
Cat has nerve damage affecting her leg.,Mobility Problems,,Skin Irritations,"['Skin Irritations', 'Skin Irritations', 'Skin Irritations', 'Mobility Problems', 'Skin Irritations']",4.0,False,False,True,"Skin fragility syndrome noted in older cat; handle with care, check for hyperadrenocorticism.",0.6652172803878784
"Ferret has dark, waxy debris in ears.",Ear Infections,,Skin Irritations,"['Skin Irritations', 'Ear Infections', 'Ear Infections', 'Ear Infections', 'Ear Infections']",2.0,False,True,True,Excoriations around ears and neck; check for ear mites and fleas.,0.6370798349380493
Ferret is tilting its head.,Ear Infections,,Mobility Problems,"['Mobility Problems', 'Skin Irritations', 'Mobility Problems', 'Skin Irritations', 'Skin Irritations']",,False,False,False,"Rabbit presents with head tilt, nystagmus, hind limb paresis. Serology for E. cuniculi recommended. Start fenbendazole empirically.",0.5555964708328247
"My dog's skin has a generally unpleasant, strong odor.",Skin Irritations,,Parasites,"['Parasites', 'Digestive Issues', 'Ear Infections', 'Parasites', 'Parasites']",,False,False,False,Advise bathing pet with appropriate shampoo to remove flea dirt/scales.,0.6623082160949707
My dog has water trapped in his ear after a bath.,Ear Infections,,Ear Infections,"['Ear Infections', 'Ear Infections', 'Ear Infections', 'Ear Infections', 'Ear Infections']",1.0,True,True,True,Recommend ear drying solution after swimming or bathing for predisposed dogs.,0.7565369606018066
"Kitten failed to respond to initial dewormer, suspecting resistant strain or different parasite.",Parasites,,Parasites,"['Parasites', 'Parasites', 'Digestive Issues', 'Digestive Issues', 'Digestive Issues']",1.0,True,True,True,Consider parasite resistance if treatment fails; switch drug class.,0.6608219146728516
My dog has persistent itching despite flea treatment.,Skin Irritations,,Parasites,"['Parasites', 'Skin Irritations', 'Digestive Issues', 'Ear Infections', 'Skin Irritations']",2.0,False,True,True,Dog presented with severe flea infestation and secondary anemia (PCV 22%).,0.7027701139450073
Rabbit is scratching vigorously at the base of its ears.,Ear Infections,,Ear Infections,"['Ear Infections', 'Ear Infections', 'Mobility Problems', 'Ear Infections', 'Digestive Issues']",1.0,True,True,True,Psoroptes cuniculi (ear mites) in rabbit causing severe crusting and inflammation.,0.6641026735305786
Cat has lost hair around the outside of her ears from scratching.,Ear Infections,,Skin Irritations,"['Skin Irritations', 'Skin Irritations', 'Skin Irritations', 'Ear Infections', 'Ear Infections']",4.0,False,False,True,Trichogram reveals damaged hair shafts consistent with excessive licking.,0.6252695322036743
Guinea pig has sores on the bottom of its feet (bumblefoot).,Skin Irritations,,Mobility Problems,"['Mobility Problems', 'Mobility Problems', 'Skin Irritations', 'Skin Irritations', 'Skin Irritations']",3.0,False,True,True,"Severe ulcerative pododermatitis (bumblefoot) in guinea pig; debride, bandage, systemic antibiotics, improve husbandry.",0.7222460508346558
My guinea pig has developed scaly patches around its eyes.,Skin Irritations,,Parasites,"['Parasites', 'Skin Irritations', 'Parasites', 'Skin Irritations', 'Mobility Problems']",2.0,False,True,True,"Trixacarus caviae infestation in guinea pig causing intense pruritus, scaling, seizures. Treat with ivermectin/selamectin.",0.636773943901062
"My dog ate greasy leftovers, now has painful belly and vomiting.",Digestive Issues,,Digestive Issues,"['Digestive Issues', 'Digestive Issues', 'Digestive Issues', 'Ear Infections', 'Parasites']",1.0,True,True,True,"Chronic intermittent vomiting in feline; consider IBD, food allergy, lymphoma.",0.6822869777679443
"Dog's ears look greasy, and the fur below them is stained and sticky.",Ear Infections,,Skin Irritations,"['Skin Irritations', 'Ear Infections', 'Ear Infections', 'Parasites', 'Skin Irritations']",2.0,False,True,True,Excoriations around ears and neck; check for ear mites and fleas.,0.7141114473342896
Hamster has hair loss and redness on its underside.,Skin Irritations,,Digestive Issues,"['Digestive Issues', 'Digestive Issues', 'Skin Irritations', 'Digestive Issues', 'Skin Irritations']",3.0,False,True,True,"Wet tail in hamster; guarded prognosis, provide heat support, antibiotics, fluids.",0.6123307943344116
Ferret's ears seem painful to touch.,Ear Infections,,Ear Infections,"['Ear Infections', 'Skin Irritations', 'Skin Irritations', 'Ear Infections', 'Mobility Problems']",1.0,True,True,True,Flush ears gently under sedation due to pain and debris.,0.6170707941055298
My dog's ear infection requires long-term management.,Ear Infections,,Ear Infections,"['Ear Infections', 'Ear Infections', 'Ear Infections', 'Ear Infections', 'Ear Infections']",1.0,True,True,True,Long-term maintenance therapy with weekly ear cleaner/medication may be required.,0.7439236640930176
Cat has stopped perching in high places.,Mobility Problems,,Skin Irritations,"['Skin Irritations', 'Digestive Issues', 'Skin Irritations', 'Digestive Issues', 'Ear Infections']",,False,False,False,Excoriations on tail; rule out flea hypersensitivity.,0.5784465074539185
Rabbit has hair loss and scaling around the eyes.,Skin Irritations,,Mobility Problems,"['Mobility Problems', 'Digestive Issues', 'Ear Infections', 'Skin Irritations', 'Parasites']",4.0,False,False,True,"Rabbit presents with head tilt, nystagmus, hind limb paresis. Serology for E. cuniculi recommended. Start fenbendazole empirically.",0.6555958986282349
"Cat's claws are very long, maybe it hurts to use the scratching post.",Mobility Problems,,Skin Irritations,"['Skin Irritations', 'Skin Irritations', 'Skin Irritations', 'Mobility Problems', 'Mobility Problems']",4.0,False,False,True,"Skin fragility syndrome in older cat; handle gently, check for underlying conditions (hyperadrenocorticism, diabetes).",0.6104579567909241
My dog is eating grass obsessively and then vomiting foam.,Digestive Issues,,Ear Infections,"['Ear Infections', 'Digestive Issues', 'Digestive Issues', 'Digestive Issues', 'Digestive Issues']",2.0,False,True,True,Dog has a Malassezia (yeast) overgrowth causing otitis.,0.6897845268249512
My guinea pig has bald spots appearing behind its ears.,Skin Irritations,,Skin Irritations,"['Skin Irritations', 'Skin Irritations', 'Skin Irritations', 'Skin Irritations', 'Mobility Problems']",1.0,True,True,True,Excoriations around ears and neck; check for ear mites and fleas.,0.681098222732544
Cat cries out in pain when yawning or eating.,Ear Infections,,Digestive Issues,"['Digestive Issues', 'Digestive Issues', 'Ear Infections', 'Ear Infections', 'Ear Infections']",3.0,False,True,True,Hyperthyroidism diagnosed in older cat with weight loss and vomiting.,0.5844669342041016
My dog's abdomen became suddenly taut and enlarged.,Digestive Issues,,Ear Infections,"['Ear Infections', 'Skin Irritations', 'Mobility Problems', 'Digestive Issues', 'Digestive Issues']",4.0,False,False,True,Dog has a Malassezia (yeast) overgrowth causing otitis.,0.6715530753135681
Cat struggles to climb onto the sofa.,Mobility Problems,,Skin Irritations,"['Skin Irritations', 'Skin Irritations', 'Digestive Issues', 'Skin Irritations', 'Ear Infections']",,False,False,False,"Skin fragility syndrome noted in older cat; handle with care, check for hyperadrenocorticism.",0.582663357257843
My hamster has diarrhea and isn't acting like himself.,Digestive Issues,,Digestive Issues,"['Digestive Issues', 'Digestive Issues', 'Digestive Issues', 'Digestive Issues', 'Digestive Issues']",1.0,True,True,True,"Rabbit presents with anorexia and decreased fecal output x 36 hrs. Abdomen slightly distended, doughy cecum palpated. Suspect GI stasis.",0.614647388458252
Cat has crusty sores on the edges of her ear flaps.,Ear Infections,,Skin Irritations,"['Skin Irritations', 'Ear Infections', 'Ear Infections', 'Ear Infections', 'Ear Infections']",2.0,False,True,True,Excoriations around ears and neck; check for ear mites and fleas.,0.678663969039917
My dog yelps when jumping off the couch.,Mobility Problems,,Digestive Issues,"['Digestive Issues', 'Ear Infections', 'Parasites', 'Ear Infections', 'Skin Irritations']",,False,False,False,"Constipated feline; administer Miralax/lactulose and recommend increasing water intake (wet food, fountain).",0.5794997215270996
Cat keeps rubbing her head/ears against the furniture.,Ear Infections,,Ear Infections,"['Ear Infections', 'Ear Infections', 'Skin Irritations', 'Skin Irritations', 'Ear Infections']",1.0,True,True,True,Demonstrate ear cleaning technique to owner.,0.5970277786254883
Cat is losing weight but eating more than usual.,Digestive Issues,,Digestive Issues,"['Digestive Issues', 'Digestive Issues', 'Digestive Issues', 'Digestive Issues', 'Ear Infections']",1.0,True,True,True,Hyperthyroidism diagnosed in older cat with weight loss and vomiting.,0.7167783379554749
"Dog has bumps and scabs, vet suspected flea allergy dermatitis.",Parasites,,Skin Irritations,"['Skin Irritations', 'Skin Irritations', 'Parasites', 'Ear Infections', 'Skin Irritations']",3.0,False,True,True,Miliary dermatitis pattern observed in feline patient; consider flea allergy vs. food allergy.,0.7510144114494324
My cat's ear mites seem resistant to the usual treatments.,Parasites,,Parasites,"['Parasites', 'Parasites', 'Ear Infections', 'Skin Irritations', 'Parasites']",1.0,True,True,True,Ear mites in canal; clean and apply selamectin.,0.6706730127334595
"Dog has flea allergy, gets severe reaction from one bite.",Parasites,,Parasites,"['Parasites', 'Skin Irritations', 'Skin Irritations', 'Parasites', 'Skin Irritations']",1.0,True,True,True,Dog presented with severe flea infestation and secondary anemia (PCV 22%).,0.7220546007156372
My cat is drooling excessively and pawing at her mouth.,Digestive Issues,,Digestive Issues,"['Digestive Issues', 'Ear Infections', 'Ear Infections', 'Digestive Issues', 'Skin Irritations']",1.0,True,True,True,Hyperthyroidism diagnosed in older cat with weight loss and vomiting.,0.6583412289619446
My older dog seems painful and slow when getting up after naps.,Mobility Problems,,Ear Infections,"['Ear Infections', 'Mobility Problems', 'Ear Infections', 'Mobility Problems', 'Digestive Issues']",2.0,False,True,True,"Advise owner to monitor for worsening signs (increased pain, neurological deficits).",0.6436581611633301
"My kitten has a potbelly and isn't growing well, the breeder said she might have worms.",Parasites,,Parasites,"['Parasites', 'Digestive Issues', 'Parasites', 'Parasites', 'Ear Infections']",1.0,True,True,True,Discuss potential for parasite transmission between household pets.,0.5820804834365845
"My cat brought in a mouse, now I'm worried about worms.",Parasites,,Parasites,"['Parasites', 'Parasites', 'Parasites', 'Parasites', 'Parasites']",1.0,True,True,True,Discuss risk of parasite exchange between different pet species in the household.,0.6085110902786255
My dog has muscle atrophy.,Mobility Problems,,Mobility Problems,"['Mobility Problems', 'Ear Infections', 'Skin Irritations', 'Mobility Problems', 'Mobility Problems']",1.0,True,True,True,"Severe, symmetrical epaxial and gluteal muscle atrophy noted.",0.6617534160614014
Guinea pig's back legs seem paralyzed.,Mobility Problems,,Mobility Problems,"['Mobility Problems', 'Mobility Problems', 'Mobility Problems', 'Mobility Problems', 'Digestive Issues']",1.0,True,True,True,Suspect vitamin C deficiency (scurvy) in guinea pig with lameness/reluctance to move; supplement vitamin C.,0.5965315103530884
"Cat has greasy, matted fur along its back.",Skin Irritations,,Skin Irritations,"['Skin Irritations', 'Skin Irritations', 'Skin Irritations', 'Ear Infections', 'Skin Irritations']",1.0,True,True,True,"Skin fragility syndrome noted in older cat; handle with care, check for hyperadrenocorticism.",0.659246563911438
"My ferret is scratching and has hair loss, especially around the shoulders.",Parasites,,Skin Irritations,"['Skin Irritations', 'Skin Irritations', 'Skin Irritations', 'Skin Irritations', 'Skin Irritations']",,False,False,False,"Skin fragility syndrome noted in older cat; handle with care, check for hyperadrenocorticism.",0.6372721195220947
My dog's front leg seems to bow outwards at the wrist.,Mobility Problems,,Mobility Problems,"['Mobility Problems', 'Mobility Problems', 'Ear Infections', 'Mobility Problems', 'Skin Irritations']",1.0,True,True,True,"Panosteitis suspected in young, large breed dog with shifting leg lameness and long bone pain on palpation.",0.6405924558639526
Dog has redness and swelling spreading onto the outside of the ear flap.,Ear Infections,,Ear Infections,"['Ear Infections', 'Skin Irritations', 'Ear Infections', 'Skin Irritations', 'Ear Infections']",1.0,True,True,True,Dog has a Malassezia (yeast) overgrowth causing otitis.,0.6940736770629883
My parrot is picking at himself constantly and seems agitated.,Parasites,,Parasites,"['Parasites', 'Mobility Problems', 'Digestive Issues', 'Parasites', 'Ear Infections']",1.0,True,True,True,Ensure rabbit environment is clean to prevent flystrike.,0.6068216562271118
Hamster is dehydrated (skin stays tented when pinched).,Digestive Issues,,Digestive Issues,"['Digestive Issues', 'Digestive Issues', 'Digestive Issues', 'Digestive Issues', 'Digestive Issues']",1.0,True,True,True,"Wet tail in hamster; guarded prognosis, provide heat support, antibiotics, fluids.",0.6688224077224731
My dog's breed (Cocker Spaniel) is prone to ear infections.,Ear Infections,,Ear Infections,"['Ear Infections', 'Ear Infections', 'Ear Infections', 'Ear Infections', 'Ear Infections']",1.0,True,True,True,Chronic ear infection; rule out hypothyroidism.,0.6510560512542725
Dog has had pudding-like stool for three days straight.,Digestive Issues,,Digestive Issues,"['Digestive Issues', 'Digestive Issues', 'Parasites', 'Ear Infections', 'Digestive Issues']",1.0,True,True,True,"Chronic intermittent vomiting in feline; consider IBD, food allergy, lymphoma.",0.6240552067756653
Dog likely has 'swimmer's ear' after dock diving.,Ear Infections,,Ear Infections,"['Ear Infections', 'Ear Infections', 'Ear Infections', 'Ear Infections', 'Ear Infections']",1.0,True,True,True,Recommend ear drying solution after swimming or bathing for predisposed dogs.,0.7380096912384033
Rabbit has stopped hopping normally.,Mobility Problems,,Digestive Issues,"['Digestive Issues', 'Mobility Problems', 'Parasites', 'Digestive Issues', 'Mobility Problems']",2.0,False,True,True,"Rabbit presents with anorexia and decreased fecal output x 36 hrs. Abdomen slightly distended, doughy cecum palpated. Suspect GI stasis.",0.6499131917953491
"Dog keeps stretching into a 'play bow' position, seems painful.",Digestive Issues,,Mobility Problems,"['Mobility Problems', 'Mobility Problems', 'Ear Infections', 'Skin Irritations', 'Skin Irritations']",,False,False,False,Educate owner on signs of worsening neurological function.,0.6173161268234253
Guinea pig's feet are red and swollen.,Skin Irritations,,Mobility Problems,"['Mobility Problems', 'Skin Irritations', 'Mobility Problems', 'Skin Irritations', 'Skin Irritations']",2.0,False,True,True,"Severe ulcerative pododermatitis (bumblefoot) in guinea pig; debride, bandage, systemic antibiotics, improve husbandry.",0.6365541219711304
My cat's ear infection isn't responding to the current antibiotic drops.,Ear Infections,,Ear Infections,"['Ear Infections', 'Ear Infections', 'Ear Infections', 'Ear Infections', 'Ear Infections']",1.0,True,True,True,Ear infection with swelling; start combo drops.,0.6493667960166931
My kitten has developed scabs behind her ears.,Skin Irritations,,Skin Irritations,"['Skin Irritations', 'Parasites', 'Ear Infections', 'Skin Irritations', 'Ear Infections']",1.0,True,True,True,Excoriations around ears and neck; check for ear mites and fleas.,0.6627748012542725
My dog's limp seems to disappear during intense play but returns afterward.,Mobility Problems,,Skin Irritations,"['Skin Irritations', 'Digestive Issues', 'Skin Irritations', 'Skin Irritations', 'Skin Irritations']",,False,False,False,"Histiocytoma observed on young dog's limb; typically benign, monitor for regression.",0.5954497456550598
My puppy came from a litter where several pups had ear mites.,Ear Infections,,Skin Irritations,"['Skin Irritations', 'Parasites', 'Ear Infections', 'Parasites', 'Ear Infections']",3.0,False,True,True,Excoriations around ears and neck; check for ear mites and fleas.,0.6761152744293213
"My cat has small, millet-seed like scabs all over its body.",Skin Irritations,,Skin Irritations,"['Skin Irritations', 'Skin Irritations', 'Parasites', 'Skin Irritations', 'Ear Infections']",1.0,True,True,True,"Skin fragility syndrome noted in older cat; handle with care, check for hyperadrenocorticism.",0.6248195767402649
My rabbit has sores on its hocks from sitting abnormally.,Mobility Problems,,Mobility Problems,"['Mobility Problems', 'Parasites', 'Skin Irritations', 'Parasites', 'Digestive Issues']",1.0,True,True,True,"Rabbit presents with head tilt, nystagmus, hind limb paresis. Serology for E. cuniculi recommended. Start fenbendazole empirically.",0.6478437781333923
My dog tested positive for Ehrlichiosis on his annual screen.,Parasites,,Ear Infections,"['Ear Infections', 'Parasites', 'Digestive Issues', 'Ear Infections', 'Digestive Issues']",2.0,False,True,True,Check thyroid levels in dogs with recurrent infections.,0.6418800950050354
"Dog has whipworms according to the vet, needs specific dewormer.",Parasites,,Parasites,"['Parasites', 'Parasites', 'Parasites', 'Parasites', 'Parasites']",1.0,True,True,True,Ensure owner understands frequency and duration of deworming medication.,0.6986047029495239
Guinea pig has soft droppings sticking to its rear end.,Digestive Issues,,Skin Irritations,"['Skin Irritations', 'Parasites', 'Skin Irritations', 'Skin Irritations', 'Mobility Problems']",,False,False,False,"Pododermatitis in guinea pig; assess husbandry (substrate, cleanliness), rule out infection/scurvy.",0.5917834043502808
My dog sometimes skips for a step or two on his back leg while trotting.,Mobility Problems,,Digestive Issues,"['Digestive Issues', 'Mobility Problems', 'Mobility Problems', 'Skin Irritations', 'Skin Irritations']",2.0,False,True,True,Advise slow transition when changing pet foods.,0.62974613904953
Dog’s ears are tender and smell like yeast.,Ear Infections,,Ear Infections,"['Ear Infections', 'Ear Infections', 'Ear Infections', 'Skin Irritations', 'Skin Irritations']",1.0,True,True,True,Yeast and bacteria in ear; prescribe dual therapy.,0.6869159936904907
My dog has a rash on his belly that looks like insect bites.,Skin Irritations,,Skin Irritations,"['Skin Irritations', 'Skin Irritations', 'Skin Irritations', 'Skin Irritations', 'Skin Irritations']",1.0,True,True,True,Eosinophilic plaque identified on feline abdomen; consider allergy vs. parasitic cause. Cytology performed.,0.6475523710250854
My rabbit is pressing its abdomen on the floor.,Digestive Issues,,Digestive Issues,"['Digestive Issues', 'Digestive Issues', 'Parasites', 'Mobility Problems', 'Digestive Issues']",1.0,True,True,True,"Rabbit presents with anorexia and decreased fecal output x 36 hrs. Abdomen slightly distended, doughy cecum palpated. Suspect GI stasis.",0.6650813817977905
My dog slipped on the floor and has been limping since.,Mobility Problems,,Mobility Problems,"['Mobility Problems', 'Mobility Problems', 'Digestive Issues', 'Mobility Problems', 'Ear Infections']",1.0,True,True,True,Consider referral for acupuncture or veterinary spinal manipulative therapy (VSMT).,0.6011262536048889
Rabbit seems generally weak and floppy.,Mobility Problems,,Digestive Issues,"['Digestive Issues', 'Mobility Problems', 'Parasites', 'Digestive Issues', 'Skin Irritations']",2.0,False,True,True,"Rabbit presents with anorexia and decreased fecal output x 36 hrs. Abdomen slightly distended, doughy cecum palpated. Suspect GI stasis.",0.6989127993583679
"Dog has a large, weeping sore on his neck that came up fast.",Skin Irritations,,Mobility Problems,"['Mobility Problems', 'Digestive Issues', 'Skin Irritations', 'Ear Infections', 'Ear Infections']",3.0,False,True,True,Wobbler syndrome (cervical spondylomyelopathy) suspected in large breed dog with neck pain and gait abnormalities.,0.6523024439811707
Rabbit has dandruff concentrated over its shoulders.,Skin Irritations,,Mobility Problems,"['Mobility Problems', 'Ear Infections', 'Parasites', 'Digestive Issues', 'Parasites']",,False,False,False,"Rabbit presents with head tilt, nystagmus, hind limb paresis. Serology for E. cuniculi recommended. Start fenbendazole empirically.",0.6673089265823364
"My dog's stomach is rumbling loudly, and he keeps licking the air.",Digestive Issues,,Digestive Issues,"['Digestive Issues', 'Ear Infections', 'Digestive Issues', 'Digestive Issues', 'Digestive Issues']",1.0,True,True,True,"Chronic intermittent vomiting in feline; consider IBD, food allergy, lymphoma.",0.617781400680542
Dog has diarrhea that looks like raspberry jam.,Digestive Issues,,Digestive Issues,"['Digestive Issues', 'Digestive Issues', 'Digestive Issues', 'Ear Infections', 'Digestive Issues']",1.0,True,True,True,Hemorrhagic gastroenteritis (HGE) suspected due to 'raspberry jam' stool and elevated PCV.,0.6389882564544678
My rabbit's left ear is hanging down lower than the right.,Ear Infections,,Mobility Problems,"['Mobility Problems', 'Digestive Issues', 'Digestive Issues', 'Ear Infections', 'Ear Infections']",4.0,False,False,True,"Rabbit presents with head tilt, nystagmus, hind limb paresis. Serology for E. cuniculi recommended. Start fenbendazole empirically.",0.6179343461990356
"My dog is scratching constantly, and I found tiny brown bugs crawling on him.",Parasites,,Ear Infections,"['Ear Infections', 'Parasites', 'Parasites', 'Mobility Problems', 'Ear Infections']",2.0,False,True,True,Check thyroid levels in dogs with recurrent infections.,0.5971341133117676
"Dog has flea allergy dermatitis, reacts severely to flea saliva.",Parasites,,Skin Irritations,"['Skin Irritations', 'Parasites', 'Parasites', 'Skin Irritations', 'Ear Infections']",2.0,False,True,True,Miliary dermatitis pattern observed in feline patient; consider flea allergy vs. food allergy.,0.7249695658683777
"Dog has small, raised, hairless bumps appearing on his body.",Skin Irritations,,Skin Irritations,"['Skin Irritations', 'Skin Irritations', 'Skin Irritations', 'Mobility Problems', 'Ear Infections']",1.0,True,True,True,Canine recurrent flank alopecia noted; seasonal pattern.,0.6397801637649536
My dog's ear infection came back shortly after finishing medication.,Ear Infections,,Ear Infections,"['Ear Infections', 'Ear Infections', 'Ear Infections', 'Digestive Issues', 'Ear Infections']",1.0,True,True,True,Recommend ear drying solution after swimming or bathing for predisposed dogs.,0.6459532976150513
"My dog has scabies, and the whole family is itchy now.",Parasites,,Parasites,"['Parasites', 'Parasites', 'Parasites', 'Ear Infections', 'Parasites']",1.0,True,True,True,Discuss importance of treating all pets in household for fleas/mites.,0.6477659940719604
Cat has hair loss above the eyes.,Skin Irritations,,Digestive Issues,"['Digestive Issues', 'Skin Irritations', 'Skin Irritations', 'Ear Infections', 'Skin Irritations']",2.0,False,True,True,Hyperthyroidism diagnosed in older cat with weight loss and vomiting.,0.6896446943283081
Cat is grooming one specific spot on her leg until it's bald.,Mobility Problems,,Skin Irritations,"['Skin Irritations', 'Skin Irritations', 'Skin Irritations', 'Parasites', 'Parasites']",,False,False,False,Clip hair around lesions to facilitate topical treatment.,0.583071231842041
My dog doesn't lift his legs as high when walking anymore.,Mobility Problems,,Digestive Issues,"['Digestive Issues', 'Ear Infections', 'Mobility Problems', 'Mobility Problems', 'Mobility Problems']",3.0,False,True,True,Advise slow transition when changing pet foods.,0.6229967474937439
"My rabbit has flaky skin and seems very itchy, especially on its back.",Parasites,,Mobility Problems,"['Mobility Problems', 'Skin Irritations', 'Skin Irritations', 'Parasites', 'Skin Irritations']",4.0,False,False,True,"Rabbit presents with head tilt, nystagmus, hind limb paresis. Serology for E. cuniculi recommended. Start fenbendazole empirically.",0.6413216590881348
Guinea pig's abdomen feels tight and bloated.,Digestive Issues,,Digestive Issues,"['Digestive Issues', 'Skin Irritations', 'Digestive Issues', 'Digestive Issues', 'Digestive Issues']",1.0,True,True,True,"Rabbit presents with anorexia and decreased fecal output x 36 hrs. Abdomen slightly distended, doughy cecum palpated. Suspect GI stasis.",0.6310011148452759
Dog has redness and bumps in the groin area.,Skin Irritations,,Mobility Problems,"['Mobility Problems', 'Digestive Issues', 'Skin Irritations', 'Parasites', 'Skin Irritations']",3.0,False,True,True,"Panosteitis suspected in young, large breed dog with shifting leg lameness and long bone pain on palpation.",0.6698564887046814
"Dog is biting at his hind end, near the tail.",Skin Irritations,,Skin Irritations,"['Skin Irritations', 'Ear Infections', 'Parasites', 'Skin Irritations', 'Skin Irritations']",1.0,True,True,True,Pruritic lesions on tail; anti-itch spray prescribed.,0.5958619117736816
"Rabbit is over-grooming its belly, leaving the skin bare.",Skin Irritations,,Parasites,"['Parasites', 'Ear Infections', 'Digestive Issues', 'Mobility Problems', 'Ear Infections']",,False,False,False,Ensure rabbit environment is clean to prevent flystrike.,0.6145535707473755
My rabbit has an abscess near the ear.,Ear Infections,,Parasites,"['Parasites', 'Ear Infections', 'Ear Infections', 'Ear Infections', 'Skin Irritations']",2.0,False,True,True,Severe otitis externa in rabbit due to Psoroptes cuniculi. Treat with ivermectin or selamectin. Do not manually remove crusts initially.,0.6958399415016174
My guinea pig is losing hair and has crusty sores.,Parasites,,Mobility Problems,"['Mobility Problems', 'Skin Irritations', 'Mobility Problems', 'Mobility Problems', 'Skin Irritations']",,False,False,False,"Severe ulcerative pododermatitis (bumblefoot) in guinea pig; debride, bandage, systemic antibiotics, improve husbandry.",0.6416089534759521
Kitten has lost fur on its paws.,Skin Irritations,,Skin Irritations,"['Skin Irritations', 'Parasites', 'Mobility Problems', 'Skin Irritations', 'Digestive Issues']",1.0,True,True,True,Skin fragility noted; test for FIV/FeLV in feline patient.,0.6229998469352722
My ferret's skin seems yellowish.,Skin Irritations,,Skin Irritations,"['Skin Irritations', 'Skin Irritations', 'Skin Irritations', 'Skin Irritations', 'Skin Irritations']",1.0,True,True,True,Skin fragility noted; test for FIV/FeLV in feline patient.,0.6826494932174683
My cat gags frequently without bringing anything up.,Digestive Issues,,Mobility Problems,"['Mobility Problems', 'Skin Irritations', 'Parasites', 'Skin Irritations', 'Ear Infections']",,False,False,False,"Feline patient presents with acute onset hind limb paresis, vocalization, cold/cyanotic paws, absent femoral pulses. High suspicion for ATE.",0.5388004183769226
My dog consistently puts less weight on his left hind leg.,Mobility Problems,,Mobility Problems,"['Mobility Problems', 'Digestive Issues', 'Skin Irritations', 'Skin Irritations', 'Skin Irritations']",1.0,True,True,True,Absence of withdrawal reflex in hind limbs.,0.6187312602996826
"Ferret walks very stiffly, especially in the hind end.",Mobility Problems,,Mobility Problems,"['Mobility Problems', 'Mobility Problems', 'Skin Irritations', 'Skin Irritations', 'Digestive Issues']",1.0,True,True,True,Absence of withdrawal reflex in hind limbs.,0.5955026149749756
Ferret is having trouble climbing.,Mobility Problems,,Mobility Problems,"['Mobility Problems', 'Skin Irritations', 'Skin Irritations', 'Mobility Problems', 'Mobility Problems']",1.0,True,True,True,Supraspinatus tendinopathy suspected.,0.5258284211158752
Guinea pig has tiny white lice visible in its fur.,Parasites,,Parasites,"['Parasites', 'Skin Irritations', 'Parasites', 'Parasites', 'Parasites']",1.0,True,True,True,Ticks embedded in fur; remove and treat.,0.6217467784881592
My rabbit has developed sores on its heels.,Mobility Problems,,Parasites,"['Parasites', 'Skin Irritations', 'Mobility Problems', 'Skin Irritations', 'Ear Infections']",3.0,False,True,True,Severe otitis externa in rabbit due to Psoroptes cuniculi. Treat with ivermectin or selamectin. Do not manually remove crusts initially.,0.6662766933441162
"My cat has dark wax, but the vet said it wasn't mites.",Ear Infections,,Skin Irritations,"['Skin Irritations', 'Skin Irritations', 'Parasites', 'Digestive Issues', 'Skin Irritations']",,False,False,False,Excoriations on tail; rule out flea hypersensitivity.,0.5877022743225098
"Cat is scratching her face, causing small cuts near her eyes.",Skin Irritations,,Skin Irritations,"['Skin Irritations', 'Skin Irritations', 'Skin Irritations', 'Skin Irritations', 'Skin Irritations']",1.0,True,True,True,"Skin fragility syndrome noted in older cat; handle with care, check for hyperadrenocorticism.",0.6307516098022461
My dog vomited bile this morning and isn't interested in breakfast.,Digestive Issues,,Digestive Issues,"['Digestive Issues', 'Digestive Issues', 'Ear Infections', 'Digestive Issues', 'Digestive Issues']",1.0,True,True,True,Vomiting post-meal; test for food intolerance.,0.6235377788543701
Dog has diarrhea that smells particularly foul.,Digestive Issues,,Digestive Issues,"['Digestive Issues', 'Digestive Issues', 'Digestive Issues', 'Digestive Issues', 'Ear Infections']",1.0,True,True,True,"Chronic intermittent vomiting in feline; consider IBD, food allergy, lymphoma.",0.6438221335411072
My kitten has ringworm-like circles appearing on her face.,Skin Irritations,,Skin Irritations,"['Skin Irritations', 'Parasites', 'Skin Irritations', 'Skin Irritations', 'Digestive Issues']",1.0,True,True,True,Feline acne present on chin; comedones and secondary infection noted.,0.6364384889602661
My dog shakes his head after waking up.,Ear Infections,,Ear Infections,"['Ear Infections', 'Skin Irritations', 'Mobility Problems', 'Mobility Problems', 'Ear Infections']",1.0,True,True,True,Referral to veterinary neurologist recommended due to central neurological signs.,0.6103699207305908
Dog’s gait is wobbly and he falls often.,Mobility Problems,,Mobility Problems,"['Mobility Problems', 'Mobility Problems', 'Mobility Problems', 'Ear Infections', 'Skin Irritations']",1.0,True,True,True,Wobbler syndrome (cervical spondylomyelopathy) suspected in large breed dog with neck pain and gait abnormalities.,0.6518851518630981
"Cat cries and flinches if I try to look in her ears, they look black inside.",Parasites,,Skin Irritations,"['Skin Irritations', 'Skin Irritations', 'Ear Infections', 'Ear Infections', 'Skin Irritations']",,False,False,False,"Skin fragility syndrome noted in older cat; handle with care, check for hyperadrenocorticism.",0.612057089805603
Dog is constantly shaking his head and scratching his ears raw.,Skin Irritations,,Skin Irritations,"['Skin Irritations', 'Ear Infections', 'Ear Infections', 'Ear Infections', 'Mobility Problems']",1.0,True,True,True,Excoriations around ears and neck; check for ear mites and fleas.,0.5645835399627686
"My dog has bare patches of skin and intense itching, worse at night.",Parasites,,Parasites,"['Parasites', 'Skin Irritations', 'Skin Irritations', 'Skin Irritations', 'Skin Irritations']",1.0,True,True,True,Dog presented with severe flea infestation and secondary anemia (PCV 22%).,0.637432336807251
My dog's ear infection seems worse in humid weather.,Ear Infections,,Ear Infections,"['Ear Infections', 'Ear Infections', 'Ear Infections', 'Skin Irritations', 'Ear Infections']",1.0,True,True,True,Discuss role of humidity and moisture in exacerbating otitis.,0.6905989050865173
"Rabbit has neurological issues (head tilt, weakness) from E. cuniculi.",Mobility Problems,,Mobility Problems,"['Mobility Problems', 'Mobility Problems', 'Ear Infections', 'Ear Infections', 'Parasites']",1.0,True,True,True,"Rabbit presents with head tilt, nystagmus, hind limb paresis. Serology for E. cuniculi recommended. Start fenbendazole empirically.",0.8027762174606323
"My cat is regurgitating food (undigested, tube-shaped) right after eating.",Digestive Issues,,Digestive Issues,"['Digestive Issues', 'Digestive Issues', 'Digestive Issues', 'Ear Infections', 'Digestive Issues']",1.0,True,True,True,Vomiting post-meal; test for food intolerance.,0.6428419351577759
My canary has crusty scales on its legs and feet.,Parasites,,Skin Irritations,"['Skin Irritations', 'Skin Irritations', 'Skin Irritations', 'Skin Irritations', 'Skin Irritations']",,False,False,False,Crusting lesions on flanks; antifungal cream advised.,0.6467028260231018
Ferret hasn't eaten today and vomited greenish fluid.,Digestive Issues,,Digestive Issues,"['Digestive Issues', 'Digestive Issues', 'Digestive Issues', 'Digestive Issues', 'Digestive Issues']",1.0,True,True,True,Vomiting post-meal; test for food intolerance.,0.6297122240066528
My dog has developed a large fluid-filled swelling (cyst?) under the skin.,Skin Irritations,,Ear Infections,"['Ear Infections', 'Digestive Issues', 'Parasites', 'Mobility Problems', 'Skin Irritations']",5.0,False,False,True,Dog has a Malassezia (yeast) overgrowth causing otitis.,0.6777052879333496
My cat has Horner's syndrome related to an ear infection.,Ear Infections,,Ear Infections,"['Ear Infections', 'Ear Infections', 'Ear Infections', 'Ear Infections', 'Ear Infections']",1.0,True,True,True,"Horner's syndrome (miosis, ptosis, enophthalmos) noted; likely due to middle ear pathology.",0.6895424127578735
"Dog has large volume, greasy, foul-smelling stools.",Digestive Issues,,Mobility Problems,"['Mobility Problems', 'Ear Infections', 'Digestive Issues', 'Digestive Issues', 'Digestive Issues']",3.0,False,True,True,"Panosteitis suspected in young, large breed dog with shifting leg lameness and long bone pain on palpation.",0.6769537329673767
My rabbit's appetite has been poor for several days.,Digestive Issues,,Digestive Issues,"['Digestive Issues', 'Mobility Problems', 'Digestive Issues', 'Digestive Issues', 'Parasites']",1.0,True,True,True,"Rabbit presents with anorexia and decreased fecal output x 36 hrs. Abdomen slightly distended, doughy cecum palpated. Suspect GI stasis.",0.7384473085403442
Dog's ears are greasy and the hair around them is matted.,Ear Infections,,Skin Irritations,"['Skin Irritations', 'Ear Infections', 'Ear Infections', 'Ear Infections', 'Ear Infections']",2.0,False,True,True,Excoriations around ears and neck; check for ear mites and fleas.,0.6941738128662109
Dog has diarrhea with visible pieces of undigested kibble.,Digestive Issues,,Skin Irritations,"['Skin Irritations', 'Digestive Issues', 'Digestive Issues', 'Ear Infections', 'Digestive Issues']",2.0,False,True,True,Eosinophilic plaque identified on feline abdomen; consider allergy vs. parasitic cause. Cytology performed.,0.6557816863059998
My dog has food allergies that trigger ear infections.,Ear Infections,,Ear Infections,"['Ear Infections', 'Ear Infections', 'Ear Infections', 'Ear Infections', 'Skin Irritations']",1.0,True,True,True,Dog has a Malassezia (yeast) overgrowth causing otitis.,0.6754438877105713
My dog has a torn ACL (CCL) and needs surgery.,Mobility Problems,,Digestive Issues,"['Digestive Issues', 'Mobility Problems', 'Ear Infections', 'Mobility Problems', 'Digestive Issues']",2.0,False,True,True,Megacolon diagnosed radiographically in feline patient.,0.6480419635772705
My dog tested positive for Anaplasmosis after a tick bite.,Parasites,,Mobility Problems,"['Mobility Problems', 'Skin Irritations', 'Parasites', 'Parasites', 'Ear Infections']",3.0,False,True,True,Tibial compression test positive.,0.6548080444335938
"There's a moist, red, sore area on my dog's flank that appeared suddenly.",Skin Irritations,,Skin Irritations,"['Skin Irritations', 'Skin Irritations', 'Skin Irritations', 'Mobility Problems', 'Ear Infections']",1.0,True,True,True,Skin fragility noted; test for FIV/FeLV in feline patient.,0.6561809778213501
Ferret yelps when his ears are examined.,Ear Infections,,Ear Infections,"['Ear Infections', 'Skin Irritations', 'Ear Infections', 'Ear Infections', 'Skin Irritations']",1.0,True,True,True,Myringotomy performed to sample middle ear fluid.,0.5926043391227722
"Puppy has intermittent diarrhea, sometimes normal, sometimes loose.",Digestive Issues,,Digestive Issues,"['Digestive Issues', 'Digestive Issues', 'Digestive Issues', 'Digestive Issues', 'Parasites']",1.0,True,True,True,"Chronic intermittent vomiting in feline; consider IBD, food allergy, lymphoma.",0.6766408681869507
Guinea pig seems unable to move properly after being dropped.,Mobility Problems,,Mobility Problems,"['Mobility Problems', 'Mobility Problems', 'Digestive Issues', 'Mobility Problems', 'Digestive Issues']",1.0,True,True,True,Absence of withdrawal reflex in hind limbs.,0.5920069217681885
"Rabbit isn't eating pellets, only picking at greens.",Digestive Issues,,Parasites,"['Parasites', 'Digestive Issues', 'Mobility Problems', 'Ear Infections', 'Skin Irritations']",2.0,False,True,True,Ensure rabbit environment is clean to prevent flystrike.,0.5764334201812744
My dog has a rash after swimming in the lake.,Skin Irritations,,Ear Infections,"['Ear Infections', 'Parasites', 'Skin Irritations', 'Skin Irritations', 'Skin Irritations']",3.0,False,True,True,Recommend ear drying solution after swimming or bathing for predisposed dogs.,0.6747540831565857
Cat has created raw spots and scabs around her ears from scratching.,Ear Infections,,Skin Irritations,"['Skin Irritations', 'Ear Infections', 'Skin Irritations', 'Ear Infections', 'Skin Irritations']",2.0,False,True,True,Excoriations around ears and neck; check for ear mites and fleas.,0.678597092628479
My cat seems to have inflammation deep within the ear.,Ear Infections,,Ear Infections,"['Ear Infections', 'Ear Infections', 'Ear Infections', 'Ear Infections', 'Ear Infections']",1.0,True,True,True,Nasopharyngeal polyp visualized extending into external ear canal in young cat.,0.7082021832466125
"Cat is constantly scratching around the neck, causing hair loss.",Skin Irritations,,Skin Irritations,"['Skin Irritations', 'Skin Irritations', 'Skin Irritations', 'Digestive Issues', 'Skin Irritations']",1.0,True,True,True,"Skin fragility syndrome noted in older cat; handle with care, check for hyperadrenocorticism.",0.6346697807312012
My rabbit has crusty buildup inside its ears.,Ear Infections,,Ear Infections,"['Ear Infections', 'Ear Infections', 'Ear Infections', 'Parasites', 'Skin Irritations']",1.0,True,True,True,Psoroptes cuniculi (ear mites) in rabbit causing severe crusting and inflammation.,0.7306036353111267
Puppy's ears seem hot to the touch.,Ear Infections,,Ear Infections,"['Ear Infections', 'Ear Infections', 'Digestive Issues', 'Skin Irritations', 'Ear Infections']",1.0,True,True,True,Demonstrate ear cleaning technique to owner.,0.6419281363487244
"Guinea pig has mange mites, causing severe itching and seizures.",Parasites,,Parasites,"['Parasites', 'Parasites', 'Parasites', 'Parasites', 'Mobility Problems']",1.0,True,True,True,"Trixacarus caviae infestation in guinea pig causing intense pruritus, scaling, seizures. Treat with ivermectin/selamectin.",0.6567345857620239
"Dog has intense itching episodes, especially at night.",Skin Irritations,,Digestive Issues,"['Digestive Issues', 'Parasites', 'Mobility Problems', 'Skin Irritations', 'Skin Irritations']",4.0,False,False,True,"Chronic intermittent vomiting in feline; consider IBD, food allergy, lymphoma.",0.6582263708114624
"Dog keeps shaking his head, and the inside of his ear flaps are red.",Skin Irritations,,Skin Irritations,"['Skin Irritations', 'Ear Infections', 'Skin Irritations', 'Ear Infections', 'Digestive Issues']",1.0,True,True,True,Scaling and redness on ears; topical steroids prescribed.,0.5979612469673157
My rabbit is biting at its flank.,Skin Irritations,,Mobility Problems,"['Mobility Problems', 'Parasites', 'Parasites', 'Ear Infections', 'Skin Irritations']",5.0,False,False,True,"Rabbit presents with head tilt, nystagmus, hind limb paresis. Serology for E. cuniculi recommended. Start fenbendazole empirically.",0.6436723470687866
My rabbit has sores developing on the soles of its feet.,Parasites,,Parasites,"['Parasites', 'Mobility Problems', 'Ear Infections', 'Skin Irritations', 'Parasites']",1.0,True,True,True,Severe otitis externa in rabbit due to Psoroptes cuniculi. Treat with ivermectin or selamectin. Do not manually remove crusts initially.,0.6780235171318054
Rabbit has lost balance.,Ear Infections,,Digestive Issues,"['Digestive Issues', 'Mobility Problems', 'Parasites', 'Digestive Issues', 'Ear Infections']",5.0,False,False,True,"Rabbit presents with anorexia and decreased fecal output x 36 hrs. Abdomen slightly distended, doughy cecum palpated. Suspect GI stasis.",0.6641291379928589
My dog's elbow/hock seems to stick out at an odd angle.,Mobility Problems,,Skin Irritations,"['Skin Irritations', 'Skin Irritations', 'Mobility Problems', 'Skin Irritations', 'Mobility Problems']",3.0,False,True,True,Canine recurrent flank alopecia noted; seasonal pattern.,0.6353210210800171
Cat has developed facial nerve paralysis (droopy face) on one side.,Ear Infections,,Skin Irritations,"['Skin Irritations', 'Skin Irritations', 'Ear Infections', 'Ear Infections', 'Digestive Issues']",3.0,False,True,True,"Skin fragility syndrome noted in older cat; handle with care, check for hyperadrenocorticism.",0.698104977607727
Cat vomits bile mostly in the early morning before breakfast.,Digestive Issues,,Digestive Issues,"['Digestive Issues', 'Digestive Issues', 'Digestive Issues', 'Digestive Issues', 'Ear Infections']",1.0,True,True,True,Vomiting post-meal; test for food intolerance.,0.6256625056266785
"Dog has sudden onset of watery, projectile diarrhea.",Digestive Issues,,Digestive Issues,"['Digestive Issues', 'Digestive Issues', 'Digestive Issues', 'Digestive Issues', 'Digestive Issues']",1.0,True,True,True,Acute vomiting and diarrhea; suspect gastroenteritis.,0.6762526631355286
My cat has redness and swelling of the chin.,Skin Irritations,,Skin Irritations,"['Skin Irritations', 'Skin Irritations', 'Skin Irritations', 'Skin Irritations', 'Digestive Issues']",1.0,True,True,True,Feline acne present on chin; comedones and secondary infection noted.,0.6709109544754028
My guinea pig's droppings are very small and dry.,Digestive Issues,,Skin Irritations,"['Skin Irritations', 'Digestive Issues', 'Ear Infections', 'Digestive Issues', 'Digestive Issues']",2.0,False,True,True,"Pododermatitis in guinea pig; assess husbandry (substrate, cleanliness), rule out infection/scurvy.",0.5734040141105652
"Cat has a greasy feel to her coat, especially near the tail base.",Skin Irritations,,Skin Irritations,"['Skin Irritations', 'Skin Irritations', 'Skin Irritations', 'Skin Irritations', 'Parasites']",1.0,True,True,True,"Skin fragility syndrome noted in older cat; handle with care, check for hyperadrenocorticism.",0.6807273626327515
Rabbit has discharge coming from the ear.,Ear Infections,,Ear Infections,"['Ear Infections', 'Mobility Problems', 'Ear Infections', 'Parasites', 'Ear Infections']",1.0,True,True,True,Rabbit presents with severe crusting otitis externa due to Psoroptes cuniculi infestation.,0.6710910201072693
"Dog’s ears have a rash with small, crusty bumps.",Skin Irritations,,Skin Irritations,"['Skin Irritations', 'Ear Infections', 'Skin Irritations', 'Ear Infections', 'Skin Irritations']",1.0,True,True,True,Excoriations around ears and neck; check for ear mites and fleas.,0.6934549808502197
My cat has bad breath and occasionally vomits foam.,Digestive Issues,,Digestive Issues,"['Digestive Issues', 'Digestive Issues', 'Ear Infections', 'Digestive Issues', 'Digestive Issues']",1.0,True,True,True,Hyperthyroidism diagnosed in older cat with weight loss and vomiting.,0.6728079915046692
Cat’s ears have a brown discharge and bad smell.,Ear Infections,,Skin Irritations,"['Skin Irritations', 'Ear Infections', 'Ear Infections', 'Ear Infections', 'Ear Infections']",2.0,False,True,True,Excoriations around ears and neck; check for ear mites and fleas.,0.6482608318328857
My ferret arches his back when I pick him up.,Mobility Problems,,Skin Irritations,"['Skin Irritations', 'Skin Irritations', 'Mobility Problems', 'Mobility Problems', 'Mobility Problems']",3.0,False,True,True,"Skin fragility syndrome noted in older cat; handle with care, check for hyperadrenocorticism.",0.5737701058387756
My puppy has 'growing pains' (panosteitis).,Mobility Problems,,Mobility Problems,"['Mobility Problems', 'Ear Infections', 'Mobility Problems', 'Ear Infections', 'Skin Irritations']",1.0,True,True,True,"Panosteitis suspected in young, large breed dog with shifting leg lameness and long bone pain on palpation.",0.7532402873039246
My ferret seems painful in his back.,Mobility Problems,,Skin Irritations,"['Skin Irritations', 'Mobility Problems', 'Skin Irritations', 'Ear Infections', 'Mobility Problems']",2.0,False,True,True,Skin fragility noted; test for FIV/FeLV in feline patient.,0.6177780628204346
Ferret seems painful around the head.,Ear Infections,,Mobility Problems,"['Mobility Problems', 'Skin Irritations', 'Mobility Problems', 'Ear Infections', 'Skin Irritations']",4.0,False,False,True,Supraspinatus tendinopathy suspected.,0.6188721656799316
My bird has crusty growths on its beak and feet.,Parasites,,Skin Irritations,"['Skin Irritations', 'Skin Irritations', 'Parasites', 'Ear Infections', 'Skin Irritations']",3.0,False,True,True,Pemphigus foliaceus suspected due to crusting on face and paws; biopsy for histopathology.,0.6594621539115906
Cat has developed hives/welts after being outside.,Skin Irritations,,Digestive Issues,"['Digestive Issues', 'Ear Infections', 'Skin Irritations', 'Skin Irritations', 'Skin Irritations']",3.0,False,True,True,Hyperthyroidism diagnosed in older cat with weight loss and vomiting.,0.6403766870498657
My cat has crusty lesions around her eyes and nose.,Skin Irritations,,Skin Irritations,"['Skin Irritations', 'Skin Irritations', 'Skin Irritations', 'Skin Irritations', 'Skin Irritations']",1.0,True,True,True,Excoriations around ears and neck; check for ear mites and fleas.,0.6495462656021118
My dog is reluctant to go for walks.,Mobility Problems,,Digestive Issues,"['Digestive Issues', 'Digestive Issues', 'Parasites', 'Ear Infections', 'Skin Irritations']",,False,False,False,Advise slow transition when changing pet foods.,0.6371179223060608
My dog sits with his leg sticking straight out to the side.,Mobility Problems,,Ear Infections,"['Ear Infections', 'Skin Irritations', 'Mobility Problems', 'Mobility Problems', 'Digestive Issues']",3.0,False,True,True,Dog has a Malassezia (yeast) overgrowth causing otitis.,0.6156431436538696
My dog is knuckling over on his paws.,Mobility Problems,,Ear Infections,"['Ear Infections', 'Ear Infections', 'Parasites', 'Mobility Problems', 'Digestive Issues']",4.0,False,False,True,Dog has a Malassezia (yeast) overgrowth causing otitis.,0.6062322854995728
My dog has osteosarcoma requiring amputation.,Mobility Problems,,Ear Infections,"['Ear Infections', 'Digestive Issues', 'Ear Infections', 'Skin Irritations', 'Mobility Problems']",5.0,False,False,True,Dog has a Malassezia (yeast) overgrowth causing otitis.,0.6454228162765503
Dog has developed calluses on his elbows that are now cracking.,Skin Irritations,,Mobility Problems,"['Mobility Problems', 'Digestive Issues', 'Skin Irritations', 'Mobility Problems', 'Skin Irritations']",3.0,False,True,True,"Radiographs reveal osteophytes, sclerosis, and possible UAP/FCP in left elbow.",0.6320376396179199
Cat vomited a large hairball this morning.,Digestive Issues,,Digestive Issues,"['Digestive Issues', 'Digestive Issues', 'Digestive Issues', 'Ear Infections', 'Ear Infections']",1.0,True,True,True,Hyperthyroidism diagnosed in older cat with weight loss and vomiting.,0.6652721166610718
My rabbit has fur mites (Cheyletiella).,Parasites,,Ear Infections,"['Ear Infections', 'Mobility Problems', 'Parasites', 'Parasites', 'Parasites']",3.0,False,True,True,Psoroptes cuniculi (ear mites) in rabbit causing severe crusting and inflammation.,0.6582704782485962
My ferret's skin looks yellowish and he's losing fur.,Skin Irritations,,Skin Irritations,"['Skin Irritations', 'Skin Irritations', 'Skin Irritations', 'Skin Irritations', 'Skin Irritations']",1.0,True,True,True,Skin fragility noted; test for FIV/FeLV in feline patient.,0.6695115566253662
"My puppy has dark specks in his ears, vet suspected mites.",Ear Infections,,Skin Irritations,"['Skin Irritations', 'Ear Infections', 'Parasites', 'Ear Infections', 'Parasites']",2.0,False,True,True,Excoriations around ears and neck; check for ear mites and fleas.,0.6995798945426941
"Hamster is scratching incessantly, causing small wounds.",Skin Irritations,,Skin Irritations,"['Skin Irritations', 'Skin Irritations', 'Digestive Issues', 'Skin Irritations', 'Skin Irritations']",1.0,True,True,True,Crusting lesions on flanks; antifungal cream advised.,0.6092680096626282
Dog has a ruptured eardrum from a chronic infection.,Ear Infections,,Ear Infections,"['Ear Infections', 'Ear Infections', 'Ear Infections', 'Digestive Issues', 'Ear Infections']",1.0,True,True,True,Check thyroid levels in dogs with recurrent infections.,0.6569585204124451
My cat tries to vomit frequently but only retches.,Digestive Issues,,Digestive Issues,"['Digestive Issues', 'Digestive Issues', 'Digestive Issues', 'Digestive Issues', 'Digestive Issues']",1.0,True,True,True,Hyperthyroidism diagnosed in older cat with weight loss and vomiting.,0.6233236789703369
"Cat has visibly swollen joints, especially her wrists (carpi).",Mobility Problems,,Skin Irritations,"['Skin Irritations', 'Mobility Problems', 'Skin Irritations', 'Mobility Problems', 'Mobility Problems']",2.0,False,True,True,"Skin fragility syndrome noted in older cat; handle with care, check for hyperadrenocorticism.",0.6572716236114502
My cat is holding her head tilted to one side.,Ear Infections,,Skin Irritations,"['Skin Irritations', 'Digestive Issues', 'Skin Irritations', 'Ear Infections', 'Mobility Problems']",4.0,False,False,True,"Skin fragility syndrome noted in older cat; handle with care, check for hyperadrenocorticism.",0.6081854104995728
Cat looks carefully before jumping down from even low heights.,Mobility Problems,,Skin Irritations,"['Skin Irritations', 'Mobility Problems', 'Digestive Issues', 'Digestive Issues', 'Skin Irritations']",2.0,False,True,True,"Skin fragility syndrome noted in older cat; handle with care, check for hyperadrenocorticism.",0.5822203159332275
My hamster’s stools are watery and frequent.,Digestive Issues,,Digestive Issues,"['Digestive Issues', 'Digestive Issues', 'Digestive Issues', 'Digestive Issues', 'Parasites']",1.0,True,True,True,"Wet tail in hamster; guarded prognosis, provide heat support, antibiotics, fluids.",0.637496829032898
My puppy eats constantly but is skinny and has soft poop.,Digestive Issues,,Digestive Issues,"['Digestive Issues', 'Digestive Issues', 'Digestive Issues', 'Digestive Issues', 'Digestive Issues']",1.0,True,True,True,Advise slow transition when changing pet foods.,0.6356277465820312
Rabbit has ear mites causing thick crusts.,Ear Infections,,Ear Infections,"['Ear Infections', 'Ear Infections', 'Skin Irritations', 'Parasites', 'Ear Infections']",1.0,True,True,True,Psoroptes cuniculi (ear mites) in rabbit causing severe crusting and inflammation.,0.7725830078125
My dog's thigh muscles look smaller than they used to.,Mobility Problems,,Digestive Issues,"['Digestive Issues', 'Mobility Problems', 'Mobility Problems', 'Digestive Issues', 'Mobility Problems']",2.0,False,True,True,Advise slow transition when changing pet foods.,0.6137597560882568
"Dog has diarrhea that smells metallic, like blood.",Digestive Issues,,Digestive Issues,"['Digestive Issues', 'Digestive Issues', 'Digestive Issues', 'Digestive Issues', 'Digestive Issues']",1.0,True,True,True,Blood in stool; rule out ulceration.,0.6437733173370361
"My cat used to love chasing laser pointers, now she just watches.",Mobility Problems,,Digestive Issues,"['Digestive Issues', 'Digestive Issues', 'Skin Irritations', 'Parasites', 'Skin Irritations']",,False,False,False,Advise slow transition when changing pet foods.,0.5320448279380798
Dog is licking obsessively at a spot between his shoulder blades.,Skin Irritations,,Skin Irritations,"['Skin Irritations', 'Ear Infections', 'Skin Irritations', 'Mobility Problems', 'Skin Irritations']",1.0,True,True,True,Trichogram reveals damaged hair shafts consistent with excessive licking.,0.6147964000701904
My dog whimpers when he tries to jump onto the bed.,Mobility Problems,,Parasites,"['Parasites', 'Ear Infections', 'Ear Infections', 'Parasites', 'Digestive Issues']",,False,False,False,Discuss potential for parasite transmission between household pets.,0.5844437479972839
Dog's ear canal bleeds easily when cleaned.,Ear Infections,,Ear Infections,"['Ear Infections', 'Ear Infections', 'Skin Irritations', 'Ear Infections', 'Parasites']",1.0,True,True,True,Flush ears gently under sedation due to pain and debris.,0.6514337062835693
Rabbit has flaky skin on the outside of its ear flaps.,Skin Irritations,,Skin Irritations,"['Skin Irritations', 'Ear Infections', 'Parasites', 'Ear Infections', 'Skin Irritations']",1.0,True,True,True,Excoriations around ears and neck; check for ear mites and fleas.,0.676577091217041
Found a tick embedded in my cat's skin after she was outside.,Parasites,,Parasites,"['Parasites', 'Ear Infections', 'Skin Irritations', 'Skin Irritations', 'Parasites']",1.0,True,True,True,Ticks embedded in fur; remove and treat.,0.7235271334648132
Cat has hair loss around the eyes and ears.,Parasites,,Digestive Issues,"['Digestive Issues', 'Skin Irritations', 'Skin Irritations', 'Ear Infections', 'Skin Irritations']",,False,False,False,Hyperthyroidism diagnosed in older cat with weight loss and vomiting.,0.6682807207107544
"My dog has developed red, itchy patches on his belly and inner thighs.",Skin Irritations,,Skin Irritations,"['Skin Irritations', 'Skin Irritations', 'Digestive Issues', 'Skin Irritations', 'Skin Irritations']",1.0,True,True,True,Eosinophilic plaque identified on feline abdomen; consider allergy vs. parasitic cause. Cytology performed.,0.6759358048439026
My rabbit is scratching its dewlap constantly.,Skin Irritations,,Parasites,"['Parasites', 'Ear Infections', 'Mobility Problems', 'Parasites', 'Ear Infections']",,False,False,False,Ensure rabbit environment is clean to prevent flystrike.,0.6386316418647766
"Rabbit is moving very little, seems painful.",Ear Infections,,Digestive Issues,"['Digestive Issues', 'Mobility Problems', 'Digestive Issues', 'Digestive Issues', 'Parasites']",,False,False,False,"Rabbit presents with anorexia and decreased fecal output x 36 hrs. Abdomen slightly distended, doughy cecum palpated. Suspect GI stasis.",0.6509702205657959
Cat's chin has blackheads and some pimple-like sores (chin acne).,Skin Irritations,,Skin Irritations,"['Skin Irritations', 'Skin Irritations', 'Skin Irritations', 'Skin Irritations', 'Ear Infections']",1.0,True,True,True,Feline acne present on chin; comedones and secondary infection noted.,0.7018368244171143
My dog developed a head tilt and seems dizzy.,Mobility Problems,,Skin Irritations,"['Skin Irritations', 'Ear Infections', 'Ear Infections', 'Mobility Problems', 'Skin Irritations']",4.0,False,False,True,Psychogenic alopecia diagnosed in feline patient; behavioral modification and medication discussed.,0.6578657627105713
My cat vomited a plant leaf.,Digestive Issues,,Digestive Issues,"['Digestive Issues', 'Digestive Issues', 'Digestive Issues', 'Skin Irritations', 'Digestive Issues']",1.0,True,True,True,Hyperthyroidism diagnosed in older cat with weight loss and vomiting.,0.6733315587043762
Cat got diarrhea after drinking milk.,Digestive Issues,,Digestive Issues,"['Digestive Issues', 'Digestive Issues', 'Digestive Issues', 'Digestive Issues', 'Digestive Issues']",1.0,True,True,True,Hyperthyroidism diagnosed in older cat with weight loss and vomiting.,0.634400486946106
My ferret shakes his head after I clean his ears.,Ear Infections,,Ear Infections,"['Ear Infections', 'Ear Infections', 'Ear Infections', 'Ear Infections', 'Skin Irritations']",1.0,True,True,True,Demonstrate ear cleaning technique to owner.,0.6781438589096069
My rabbit has maggots near its tail (flystrike).,Parasites,,Parasites,"['Parasites', 'Parasites', 'Mobility Problems', 'Skin Irritations', 'Parasites']",1.0,True,True,True,Ensure rabbit environment is clean to prevent flystrike.,0.7508347034454346
Hamster has wetness and irritation around its tail (wet tail).,Skin Irritations,,Digestive Issues,"['Digestive Issues', 'Digestive Issues', 'Skin Irritations', 'Skin Irritations', 'Skin Irritations']",3.0,False,True,True,"Wet tail (proliferative ileitis) in hamster; guarded prognosis. Initiate supportive care (fluids, antibiotics, heat).",0.7481586933135986
My dog's poop is covered in slimy mucus.,Digestive Issues,,Parasites,"['Parasites', 'Digestive Issues', 'Parasites', 'Skin Irritations', 'Ear Infections']",2.0,False,True,True,Pediculosis (Linognathus setosus - dog sucking louse) identified. Treat with fipronil or selamectin.,0.6521172523498535
Puppy has roundworms and hookworms.,Parasites,,Parasites,"['Parasites', 'Parasites', 'Parasites', 'Parasites', 'Ear Infections']",1.0,True,True,True,Roundworm infection; start pyrantel therapy.,0.6666091680526733
"Guinea pig has very rough, coarse fur and seems itchy.",Skin Irritations,,Skin Irritations,"['Skin Irritations', 'Skin Irritations', 'Parasites', 'Mobility Problems', 'Parasites']",1.0,True,True,True,"Pododermatitis in guinea pig; assess husbandry (substrate, cleanliness), rule out infection/scurvy.",0.6186165809631348
My rabbit has swelling around the ear base.,Ear Infections,,Ear Infections,"['Ear Infections', 'Ear Infections', 'Parasites', 'Mobility Problems', 'Skin Irritations']",1.0,True,True,True,Psoroptes cuniculi (ear mites) in rabbit causing severe crusting and inflammation.,0.6885370016098022
I found a live flea crawling on my arm after holding the cat.,Parasites,,Parasites,"['Parasites', 'Parasites', 'Parasites', 'Skin Irritations', 'Parasites']",1.0,True,True,True,Provide handout on flea control.,0.6113806366920471
Dog is anemic due to a heavy hookworm burden.,Parasites,,Parasites,"['Parasites', 'Parasites', 'Parasites', 'Ear Infections', 'Digestive Issues']",1.0,True,True,True,"Anemia (low PCV) noted, likely secondary to heavy hookworm or flea burden.",0.7409248352050781
Rabbit has ear mites causing inflammation and head tilt.,Parasites,,Ear Infections,"['Ear Infections', 'Mobility Problems', 'Ear Infections', 'Ear Infections', 'Skin Irritations']",,False,False,False,Psoroptes cuniculi (ear mites) in rabbit causing severe crusting and inflammation.,0.7629745602607727
"Cat has a swollen area on her face, like an abscess.",Skin Irritations,,Skin Irritations,"['Skin Irritations', 'Ear Infections', 'Skin Irritations', 'Skin Irritations', 'Skin Irritations']",1.0,True,True,True,"Skin fragility syndrome noted in older cat; handle with care, check for hyperadrenocorticism.",0.6462432742118835
My cat has fleas and tapeworms.,Parasites,,Parasites,"['Parasites', 'Parasites', 'Parasites', 'Skin Irritations', 'Skin Irritations']",1.0,True,True,True,Discuss importance of treating all pets in household for fleas/mites.,0.6514558792114258
My cat has a droopy eyelid and unequal pupil size on the side with the bad ear.,Ear Infections,,Ear Infections,"['Ear Infections', 'Skin Irritations', 'Skin Irritations', 'Ear Infections', 'Ear Infections']",1.0,True,True,True,Nasopharyngeal polyp visualized extending into external ear canal in young cat.,0.6126126646995544
"Guinea pig has white, powdery stuff in its fur.",Parasites,,Parasites,"['Parasites', 'Skin Irritations', 'Parasites', 'Mobility Problems', 'Mobility Problems']",1.0,True,True,True,Ticks embedded in fur; remove and treat.,0.586254358291626
Rabbit is reluctant to be picked up.,Mobility Problems,,Mobility Problems,"['Mobility Problems', 'Parasites', 'Digestive Issues', 'Digestive Issues', 'Mobility Problems']",1.0,True,True,True,"Rabbit presents with head tilt, nystagmus, hind limb paresis. Serology for E. cuniculi recommended. Start fenbendazole empirically.",0.6164369583129883
My dog has mucus covering his stool.,Digestive Issues,,Ear Infections,"['Ear Infections', 'Parasites', 'Digestive Issues', 'Digestive Issues', 'Digestive Issues']",3.0,False,True,True,Dog has a Malassezia (yeast) overgrowth causing otitis.,0.672584593296051
"Kitten has crusty discharge around its eyes and nose, along with skin sores.",Skin Irritations,,Skin Irritations,"['Skin Irritations', 'Skin Irritations', 'Ear Infections', 'Skin Irritations', 'Skin Irritations']",1.0,True,True,True,Excoriations around ears and neck; check for ear mites and fleas.,0.6458197236061096
"My dog has environmental allergies (pollens, dust mites) causing ear issues.",Ear Infections,,Skin Irritations,"['Skin Irritations', 'Skin Irritations', 'Skin Irritations', 'Ear Infections', 'Parasites']",4.0,False,False,True,Pruritus and erythema on ears; topical therapy prescribed.,0.6794826984405518
"My dog's elbows are calloused, dark, and sometimes cracked.",Skin Irritations,,Mobility Problems,"['Mobility Problems', 'Skin Irritations', 'Skin Irritations', 'Mobility Problems', 'Skin Irritations']",2.0,False,True,True,"Radiographs reveal osteophytes, sclerosis, and possible UAP/FCP in left elbow.",0.6446508765220642
My cat seems to gag or cough after eating.,Digestive Issues,,Digestive Issues,"['Digestive Issues', 'Digestive Issues', 'Ear Infections', 'Digestive Issues', 'Digestive Issues']",1.0,True,True,True,Vomiting post-meal; test for food intolerance.,0.6491150856018066
My cat threw up clear liquid this morning and seems quiet.,Digestive Issues,,Digestive Issues,"['Digestive Issues', 'Digestive Issues', 'Ear Infections', 'Digestive Issues', 'Digestive Issues']",1.0,True,True,True,"Constipated feline; administer Miralax/lactulose and recommend increasing water intake (wet food, fountain).",0.5807112455368042
My dog is excessively gassy and burping.,Digestive Issues,,Ear Infections,"['Ear Infections', 'Digestive Issues', 'Digestive Issues', 'Digestive Issues', 'Digestive Issues']",2.0,False,True,True,Dog has a Malassezia (yeast) overgrowth causing otitis.,0.6423989534378052
My dog has elbow dysplasia causing forelimb lameness.,Mobility Problems,,Digestive Issues,"['Digestive Issues', 'Mobility Problems', 'Mobility Problems', 'Mobility Problems', 'Mobility Problems']",2.0,False,True,True,"Chronic intermittent vomiting in feline; consider IBD, food allergy, lymphoma.",0.650932788848877
Guinea pig is losing weight rapidly and has diarrhea.,Digestive Issues,,Digestive Issues,"['Digestive Issues', 'Digestive Issues', 'Mobility Problems', 'Mobility Problems', 'Digestive Issues']",1.0,True,True,True,Diarrhea with weight loss; check thyroid levels.,0.6494511961936951
"My cat has lungworm, diagnosed after chronic coughing.",Parasites,,Parasites,"['Parasites', 'Digestive Issues', 'Parasites', 'Parasites', 'Digestive Issues']",1.0,True,True,True,"Lungworm (e.g., Aelurostrongylus abstrusus in cats) suspected based on respiratory signs; Baermann fecal analysis recommended.",0.6995957493782043
Rabbit has hair loss and crusting around the base of the affected ear.,Ear Infections,,Ear Infections,"['Ear Infections', 'Ear Infections', 'Mobility Problems', 'Parasites', 'Ear Infections']",1.0,True,True,True,Psoroptes cuniculi (ear mites) in rabbit causing severe crusting and inflammation.,0.7260812520980835
My dog's ear flap swelled up suddenly like a water balloon.,Ear Infections,,Ear Infections,"['Ear Infections', 'Ear Infections', 'Ear Infections', 'Skin Irritations', 'Ear Infections']",1.0,True,True,True,Recommend ear drying solution after swimming or bathing for predisposed dogs.,0.6488438248634338
My rabbit is losing fur in clumps when I pet it.,Skin Irritations,,Parasites,"['Parasites', 'Parasites', 'Skin Irritations', 'Ear Infections', 'Parasites']",3.0,False,True,True,Ensure rabbit environment is clean to prevent flystrike.,0.5956921577453613
Cat has bad gas and occasional vomiting.,Digestive Issues,,Digestive Issues,"['Digestive Issues', 'Digestive Issues', 'Digestive Issues', 'Ear Infections', 'Digestive Issues']",1.0,True,True,True,Hyperthyroidism diagnosed in older cat with weight loss and vomiting.,0.7045873403549194
Cat seems less interested in playing with toys.,Mobility Problems,,Digestive Issues,"['Digestive Issues', 'Skin Irritations', 'Digestive Issues', 'Skin Irritations', 'Ear Infections']",,False,False,False,Advise slow transition when changing pet foods.,0.5717695951461792
"Rabbit has white, crusty deposits in its ears.",Skin Irritations,,Ear Infections,"['Ear Infections', 'Skin Irritations', 'Ear Infections', 'Ear Infections', 'Skin Irritations']",2.0,False,True,True,Psoroptes cuniculi (ear mites) in rabbit causing severe crusting and inflammation.,0.6929426789283752
My dog has developed a lump that seems attached to the skin.,Skin Irritations,,Skin Irritations,"['Skin Irritations', 'Skin Irritations', 'Skin Irritations', 'Digestive Issues', 'Skin Irritations']",1.0,True,True,True,Immune-mediated skin condition suspected; requires further workup.,0.6850377917289734
"Rabbit seems to have lost its balance, stumbling.",Ear Infections,,Digestive Issues,"['Digestive Issues', 'Mobility Problems', 'Digestive Issues', 'Parasites', 'Ear Infections']",5.0,False,False,True,"Rabbit presents with anorexia and decreased fecal output x 36 hrs. Abdomen slightly distended, doughy cecum palpated. Suspect GI stasis.",0.6820247769355774
My dog holds up his back leg occasionally when walking ('skipping').,Mobility Problems,,Mobility Problems,"['Mobility Problems', 'Mobility Problems', 'Mobility Problems', 'Skin Irritations', 'Digestive Issues']",1.0,True,True,True,"Gait analysis performed: observe walk, trot, turning, stairs.",0.6241440773010254
Rabbit has lost fur on its nose from rubbing cage bars.,Skin Irritations,,Digestive Issues,"['Digestive Issues', 'Parasites', 'Mobility Problems', 'Ear Infections', 'Parasites']",,False,False,False,"Rabbit presents with anorexia and decreased fecal output x 36 hrs. Abdomen slightly distended, doughy cecum palpated. Suspect GI stasis.",0.605462908744812
My dog seems to have lost coordination in his hind limbs.,Mobility Problems,,Mobility Problems,"['Mobility Problems', 'Mobility Problems', 'Ear Infections', 'Mobility Problems', 'Mobility Problems']",1.0,True,True,True,Absence of withdrawal reflex in hind limbs.,0.6789001226425171
"Dog ate chocolate, now vomiting and hyperactive.",Digestive Issues,,Digestive Issues,"['Digestive Issues', 'Digestive Issues', 'Digestive Issues', 'Ear Infections', 'Digestive Issues']",1.0,True,True,True,Vomiting post-meal; test for food intolerance.,0.6545456647872925
Ferret is rubbing its body against furniture frequently.,Skin Irritations,,Skin Irritations,"['Skin Irritations', 'Parasites', 'Parasites', 'Skin Irritations', 'Mobility Problems']",1.0,True,True,True,Skin fragility noted; test for FIV/FeLV in feline patient.,0.5677531957626343
My dog might have gotten water in his ear during his bath.,Ear Infections,,Ear Infections,"['Ear Infections', 'Ear Infections', 'Ear Infections', 'Parasites', 'Parasites']",1.0,True,True,True,Recommend ear drying solution after swimming or bathing for predisposed dogs.,0.7606610059738159
Found multiple ticks on my dog after a walk in the woods.,Parasites,,Parasites,"['Parasites', 'Ear Infections', 'Ear Infections', 'Parasites', 'Parasites']",1.0,True,True,True,Ticks embedded in fur; remove and treat.,0.6792604923248291
There's a foul odor coming from my cat's ears.,Ear Infections,,Ear Infections,"['Ear Infections', 'Ear Infections', 'Ear Infections', 'Ear Infections', 'Skin Irritations']",1.0,True,True,True,Nasopharyngeal polyp visualized extending into external ear canal in young cat.,0.6767547726631165
Puppy is being treated for Sarcoptic mange (scabies).,Parasites,,Parasites,"['Parasites', 'Parasites', 'Parasites', 'Parasites', 'Skin Irritations']",1.0,True,True,True,"Initiate treatment for sarcoptic mange (e.g., selamectin, ivermectin, isoxazoline).",0.7423185110092163
Rabbit has stopped grooming itself and looks unkempt.,Digestive Issues,,Digestive Issues,"['Digestive Issues', 'Mobility Problems', 'Ear Infections', 'Parasites', 'Digestive Issues']",1.0,True,True,True,"Rabbit presents with anorexia and decreased fecal output x 36 hrs. Abdomen slightly distended, doughy cecum palpated. Suspect GI stasis.",0.6449494361877441
"Cat's ears are very itchy and painful, she cries when I touch them.",Parasites,,Ear Infections,"['Ear Infections', 'Skin Irritations', 'Skin Irritations', 'Skin Irritations', 'Ear Infections']",,False,False,False,Flush ears gently under sedation due to pain and debris.,0.6165085434913635
Cat has a soft tissue injury (sprain/strain).,Mobility Problems,,Skin Irritations,"['Skin Irritations', 'Skin Irritations', 'Mobility Problems', 'Skin Irritations', 'Skin Irritations']",3.0,False,True,True,"Skin fragility syndrome noted in older cat; handle with care, check for hyperadrenocorticism.",0.6945797801017761
The dog keeps licking one spot on his front leg until it's raw.,Skin Irritations,,Ear Infections,"['Ear Infections', 'Skin Irritations', 'Skin Irritations', 'Parasites', 'Parasites']",2.0,False,True,True,Dog has a Malassezia (yeast) overgrowth causing otitis.,0.5584326982498169
Cat walks very slowly and cautiously.,Mobility Problems,,Digestive Issues,"['Digestive Issues', 'Skin Irritations', 'Mobility Problems', 'Skin Irritations', 'Digestive Issues']",3.0,False,True,True,Advise slow transition when changing pet foods.,0.6428529024124146
"My cat has Toxoplasma, I'm pregnant and concerned.",Parasites,,Digestive Issues,"['Digestive Issues', 'Digestive Issues', 'Skin Irritations', 'Ear Infections', 'Parasites']",5.0,False,False,True,"Diagnosed hyperthyroidism (elevated T4) in cat with weight loss, polyphagia, vomiting.",0.6234739422798157
My puppy has dandruff only a few days after a bath.,Skin Irritations,,Parasites,"['Parasites', 'Ear Infections', 'Parasites', 'Ear Infections', 'Digestive Issues']",,False,False,False,Advise bathing pet with appropriate shampoo to remove flea dirt/scales.,0.6293424367904663
My cat tested positive for Giardia after having diarrhea.,Parasites,,Digestive Issues,"['Digestive Issues', 'Parasites', 'Digestive Issues', 'Digestive Issues', 'Digestive Issues']",2.0,False,True,True,Diarrhea with mucus; test for giardia.,0.6973587274551392
My dog's paw pads are cracked and bleeding.,Skin Irritations,,Skin Irritations,"['Skin Irritations', 'Parasites', 'Mobility Problems', 'Parasites', 'Skin Irritations']",1.0,True,True,True,Erythema and scaling on paws; soak and medicate.,0.6679460406303406
"My puppy seems to have a sensitive stomach, gets diarrhea easily.",Digestive Issues,,Digestive Issues,"['Digestive Issues', 'Digestive Issues', 'Digestive Issues', 'Digestive Issues', 'Skin Irritations']",1.0,True,True,True,"Recommend highly digestible therapeutic diet (e.g., Hill's i/d, Royal Canin GI).",0.6534954309463501
My cat's ear infection is resistant to multiple antibiotics.,Ear Infections,,Ear Infections,"['Ear Infections', 'Ear Infections', 'Ear Infections', 'Skin Irritations', 'Ear Infections']",1.0,True,True,True,Yeast and bacteria in ear; prescribe dual therapy.,0.6537588834762573
Cat developed sudden loss of balance and circling.,Ear Infections,,Digestive Issues,"['Digestive Issues', 'Skin Irritations', 'Skin Irritations', 'Digestive Issues', 'Ear Infections']",5.0,False,False,True,Hyperthyroidism diagnosed in older cat with weight loss and vomiting.,0.6645420789718628
"My dog has scabies, and now I'm itchy too!",Parasites,,Ear Infections,"['Ear Infections', 'Parasites', 'Ear Infections', 'Skin Irritations', 'Parasites']",2.0,False,True,True,Dog has a Malassezia (yeast) overgrowth causing otitis.,0.6175151467323303
"Dog ate grapes off the counter, now vomiting.",Digestive Issues,,Digestive Issues,"['Digestive Issues', 'Digestive Issues', 'Digestive Issues', 'Digestive Issues', 'Ear Infections']",1.0,True,True,True,Vomiting post-meal; test for food intolerance.,0.6582239866256714
"Dog has oily, smelly skin, especially along the back.",Skin Irritations,,Parasites,"['Parasites', 'Skin Irritations', 'Skin Irritations', 'Skin Irritations', 'Ear Infections']",2.0,False,True,True,Advise bathing pet with appropriate shampoo to remove flea dirt/scales.,0.6628961563110352
My dog's ear infections are a chronic problem requiring ongoing care.,Ear Infections,,Ear Infections,"['Ear Infections', 'Ear Infections', 'Ear Infections', 'Ear Infections', 'Ear Infections']",1.0,True,True,True,Long-term maintenance therapy with weekly ear cleaner/medication may be required.,0.7183983325958252
Cat's ear canal looks very narrow.,Ear Infections,,Ear Infections,"['Ear Infections', 'Ear Infections', 'Ear Infections', 'Parasites', 'Ear Infections']",1.0,True,True,True,Nasopharyngeal polyp visualized extending into external ear canal in young cat.,0.7219485640525818
My dog contracted Babesia from a tick.,Parasites,,Parasites,"['Parasites', 'Parasites', 'Ear Infections', 'Ear Infections', 'Parasites']",1.0,True,True,True,Babesia canis identified via PCR. Treatment options discussed (imidocarb dipropionate).,0.6581823825836182
Rabbit has E. cuniculi infection causing neurological/mobility issues.,Mobility Problems,,Mobility Problems,"['Mobility Problems', 'Mobility Problems', 'Ear Infections', 'Ear Infections', 'Parasites']",1.0,True,True,True,"Rabbit presents with head tilt, nystagmus, hind limb paresis. Serology for E. cuniculi recommended. Start fenbendazole empirically.",0.7497818470001221
"My dog suddenly couldn't stand up this morning, crying in pain.",Mobility Problems,,Mobility Problems,"['Mobility Problems', 'Skin Irritations', 'Ear Infections', 'Ear Infections', 'Ear Infections']",1.0,True,True,True,"Panosteitis suspected in young, large breed dog with shifting leg lameness and long bone pain on palpation.",0.6103466153144836
Cat reacted painfully when the vet extended her hind legs.,Mobility Problems,,Skin Irritations,"['Skin Irritations', 'Digestive Issues', 'Mobility Problems', 'Skin Irritations', 'Ear Infections']",3.0,False,True,True,"Skin fragility syndrome noted in older cat; handle with care, check for hyperadrenocorticism.",0.6096088290214539
"My cat only poops every 3-4 days, and the stool is very hard.",Digestive Issues,,Parasites,"['Parasites', 'Digestive Issues', 'Digestive Issues', 'Digestive Issues', 'Digestive Issues']",2.0,False,True,True,Repeat fecal examination in 2-4 weeks to ensure parasite clearance.,0.5934901237487793
Guinea pig has flaky skin around its eyes.,Skin Irritations,,Skin Irritations,"['Skin Irritations', 'Skin Irritations', 'Skin Irritations', 'Parasites', 'Skin Irritations']",1.0,True,True,True,Skin fragility noted; test for FIV/FeLV in feline patient.,0.621074914932251
My budgie has crusty growths around its beak and legs.,Parasites,,Ear Infections,"['Ear Infections', 'Skin Irritations', 'Skin Irritations', 'Skin Irritations', 'Mobility Problems']",,False,False,False,Dog has a Malassezia (yeast) overgrowth causing otitis.,0.6567862629890442
My cat has developed small scabs scattered throughout her coat.,Skin Irritations,,Skin Irritations,"['Skin Irritations', 'Skin Irritations', 'Skin Irritations', 'Parasites', 'Skin Irritations']",1.0,True,True,True,"Skin fragility syndrome noted in older cat; handle with care, check for hyperadrenocorticism.",0.6314136981964111
"Cat's claws seem overgrown, maybe not scratching post due to pain.",Mobility Problems,,Skin Irritations,"['Skin Irritations', 'Skin Irritations', 'Skin Irritations', 'Skin Irritations', 'Ear Infections']",,False,False,False,Excoriations on tail; rule out flea hypersensitivity.,0.6393014192581177
My rabbit stopped eating hay and seems lethargic.,Digestive Issues,,Digestive Issues,"['Digestive Issues', 'Mobility Problems', 'Digestive Issues', 'Digestive Issues', 'Digestive Issues']",1.0,True,True,True,"Rabbit presents with anorexia and decreased fecal output x 36 hrs. Abdomen slightly distended, doughy cecum palpated. Suspect GI stasis.",0.6613614559173584
Cat developed arthritis in her elbow after an old fracture.,Mobility Problems,,Skin Irritations,"['Skin Irritations', 'Skin Irritations', 'Mobility Problems', 'Digestive Issues', 'Mobility Problems']",3.0,False,True,True,"Skin fragility syndrome noted in older cat; handle with care, check for hyperadrenocorticism.",0.6588459014892578
"Dog's limp is barely noticeable after warming up, but bad when first rising.",Mobility Problems,,Skin Irritations,"['Skin Irritations', 'Mobility Problems', 'Mobility Problems', 'Digestive Issues', 'Mobility Problems']",2.0,False,True,True,"Histiocytoma observed on young dog's limb; typically benign, monitor for regression.",0.5961496829986572
Dog is licking the air and swallowing repeatedly.,Digestive Issues,,Ear Infections,"['Ear Infections', 'Skin Irritations', 'Digestive Issues', 'Skin Irritations', 'Skin Irritations']",3.0,False,True,True,Dog has a Malassezia (yeast) overgrowth causing otitis.,0.6160321235656738
Ferret is vomiting undigested food shortly after eating.,Digestive Issues,,Digestive Issues,"['Digestive Issues', 'Digestive Issues', 'Digestive Issues', 'Digestive Issues', 'Digestive Issues']",1.0,True,True,True,Vomiting post-meal; test for food intolerance.,0.7294792532920837
Cat cries out when I pick her up around her hips.,Mobility Problems,,Skin Irritations,"['Skin Irritations', 'Skin Irritations', 'Digestive Issues', 'Ear Infections', 'Mobility Problems']",5.0,False,False,True,"Skin fragility syndrome noted in older cat; handle with care, check for hyperadrenocorticism.",0.6096822023391724
My ferret shakes its head after cleaning.,Ear Infections,,Ear Infections,"['Ear Infections', 'Ear Infections', 'Ear Infections', 'Parasites', 'Ear Infections']",1.0,True,True,True,Demonstrate ear cleaning technique to owner.,0.6060307621955872
Puppy has moisture in his ears after playing in water.,Ear Infections,,Ear Infections,"['Ear Infections', 'Ear Infections', 'Ear Infections', 'Ear Infections', 'Skin Irritations']",1.0,True,True,True,Recommend ear drying solution after swimming or bathing for predisposed dogs.,0.7168506383895874
My dog has osteosarcoma (bone cancer).,Mobility Problems,,Digestive Issues,"['Digestive Issues', 'Ear Infections', 'Ear Infections', 'Mobility Problems', 'Mobility Problems']",4.0,False,False,True,Megacolon diagnosed radiographically in feline patient.,0.6461832523345947
The skin inside my dog's ears looks red and inflamed.,Ear Infections,,Skin Irritations,"['Skin Irritations', 'Skin Irritations', 'Ear Infections', 'Ear Infections', 'Ear Infections']",3.0,False,True,True,Scaling and redness on ears; topical steroids prescribed.,0.6868737936019897
Ferret suddenly became paralyzed in the back legs.,Mobility Problems,,Mobility Problems,"['Mobility Problems', 'Mobility Problems', 'Ear Infections', 'Mobility Problems', 'Mobility Problems']",1.0,True,True,True,Assess deep pain sensation in paralyzed limbs.,0.5307343006134033
Dog is retching forcefully but producing nothing.,Digestive Issues,,Mobility Problems,"['Mobility Problems', 'Digestive Issues', 'Mobility Problems', 'Digestive Issues', 'Digestive Issues']",2.0,False,True,True,Absence of withdrawal reflex in hind limbs.,0.5870088338851929
Rabbit is scratching the base of its ears.,Ear Infections,,Ear Infections,"['Ear Infections', 'Ear Infections', 'Mobility Problems', 'Ear Infections', 'Parasites']",1.0,True,True,True,Psoroptes cuniculi (ear mites) in rabbit causing severe crusting and inflammation.,0.6395574808120728
Rabbit is dragging one of its back legs.,Mobility Problems,,Mobility Problems,"['Mobility Problems', 'Digestive Issues', 'Digestive Issues', 'Parasites', 'Ear Infections']",1.0,True,True,True,"Rabbit presents with head tilt, nystagmus, hind limb paresis. Serology for E. cuniculi recommended. Start fenbendazole empirically.",0.6304217576980591
Dog has developed resistance to several types of ear drops.,Ear Infections,,Ear Infections,"['Ear Infections', 'Ear Infections', 'Ear Infections', 'Skin Irritations', 'Ear Infections']",1.0,True,True,True,Recommend ear drying solution after swimming or bathing for predisposed dogs.,0.634019136428833
Puppy walks with a 'bunny hop' gait.,Mobility Problems,,Mobility Problems,"['Mobility Problems', 'Mobility Problems', 'Digestive Issues', 'Mobility Problems', 'Skin Irritations']",1.0,True,True,True,"Gait analysis performed: observe walk, trot, turning, stairs.",0.6078202724456787
My guinea pig is losing hair symmetrically on both sides.,Skin Irritations,,Mobility Problems,"['Mobility Problems', 'Mobility Problems', 'Skin Irritations', 'Skin Irritations', 'Skin Irritations']",3.0,False,True,True,Suspect vitamin C deficiency (scurvy) in guinea pig with lameness/reluctance to move; supplement vitamin C.,0.5953559875488281
Ferret is shaking its head due to ear mite irritation.,Parasites,,Skin Irritations,"['Skin Irritations', 'Ear Infections', 'Parasites', 'Ear Infections', 'Ear Infections']",3.0,False,True,True,Excoriations around ears and neck; check for ear mites and fleas.,0.6662460565567017
"Dog has developed moist, red patches under his collar.",Skin Irritations,,Ear Infections,"['Ear Infections', 'Digestive Issues', 'Parasites', 'Skin Irritations', 'Skin Irritations']",4.0,False,False,True,Dog has a Malassezia (yeast) overgrowth causing otitis.,0.6569527983665466
My rabbit has developed a large abscess under its chin.,Skin Irritations,,Parasites,"['Parasites', 'Ear Infections', 'Ear Infections', 'Mobility Problems', 'Skin Irritations']",5.0,False,False,True,Severe otitis externa in rabbit due to Psoroptes cuniculi. Treat with ivermectin or selamectin. Do not manually remove crusts initially.,0.6777946949005127
My rabbit has discharge from its eye on the same side as the droopy ear.,Ear Infections,,Parasites,"['Parasites', 'Mobility Problems', 'Ear Infections', 'Skin Irritations', 'Ear Infections']",3.0,False,True,True,Severe otitis externa in rabbit due to Psoroptes cuniculi. Treat with ivermectin or selamectin. Do not manually remove crusts initially.,0.6541959047317505
"My cat brings food back up almost immediately after eating, looks undigested.",Digestive Issues,,Ear Infections,"['Ear Infections', 'Digestive Issues', 'Digestive Issues', 'Digestive Issues', 'Digestive Issues']",2.0,False,True,True,Dog has a Malassezia (yeast) overgrowth causing otitis.,0.593990683555603
My guinea pig has sores on the bottoms of its feet.,Skin Irritations,,Mobility Problems,"['Mobility Problems', 'Skin Irritations', 'Mobility Problems', 'Skin Irritations', 'Skin Irritations']",2.0,False,True,True,"Severe ulcerative pododermatitis (bumblefoot) in guinea pig; debride, bandage, systemic antibiotics, improve husbandry.",0.6935367584228516
"Guinea pig seems lethargic and thin, maybe internal parasites?",Parasites,,Digestive Issues,"['Digestive Issues', 'Mobility Problems', 'Digestive Issues', 'Mobility Problems', 'Parasites']",5.0,False,False,True,"Rabbit presents with anorexia and decreased fecal output x 36 hrs. Abdomen slightly distended, doughy cecum palpated. Suspect GI stasis.",0.5973720550537109
"Dog has thickened, rough skin inside the ear canal (cobblestone appearance).",Ear Infections,,Ear Infections,"['Ear Infections', 'Ear Infections', 'Ear Infections', 'Digestive Issues', 'Ear Infections']",1.0,True,True,True,Unilateral otitis externa in older dog with mass obstructing canal. Biopsy confirms ceruminous gland adenocarcinoma.,0.6901086568832397
My rabbit caught fleas from our dog.,Parasites,,Parasites,"['Parasites', 'Parasites', 'Parasites', 'Parasites', 'Parasites']",1.0,True,True,True,Ensure rabbit environment is clean to prevent flystrike.,0.6589358448982239
"My cat has what looks like dandruff, but it moves.",Skin Irritations,,Skin Irritations,"['Skin Irritations', 'Skin Irritations', 'Digestive Issues', 'Mobility Problems', 'Skin Irritations']",1.0,True,True,True,"Skin fragility syndrome noted in older cat; handle with care, check for hyperadrenocorticism.",0.6275630593299866
"Guinea pig is staying in one corner of the cage, not exploring.",Mobility Problems,,Mobility Problems,"['Mobility Problems', 'Skin Irritations', 'Digestive Issues', 'Digestive Issues', 'Digestive Issues']",1.0,True,True,True,Absence of withdrawal reflex in hind limbs.,0.4834291636943817
"Cat is scratching her neck raw, right where the collar sits.",Skin Irritations,,Skin Irritations,"['Skin Irritations', 'Skin Irritations', 'Mobility Problems', 'Skin Irritations', 'Skin Irritations']",1.0,True,True,True,"Skin fragility syndrome noted in older cat; handle with care, check for hyperadrenocorticism.",0.5496031641960144
Guinea pig has vitamin C deficiency (scurvy) causing joint pain.,Mobility Problems,,Mobility Problems,"['Mobility Problems', 'Mobility Problems', 'Parasites', 'Skin Irritations', 'Mobility Problems']",1.0,True,True,True,Hypovitaminosis C (scurvy) suspected in anorexic guinea pig with painful joints/lameness. Supplement Vitamin C immediately.,0.8082886338233948
Cat has sores on her lips and tongue.,Skin Irritations,,Skin Irritations,"['Skin Irritations', 'Digestive Issues', 'Skin Irritations', 'Skin Irritations', 'Ear Infections']",1.0,True,True,True,"Skin fragility syndrome noted in older cat; handle with care, check for hyperadrenocorticism.",0.6270701885223389
Cat has scratches and scabs around her ears from scratching.,Ear Infections,,Skin Irritations,"['Skin Irritations', 'Ear Infections', 'Parasites', 'Ear Infections', 'Skin Irritations']",2.0,False,True,True,Excoriations around ears and neck; check for ear mites and fleas.,0.701790452003479
My dog has exercise-induced weakness due to myasthenia gravis.,Mobility Problems,,Ear Infections,"['Ear Infections', 'Mobility Problems', 'Ear Infections', 'Mobility Problems', 'Digestive Issues']",2.0,False,True,True,Dog has a Malassezia (yeast) overgrowth causing otitis.,0.6440297365188599
My cat has been hiding under the bed and won't eat.,Digestive Issues,,Digestive Issues,"['Digestive Issues', 'Digestive Issues', 'Skin Irritations', 'Skin Irritations', 'Skin Irritations']",1.0,True,True,True,Hyperthyroidism diagnosed in older cat with weight loss and vomiting.,0.5794695615768433
My dog has panosteitis (growing pains).,Mobility Problems,,Mobility Problems,"['Mobility Problems', 'Ear Infections', 'Mobility Problems', 'Ear Infections', 'Digestive Issues']",1.0,True,True,True,"Panosteitis suspected in young, large breed dog with shifting leg lameness and long bone pain on palpation.",0.7829354405403137
My cat has fleas even though she's an indoor cat.,Parasites,,Parasites,"['Parasites', 'Parasites', 'Parasites', 'Skin Irritations', 'Skin Irritations']",1.0,True,True,True,"Recommend environmental flea treatment (vacuuming, washing bedding, premise spray).",0.6556830406188965
My dog has severe hip dysplasia confirmed by x-rays.,Mobility Problems,,Mobility Problems,"['Mobility Problems', 'Mobility Problems', 'Mobility Problems', 'Digestive Issues', 'Skin Irritations']",1.0,True,True,True,Radiographs confirm moderate to severe hip dysplasia with secondary OA changes.,0.7400718927383423
My dog has flaky skin along his spine.,Parasites,,Skin Irritations,"['Skin Irritations', 'Parasites', 'Skin Irritations', 'Skin Irritations', 'Skin Irritations']",2.0,False,True,True,Skin fragility noted; test for FIV/FeLV in feline patient.,0.6840925216674805
My rabbit has 'walking dandruff' mites (Cheyletiella).,Parasites,,Skin Irritations,"['Skin Irritations', 'Parasites', 'Parasites', 'Mobility Problems', 'Parasites']",2.0,False,True,True,Cheyletiella mites ('walking dandruff') identified on surface tape prep.,0.7304462790489197
Kitten has Coccidia causing bloody diarrhea.,Parasites,,Digestive Issues,"['Digestive Issues', 'Parasites', 'Parasites', 'Ear Infections', 'Digestive Issues']",2.0,False,True,True,Blood in stool; rule out ulceration.,0.6013169288635254
My dog keeps shaking his head violently and scratching at his right ear.,Ear Infections,,Mobility Problems,"['Mobility Problems', 'Ear Infections', 'Ear Infections', 'Ear Infections', 'Ear Infections']",2.0,False,True,True,Educate owner on signs of worsening neurological function.,0.6084808707237244
"My puppy is having diarrhea accidents inside, seems urgent.",Digestive Issues,,Digestive Issues,"['Digestive Issues', 'Digestive Issues', 'Digestive Issues', 'Digestive Issues', 'Digestive Issues']",1.0,True,True,True,"Rabbit presents with anorexia and decreased fecal output x 36 hrs. Abdomen slightly distended, doughy cecum palpated. Suspect GI stasis.",0.644729495048523
"Dog has greasy, pale, voluminous stools.",Digestive Issues,,Digestive Issues,"['Digestive Issues', 'Ear Infections', 'Mobility Problems', 'Digestive Issues', 'Digestive Issues']",1.0,True,True,True,Blood in stool; rule out ulceration.,0.6848404407501221
Cat is sensitive to noises.,Ear Infections,,Skin Irritations,"['Skin Irritations', 'Ear Infections', 'Ear Infections', 'Skin Irritations', 'Skin Irritations']",2.0,False,True,True,"Skin fragility syndrome noted in older cat; handle with care, check for hyperadrenocorticism.",0.6674371361732483
"Guinea pig is limping, possibly due to lack of Vitamin C.",Mobility Problems,,Mobility Problems,"['Mobility Problems', 'Mobility Problems', 'Parasites', 'Digestive Issues', 'Digestive Issues']",1.0,True,True,True,Suspect vitamin C deficiency (scurvy) in guinea pig with lameness/reluctance to move; supplement vitamin C.,0.7662925124168396
Puppy is small for his age and has chronic soft stools.,Digestive Issues,,Digestive Issues,"['Digestive Issues', 'Digestive Issues', 'Digestive Issues', 'Digestive Issues', 'Digestive Issues']",1.0,True,True,True,Advise slow transition when changing pet foods.,0.6320207118988037
Rabbit is holding its head tilted and seems unbalanced.,Mobility Problems,,Mobility Problems,"['Mobility Problems', 'Digestive Issues', 'Mobility Problems', 'Digestive Issues', 'Parasites']",1.0,True,True,True,"Rabbit presents with head tilt, nystagmus, hind limb paresis. Serology for E. cuniculi recommended. Start fenbendazole empirically.",0.7006620764732361
My cat has vomited several times today and is now hiding.,Digestive Issues,,Digestive Issues,"['Digestive Issues', 'Digestive Issues', 'Digestive Issues', 'Digestive Issues', 'Digestive Issues']",1.0,True,True,True,Hyperthyroidism diagnosed in older cat with weight loss and vomiting.,0.6674341559410095
"My cat has rapid, involuntary eye movements (nystagmus).",Ear Infections,,Skin Irritations,"['Skin Irritations', 'Skin Irritations', 'Ear Infections', 'Digestive Issues', 'Ear Infections']",3.0,False,True,True,"Skin fragility syndrome noted in older cat; handle with care, check for hyperadrenocorticism.",0.6458708047866821
Cat seems deaf in one ear.,Ear Infections,,Ear Infections,"['Ear Infections', 'Ear Infections', 'Ear Infections', 'Mobility Problems', 'Ear Infections']",1.0,True,True,True,Nasopharyngeal polyp visualized extending into external ear canal in young cat.,0.6739992499351501
My cat has really bad breath and sometimes vomits yellow foam.,Digestive Issues,,Digestive Issues,"['Digestive Issues', 'Digestive Issues', 'Ear Infections', 'Digestive Issues', 'Skin Irritations']",1.0,True,True,True,Hyperthyroidism diagnosed in older cat with weight loss and vomiting.,0.6545935869216919
"Kitten is anemic (pale gums) and lethargic, suspecting heavy flea or worm burden.",Parasites,,Parasites,"['Parasites', 'Digestive Issues', 'Mobility Problems', 'Digestive Issues', 'Digestive Issues']",1.0,True,True,True,"Anemia (low PCV) noted, likely secondary to heavy hookworm or flea burden.",0.6977964639663696
Rabbit has a fractured leg.,Mobility Problems,,Digestive Issues,"['Digestive Issues', 'Mobility Problems', 'Digestive Issues', 'Skin Irritations', 'Parasites']",2.0,False,True,True,"Rabbit presents with anorexia and decreased fecal output x 36 hrs. Abdomen slightly distended, doughy cecum palpated. Suspect GI stasis.",0.65550696849823
Dog is swallowing repeatedly and licking his nose.,Digestive Issues,,Ear Infections,"['Ear Infections', 'Digestive Issues', 'Skin Irritations', 'Parasites', 'Skin Irritations']",2.0,False,True,True,Dog has a Malassezia (yeast) overgrowth causing otitis.,0.5994259119033813
My dog has developed dark pigmentation on previously pink skin.,Skin Irritations,,Skin Irritations,"['Skin Irritations', 'Skin Irritations', 'Skin Irritations', 'Skin Irritations', 'Parasites']",1.0,True,True,True,Psychogenic alopecia diagnosed in feline patient; behavioral modification and medication discussed.,0.6526861190795898
My cat vomited pink-tinged fluid.,Digestive Issues,,Digestive Issues,"['Digestive Issues', 'Digestive Issues', 'Digestive Issues', 'Digestive Issues', 'Digestive Issues']",1.0,True,True,True,Hyperthyroidism diagnosed in older cat with weight loss and vomiting.,0.648556113243103
My dog cries when getting up or lying down.,Mobility Problems,,Ear Infections,"['Ear Infections', 'Digestive Issues', 'Ear Infections', 'Ear Infections', 'Ear Infections']",,False,False,False,Referral to veterinary neurologist recommended due to central neurological signs.,0.6016985177993774
My cat has developed a lump that feels fatty under the skin.,Skin Irritations,,Skin Irritations,"['Skin Irritations', 'Skin Irritations', 'Digestive Issues', 'Ear Infections', 'Skin Irritations']",1.0,True,True,True,"Skin fragility syndrome noted in older cat; handle with care, check for hyperadrenocorticism.",0.6895631551742554
Rabbit has developed urine scald from inability to posture correctly.,Mobility Problems,,Mobility Problems,"['Mobility Problems', 'Digestive Issues', 'Ear Infections', 'Parasites', 'Digestive Issues']",1.0,True,True,True,"Rabbit presents with head tilt, nystagmus, hind limb paresis. Serology for E. cuniculi recommended. Start fenbendazole empirically.",0.6567690372467041
Cat is irritable or aggressive when touched in certain areas.,Mobility Problems,,Skin Irritations,"['Skin Irritations', 'Skin Irritations', 'Skin Irritations', 'Ear Infections', 'Mobility Problems']",5.0,False,False,True,"Skin fragility syndrome noted in older cat; handle with care, check for hyperadrenocorticism.",0.6825419664382935
"Dog has chronic ear infections, vet mentioned allergies.",Ear Infections,,Ear Infections,"['Ear Infections', 'Ear Infections', 'Ear Infections', 'Digestive Issues', 'Ear Infections']",1.0,True,True,True,Chronic ear infection; rule out hypothyroidism.,0.6807208061218262
Puppy whimpers if I gently squeeze the base of his ear.,Ear Infections,,Ear Infections,"['Ear Infections', 'Ear Infections', 'Ear Infections', 'Ear Infections', 'Skin Irritations']",1.0,True,True,True,Demonstrate ear cleaning technique to owner.,0.6437315940856934
"Ferret has ear mites, visible as dark debris.",Parasites,,Skin Irritations,"['Skin Irritations', 'Ear Infections', 'Ear Infections', 'Parasites', 'Parasites']",4.0,False,False,True,Excoriations around ears and neck; check for ear mites and fleas.,0.7065701484680176
Guinea pig's back legs seem completely limp.,Mobility Problems,,Mobility Problems,"['Mobility Problems', 'Mobility Problems', 'Mobility Problems', 'Digestive Issues', 'Skin Irritations']",1.0,True,True,True,Absence of withdrawal reflex in hind limbs.,0.6220232248306274
My guinea pig’s sides are red and scabby.,Skin Irritations,,Mobility Problems,"['Mobility Problems', 'Mobility Problems', 'Skin Irritations', 'Skin Irritations', 'Mobility Problems']",3.0,False,True,True,Suspect vitamin C deficiency (scurvy) in guinea pig with lameness/reluctance to move; supplement vitamin C.,0.6218867301940918
My puppy walks stiffly for the first few steps after waking up.,Mobility Problems,,Digestive Issues,"['Digestive Issues', 'Mobility Problems', 'Digestive Issues', 'Mobility Problems', 'Ear Infections']",2.0,False,True,True,Advise slow transition when changing pet foods.,0.6263984441757202
Ferret has itchy skin and some hair loss on its tail.,Skin Irritations,,Skin Irritations,"['Skin Irritations', 'Skin Irritations', 'Skin Irritations', 'Skin Irritations', 'Skin Irritations']",1.0,True,True,True,Skin fragility noted; test for FIV/FeLV in feline patient.,0.674423098564148
My puppy's littermates also have ear problems.,Ear Infections,,Skin Irritations,"['Skin Irritations', 'Skin Irritations', 'Ear Infections', 'Skin Irritations', 'Ear Infections']",3.0,False,True,True,Pruritus and erythema on ears; topical therapy prescribed.,0.6503133177757263
My cat's eyes are darting back and forth rapidly.,Ear Infections,,Skin Irritations,"['Skin Irritations', 'Skin Irritations', 'Skin Irritations', 'Digestive Issues', 'Skin Irritations']",,False,False,False,"Skin fragility syndrome noted in older cat; handle with care, check for hyperadrenocorticism.",0.6521480083465576
My dog walks with his back arched upwards.,Mobility Problems,,Mobility Problems,"['Mobility Problems', 'Mobility Problems', 'Ear Infections', 'Digestive Issues', 'Ear Infections']",1.0,True,True,True,"Gait analysis performed: observe walk, trot, turning, stairs.",0.6265894174575806
"Dog's limp is worse after resting (e.g., morning stiffness).",Mobility Problems,,Mobility Problems,"['Mobility Problems', 'Ear Infections', 'Mobility Problems', 'Ear Infections', 'Digestive Issues']",1.0,True,True,True,"Mild weight-bearing lameness RF (Grade 2/5), worse after rest.",0.6555839776992798
Cat is excessively grooming her front legs.,Skin Irritations,,Skin Irritations,"['Skin Irritations', 'Ear Infections', 'Skin Irritations', 'Parasites', 'Digestive Issues']",1.0,True,True,True,Trichogram reveals damaged hair shafts consistent with excessive licking.,0.6197942495346069
My puppy got something stuck in his ear (grass seed?).,Ear Infections,,Ear Infections,"['Ear Infections', 'Skin Irritations', 'Ear Infections', 'Ear Infections', 'Ear Infections']",1.0,True,True,True,Check for ticks within the ear canal.,0.6460781097412109
My dog's skin turns red and blotchy after walks in the grass.,Skin Irritations,,Ear Infections,"['Ear Infections', 'Skin Irritations', 'Skin Irritations', 'Skin Irritations', 'Skin Irritations']",2.0,False,True,True,Dog has a Malassezia (yeast) overgrowth causing otitis.,0.6614459753036499
Dog has intense itching primarily at night.,Skin Irritations,,Parasites,"['Parasites', 'Digestive Issues', 'Mobility Problems', 'Skin Irritations', 'Ear Infections']",4.0,False,False,True,Dog presented with severe flea infestation and secondary anemia (PCV 22%).,0.6475696563720703
My dog has bone cancer causing severe leg pain.,Mobility Problems,,Mobility Problems,"['Mobility Problems', 'Mobility Problems', 'Digestive Issues', 'Mobility Problems', 'Digestive Issues']",1.0,True,True,True,"Panosteitis suspected in young, large breed dog with shifting leg lameness and long bone pain on palpation.",0.6891607046127319
Ferret is vomiting shortly after every meal.,Digestive Issues,,Digestive Issues,"['Digestive Issues', 'Digestive Issues', 'Digestive Issues', 'Digestive Issues', 'Digestive Issues']",1.0,True,True,True,Vomiting post-meal; test for food intolerance.,0.7049444913864136
"My dog has recurring ear problems, especially after swimming.",Ear Infections,,Ear Infections,"['Ear Infections', 'Ear Infections', 'Skin Irritations', 'Ear Infections', 'Skin Irritations']",1.0,True,True,True,Recommend ear drying solution after swimming or bathing for predisposed dogs.,0.7842221260070801
"Cat has been chewing her hind legs, leaving raw spots.",Skin Irritations,,Skin Irritations,"['Skin Irritations', 'Ear Infections', 'Skin Irritations', 'Skin Irritations', 'Skin Irritations']",1.0,True,True,True,Trichogram reveals damaged hair shafts consistent with excessive licking.,0.6076619029045105
Pet ate spoiled food and now has diarrhea.,Digestive Issues,,Digestive Issues,"['Digestive Issues', 'Digestive Issues', 'Digestive Issues', 'Digestive Issues', 'Ear Infections']",1.0,True,True,True,Vomiting post-meal; test for food intolerance.,0.656749427318573
My dog's back legs seem to cross over when he walks.,Mobility Problems,,Ear Infections,"['Ear Infections', 'Mobility Problems', 'Ear Infections', 'Mobility Problems', 'Parasites']",2.0,False,True,True,Dog has a Malassezia (yeast) overgrowth causing otitis.,0.6508775949478149
Ferret needs a flea treatment that is safe and effective for them.,Parasites,,Skin Irritations,"['Skin Irritations', 'Parasites', 'Parasites', 'Parasites', 'Parasites']",2.0,False,True,True,"If FAD suspected, ensure effective flea control product is being used correctly.",0.6848342418670654
My dog has intervertebral disc condition (IVDD).,Mobility Problems,,Mobility Problems,"['Mobility Problems', 'Digestive Issues', 'Mobility Problems', 'Digestive Issues', 'Mobility Problems']",1.0,True,True,True,"Educate owner on signs of IVDD progression (worsening weakness, loss of bladder control, loss of deep pain).",0.6975922584533691
Guinea pig is dragging its hind legs behind it.,Mobility Problems,,Mobility Problems,"['Mobility Problems', 'Skin Irritations', 'Mobility Problems', 'Mobility Problems', 'Digestive Issues']",1.0,True,True,True,Absence of withdrawal reflex in hind limbs.,0.5818678140640259
Cat is overgrooming areas near painful joints.,Mobility Problems,,Ear Infections,"['Ear Infections', 'Skin Irritations', 'Skin Irritations', 'Skin Irritations', 'Skin Irritations']",,False,False,False,Dog has a Malassezia (yeast) overgrowth causing otitis.,0.6715508699417114
My cat has been hiding and refusing food for a day.,Digestive Issues,,Digestive Issues,"['Digestive Issues', 'Digestive Issues', 'Skin Irritations', 'Digestive Issues', 'Digestive Issues']",1.0,True,True,True,Hyperthyroidism diagnosed in older cat with weight loss and vomiting.,0.6046289205551147
My dog ate fatty table scraps and is now vomiting and painful.,Digestive Issues,,Digestive Issues,"['Digestive Issues', 'Digestive Issues', 'Digestive Issues', 'Digestive Issues', 'Digestive Issues']",1.0,True,True,True,"Chronic intermittent vomiting in feline; consider IBD, food allergy, lymphoma.",0.6589661836624146
"My rabbit has fleas, likely from the dog.",Parasites,,Parasites,"['Parasites', 'Parasites', 'Parasites', 'Skin Irritations', 'Parasites']",1.0,True,True,True,Advise bathing pet with appropriate shampoo to remove flea dirt/scales.,0.6793791651725769
Cat is suddenly unable to use her back legs and is crying in pain.,Mobility Problems,,Skin Irritations,"['Skin Irritations', 'Digestive Issues', 'Skin Irritations', 'Mobility Problems', 'Mobility Problems']",4.0,False,False,True,"Skin fragility syndrome noted in older cat; handle with care, check for hyperadrenocorticism.",0.6076588034629822
My dog yelps when other dogs play near his head.,Ear Infections,,Ear Infections,"['Ear Infections', 'Ear Infections', 'Mobility Problems', 'Ear Infections', 'Mobility Problems']",1.0,True,True,True,Referral to veterinary neurologist recommended due to central neurological signs.,0.6030899882316589
"My dog seems restless and uncomfortable, pacing after meals.",Digestive Issues,,Digestive Issues,"['Digestive Issues', 'Mobility Problems', 'Digestive Issues', 'Digestive Issues', 'Ear Infections']",1.0,True,True,True,Advise slow transition when changing pet foods.,0.6633739471435547
Dog has chronic ear issues that flare up when his skin allergies act up.,Ear Infections,,Skin Irritations,"['Skin Irritations', 'Skin Irritations', 'Ear Infections', 'Ear Infections', 'Skin Irritations']",3.0,False,True,True,Miliary dermatitis pattern observed in feline patient; consider flea allergy vs. food allergy.,0.6713943481445312
"Cat is hiding, seems lethargic, and occasionally shakes her head.",Ear Infections,,Skin Irritations,"['Skin Irritations', 'Skin Irritations', 'Digestive Issues', 'Mobility Problems', 'Digestive Issues']",,False,False,False,"Skin fragility syndrome noted in older cat; handle with care, check for hyperadrenocorticism.",0.6174985766410828
My puppy's ears require frequent cleaning as a preventative measure.,Ear Infections,,Skin Irritations,"['Skin Irritations', 'Ear Infections', 'Ear Infections', 'Ear Infections', 'Ear Infections']",2.0,False,True,True,Recommend regular ear cleaning with appropriate solution.,0.7500420212745667
My dog groans when lying down or changing positions.,Mobility Problems,,Mobility Problems,"['Mobility Problems', 'Digestive Issues', 'Ear Infections', 'Mobility Problems', 'Ear Infections']",1.0,True,True,True,Educate owner on signs of worsening neurological function.,0.6171537637710571
"Kitten may have resistant parasites or Tritrichomonas, further testing needed.",Parasites,,Parasites,"['Parasites', 'Skin Irritations', 'Mobility Problems', 'Parasites', 'Parasites']",1.0,True,True,True,"Consider fecal PCR testing for diagnosing difficult parasites (e.g., Tritrichomonas).",0.7167025804519653
My cat has developed scabs along her spine.,Skin Irritations,,Skin Irritations,"['Skin Irritations', 'Skin Irritations', 'Parasites', 'Mobility Problems', 'Parasites']",1.0,True,True,True,"Skin fragility syndrome noted in older cat; handle with care, check for hyperadrenocorticism.",0.6428400874137878
Puppy vomited pieces of chewed-up fabric.,Digestive Issues,,Digestive Issues,"['Digestive Issues', 'Digestive Issues', 'Parasites', 'Digestive Issues', 'Digestive Issues']",1.0,True,True,True,Vomiting post-meal; test for food intolerance.,0.6405484676361084
"Cat is lethargic and hiding, along with the head shaking.",Ear Infections,,Skin Irritations,"['Skin Irritations', 'Digestive Issues', 'Skin Irritations', 'Digestive Issues', 'Mobility Problems']",,False,False,False,"Skin fragility syndrome noted in older cat; handle with care, check for hyperadrenocorticism.",0.6181126832962036
Dog has what looks like a small skin tag or growth inside his ear.,Ear Infections,,Ear Infections,"['Ear Infections', 'Skin Irritations', 'Ear Infections', 'Skin Irritations', 'Ear Infections']",1.0,True,True,True,Check for ticks within the ear canal.,0.6918655037879944
"My cat used to sleep on the top bunk, now she stays on the floor.",Mobility Problems,,Skin Irritations,"['Skin Irritations', 'Digestive Issues', 'Digestive Issues', 'Skin Irritations', 'Skin Irritations']",,False,False,False,"Skin fragility syndrome noted in older cat; handle with care, check for hyperadrenocorticism.",0.5482380986213684
Hamster is not eating or drinking and looks hunched over.,Digestive Issues,,Digestive Issues,"['Digestive Issues', 'Mobility Problems', 'Digestive Issues', 'Digestive Issues', 'Digestive Issues']",1.0,True,True,True,Vomiting with no obstruction; monitor and hydrate.,0.5559439063072205
"Ferret has waxy ears, could be mites or just wax buildup.",Ear Infections,,Skin Irritations,"['Skin Irritations', 'Parasites', 'Ear Infections', 'Parasites', 'Ear Infections']",3.0,False,True,True,Excoriations around ears and neck; check for ear mites and fleas.,0.7300272583961487
Dog has blood and mucus in his diarrhea.,Digestive Issues,,Digestive Issues,"['Digestive Issues', 'Digestive Issues', 'Digestive Issues', 'Digestive Issues', 'Digestive Issues']",1.0,True,True,True,Blood in stool; rule out ulceration.,0.7011458277702332
My dog has underlying food allergies that seem to trigger the ear infections.,Ear Infections,,Ear Infections,"['Ear Infections', 'Ear Infections', 'Ear Infections', 'Ear Infections', 'Ear Infections']",1.0,True,True,True,Dog has a Malassezia (yeast) overgrowth causing otitis.,0.6792472004890442
"My cat stopped using the litter box, maybe it's hard to get into.",Mobility Problems,,Digestive Issues,"['Digestive Issues', 'Digestive Issues', 'Parasites', 'Skin Irritations', 'Skin Irritations']",,False,False,False,Advise slow transition when changing pet foods.,0.5908112525939941
"My ferret seems itchy, rubbing against things.",Parasites,,Skin Irritations,"['Skin Irritations', 'Skin Irritations', 'Skin Irritations', 'Skin Irritations', 'Skin Irritations']",,False,False,False,Skin fragility noted; test for FIV/FeLV in feline patient.,0.6678634285926819
Cat is less playful than usual.,Mobility Problems,,Digestive Issues,"['Digestive Issues', 'Skin Irritations', 'Skin Irritations', 'Digestive Issues', 'Skin Irritations']",,False,False,False,Advise slow transition when changing pet foods.,0.6111935377120972
Cat has scratched the fur off behind and below her ears.,Ear Infections,,Skin Irritations,"['Skin Irritations', 'Ear Infections', 'Ear Infections', 'Skin Irritations', 'Ear Infections']",2.0,False,True,True,Excoriations around ears and neck; check for ear mites and fleas.,0.6545548439025879
Puppy has localized demodectic mange on his face.,Parasites,,Skin Irritations,"['Skin Irritations', 'Skin Irritations', 'Skin Irritations', 'Skin Irritations', 'Skin Irritations']",,False,False,False,"Localized demodectic mange in young dog; monitor, may resolve spontaneously.",0.7488415241241455
Ferret is pawing at its mouth and seems nauseous.,Digestive Issues,,Digestive Issues,"['Digestive Issues', 'Digestive Issues', 'Mobility Problems', 'Digestive Issues', 'Mobility Problems']",1.0,True,True,True,"Rabbit presents with anorexia and decreased fecal output x 36 hrs. Abdomen slightly distended, doughy cecum palpated. Suspect GI stasis.",0.5904327630996704
Cat hesitates before jumping down.,Mobility Problems,,Skin Irritations,"['Skin Irritations', 'Digestive Issues', 'Skin Irritations', 'Digestive Issues', 'Mobility Problems']",5.0,False,False,True,"Skin fragility syndrome noted in older cat; handle with care, check for hyperadrenocorticism.",0.5737823247909546
Ferret has ear mites causing head shaking.,Parasites,,Skin Irritations,"['Skin Irritations', 'Parasites', 'Ear Infections', 'Ear Infections', 'Ear Infections']",2.0,False,True,True,Excoriations around ears and neck; check for ear mites and fleas.,0.6613526940345764
Cat has blisters appearing on her skin.,Skin Irritations,,Skin Irritations,"['Skin Irritations', 'Skin Irritations', 'Skin Irritations', 'Skin Irritations', 'Skin Irritations']",1.0,True,True,True,Check FeLV/FIV status in cats with unusual or severe skin condition.,0.6753025054931641
"There's black, waxy gunk coming out of my dog's ears.",Ear Infections,,Ear Infections,"['Ear Infections', 'Skin Irritations', 'Ear Infections', 'Skin Irritations', 'Ear Infections']",1.0,True,True,True,Recommend ear drying solution after swimming or bathing for predisposed dogs.,0.6459497213363647
My dog's ear smells yeasty.,Ear Infections,,Ear Infections,"['Ear Infections', 'Ear Infections', 'Ear Infections', 'Ear Infections', 'Skin Irritations']",1.0,True,True,True,Yeast and bacteria in ear; prescribe dual therapy.,0.7086527347564697
Cat has a non-healing sore on her ear flap.,Skin Irritations,,Ear Infections,"['Ear Infections', 'Ear Infections', 'Skin Irritations', 'Ear Infections', 'Ear Infections']",3.0,False,True,True,Nasopharyngeal polyp visualized extending into external ear canal in young cat.,0.6854121088981628
Dog has chronic whipworm infection.,Parasites,,Ear Infections,"['Ear Infections', 'Parasites', 'Digestive Issues', 'Parasites', 'Parasites']",2.0,False,True,True,Check thyroid levels in dogs with recurrent infections.,0.6704451441764832
Rabbit is sitting hunched and grinding its teeth.,Digestive Issues,,Digestive Issues,"['Digestive Issues', 'Ear Infections', 'Mobility Problems', 'Parasites', 'Digestive Issues']",1.0,True,True,True,"Rabbit presents with anorexia and decreased fecal output x 36 hrs. Abdomen slightly distended, doughy cecum palpated. Suspect GI stasis.",0.5825213193893433
"Dog has trouble squatting to poop, sometimes falls over.",Mobility Problems,,Ear Infections,"['Ear Infections', 'Digestive Issues', 'Digestive Issues', 'Skin Irritations', 'Digestive Issues']",,False,False,False,Dog has a Malassezia (yeast) overgrowth causing otitis.,0.6379634141921997
Puppy has a dull coat and is underweight.,Parasites,,Skin Irritations,"['Skin Irritations', 'Digestive Issues', 'Digestive Issues', 'Skin Irritations', 'Skin Irritations']",,False,False,False,Color dilution alopecia suspected in blue-coated dog with poor coat quality and folliculitis.,0.6297849416732788
Cat has started pooping outside the litter box on the rug.,Mobility Problems,,Ear Infections,"['Ear Infections', 'Ear Infections', 'Digestive Issues', 'Ear Infections', 'Parasites']",,False,False,False,Nasopharyngeal polyp visualized extending into external ear canal in young cat.,0.590303361415863
"My dog's movement seems restricted, less range of motion.",Mobility Problems,,Digestive Issues,"['Digestive Issues', 'Mobility Problems', 'Mobility Problems', 'Digestive Issues', 'Mobility Problems']",2.0,False,True,True,Advise slow transition when changing pet foods.,0.6770817637443542
My dog's skin seems greasy and has a strong odor.,Skin Irritations,,Parasites,"['Parasites', 'Ear Infections', 'Parasites', 'Skin Irritations', 'Skin Irritations']",4.0,False,False,True,Advise bathing pet with appropriate shampoo to remove flea dirt/scales.,0.6694595813751221
"My dog walks with short, choppy steps.",Mobility Problems,,Digestive Issues,"['Digestive Issues', 'Mobility Problems', 'Skin Irritations', 'Skin Irritations', 'Mobility Problems']",2.0,False,True,True,Advise slow transition when changing pet foods.,0.6537430882453918
My dog has extremely foul-smelling gas.,Digestive Issues,,Digestive Issues,"['Digestive Issues', 'Ear Infections', 'Digestive Issues', 'Digestive Issues', 'Parasites']",1.0,True,True,True,"Constipated feline; administer Miralax/lactulose and recommend increasing water intake (wet food, fountain).",0.6240401864051819
My bird has scaly mites on its legs.,Parasites,,Parasites,"['Parasites', 'Skin Irritations', 'Parasites', 'Parasites', 'Skin Irritations']",1.0,True,True,True,Knemidokoptes mites causing scaly face/leg in bird; treat with ivermectin.,0.7625412940979004
Rabbit looks dull and isn't drinking much water.,Digestive Issues,,Digestive Issues,"['Digestive Issues', 'Mobility Problems', 'Parasites', 'Digestive Issues', 'Digestive Issues']",1.0,True,True,True,"Rabbit presents with anorexia and decreased fecal output x 36 hrs. Abdomen slightly distended, doughy cecum palpated. Suspect GI stasis.",0.6339992880821228
Dog has diarrhea with a fishy odor.,Digestive Issues,,Ear Infections,"['Ear Infections', 'Digestive Issues', 'Digestive Issues', 'Digestive Issues', 'Ear Infections']",2.0,False,True,True,Dog has a Malassezia (yeast) overgrowth causing otitis.,0.6509033441543579
Dog has a rash after swimming in a pond.,Skin Irritations,,Ear Infections,"['Ear Infections', 'Parasites', 'Skin Irritations', 'Parasites', 'Ear Infections']",3.0,False,True,True,Recommend ear drying solution after swimming or bathing for predisposed dogs.,0.6416524052619934
Dog has bouts of vomiting and diarrhea that come and go.,Digestive Issues,,Digestive Issues,"['Digestive Issues', 'Digestive Issues', 'Digestive Issues', 'Digestive Issues', 'Digestive Issues']",1.0,True,True,True,"Chronic intermittent vomiting in feline; consider IBD, food allergy, lymphoma.",0.7244018912315369
Dog has chronic large bowel diarrhea due to whipworms.,Parasites,,Digestive Issues,"['Digestive Issues', 'Digestive Issues', 'Digestive Issues', 'Digestive Issues', 'Ear Infections']",,False,False,False,Histoplasmosis can cause chronic large bowel diarrhea.,0.6838493347167969
Puppy has mild redness and a small amount of wax in both ears.,Ear Infections,,Skin Irritations,"['Skin Irritations', 'Skin Irritations', 'Ear Infections', 'Skin Irritations', 'Ear Infections']",3.0,False,True,True,Excoriations around ears and neck; check for ear mites and fleas.,0.6457667350769043
The discharge from my dog's ear looks slightly bloody.,Ear Infections,,Skin Irritations,"['Skin Irritations', 'Ear Infections', 'Skin Irritations', 'Ear Infections', 'Ear Infections']",2.0,False,True,True,Excoriations around ears and neck; check for ear mites and fleas.,0.6907973289489746
Ferret is pawing at his mouth and drooling.,Digestive Issues,,Ear Infections,"['Ear Infections', 'Digestive Issues', 'Skin Irritations', 'Skin Irritations', 'Digestive Issues']",2.0,False,True,True,Rabbit presents with severe crusting otitis externa due to Psoroptes cuniculi infestation.,0.530403733253479
The skin between my dog's toes is red and inflamed.,Skin Irritations,,Skin Irritations,"['Skin Irritations', 'Skin Irritations', 'Skin Irritations', 'Skin Irritations', 'Parasites']",1.0,True,True,True,Pododermatitis with interdigital swelling and discharge; cytology shows yeast and bacteria.,0.652887225151062
My puppy seems dizzy.,Ear Infections,,Skin Irritations,"['Skin Irritations', 'Ear Infections', 'Ear Infections', 'Mobility Problems', 'Skin Irritations']",2.0,False,True,True,Zinc-responsive dermatosis suspected in husky; recommend zinc supplementation.,0.6595360636711121
My rabbit developed an abscess below its ear.,Ear Infections,,Parasites,"['Parasites', 'Ear Infections', 'Ear Infections', 'Ear Infections', 'Ear Infections']",2.0,False,True,True,Severe otitis externa in rabbit due to Psoroptes cuniculi. Treat with ivermectin or selamectin. Do not manually remove crusts initially.,0.6837641000747681
My cat has a swollen lower lip.,Skin Irritations,,Ear Infections,"['Ear Infections', 'Digestive Issues', 'Skin Irritations', 'Skin Irritations', 'Ear Infections']",3.0,False,True,True,Consider nasopharyngeal polyp in young cats with upper respiratory or ear signs.,0.6477663516998291
"My cat passed several long, white, round worms in her stool.",Parasites,,Parasites,"['Parasites', 'Parasites', 'Parasites', 'Digestive Issues', 'Parasites']",1.0,True,True,True,Hookworm eggs in stool; prescribe fenbendazole.,0.6134387254714966
My cat has fleas resistant to the spot-on treatment I used.,Parasites,,Skin Irritations,"['Skin Irritations', 'Skin Irritations', 'Skin Irritations', 'Parasites', 'Parasites']",4.0,False,False,True,Miliary dermatitis pattern observed in feline patient; consider flea allergy vs. food allergy.,0.6471666097640991
Cat seems to have nerve damage in her front leg after an injury.,Mobility Problems,,Skin Irritations,"['Skin Irritations', 'Skin Irritations', 'Mobility Problems', 'Ear Infections', 'Skin Irritations']",3.0,False,True,True,"Skin fragility syndrome noted in older cat; handle with care, check for hyperadrenocorticism.",0.6839109659194946
Dog has hookworm anemia.,Parasites,,Parasites,"['Parasites', 'Parasites', 'Parasites', 'Parasites', 'Parasites']",1.0,True,True,True,"Anemia (low PCV) noted, likely secondary to heavy hookworm or flea burden.",0.7377539277076721
"My dog's hind legs seem uncoordinated, crossing over each other.",Mobility Problems,,Mobility Problems,"['Mobility Problems', 'Mobility Problems', 'Mobility Problems', 'Mobility Problems', 'Ear Infections']",1.0,True,True,True,"Panosteitis suspected in young, large breed dog with shifting leg lameness and long bone pain on palpation.",0.6396848559379578
Dog has yellowish diarrhea.,Digestive Issues,,Ear Infections,"['Ear Infections', 'Digestive Issues', 'Digestive Issues', 'Digestive Issues', 'Digestive Issues']",2.0,False,True,True,Dog has a Malassezia (yeast) overgrowth causing otitis.,0.6722874045372009
Guinea pig is not moving around its cage much.,Mobility Problems,,Digestive Issues,"['Digestive Issues', 'Mobility Problems', 'Mobility Problems', 'Mobility Problems', 'Digestive Issues']",2.0,False,True,True,Advise slow transition when changing pet foods.,0.537181556224823
"Dog has adult-onset generalized demodicosis, need to check for underlying issues.",Parasites,,Parasites,"['Parasites', 'Mobility Problems', 'Parasites', 'Parasites', 'Mobility Problems']",1.0,True,True,True,"Adult-onset demodicosis warrants investigation for underlying immunosuppression (e.g., neoplasia, endocrine condition, immunosuppressive drugs).",0.7335074543952942
"My kitten has fleas, I saw them jumping.",Parasites,,Skin Irritations,"['Skin Irritations', 'Parasites', 'Parasites', 'Parasites', 'Skin Irritations']",2.0,False,True,True,Excoriations on tail; rule out flea hypersensitivity.,0.6561426520347595
Dog has developed bald spots on his muzzle and around his eyes.,Parasites,,Skin Irritations,"['Skin Irritations', 'Ear Infections', 'Skin Irritations', 'Skin Irritations', 'Skin Irritations']",,False,False,False,Canine facial eosinophilic furunculosis suspected based on acute onset muzzle swelling/lesions.,0.6819454431533813
"Ferret has tiny black specks in its fur, might be dirt or bugs.",Skin Irritations,,Skin Irritations,"['Skin Irritations', 'Parasites', 'Parasites', 'Skin Irritations', 'Skin Irritations']",1.0,True,True,True,Skin fragility noted; test for FIV/FeLV in feline patient.,0.6314378380775452
My cat doesn't seem to hear me approaching from one side.,Ear Infections,,Ear Infections,"['Ear Infections', 'Ear Infections', 'Skin Irritations', 'Skin Irritations', 'Ear Infections']",1.0,True,True,True,Nasopharyngeal polyp visualized extending into external ear canal in young cat.,0.5714138150215149
Dog has itchy bumps primarily on his back near the tail.,Skin Irritations,,Skin Irritations,"['Skin Irritations', 'Skin Irritations', 'Digestive Issues', 'Skin Irritations', 'Skin Irritations']",1.0,True,True,True,Pruritic lesions on tail; anti-itch spray prescribed.,0.7022058963775635
My dog has lost muscle mass in his hind legs.,Mobility Problems,,Mobility Problems,"['Mobility Problems', 'Mobility Problems', 'Mobility Problems', 'Ear Infections', 'Digestive Issues']",1.0,True,True,True,Absence of withdrawal reflex in hind limbs.,0.6539509296417236
"Cat vomited something that looked dark brown, like old blood.",Digestive Issues,,Digestive Issues,"['Digestive Issues', 'Digestive Issues', 'Digestive Issues', 'Digestive Issues', 'Digestive Issues']",1.0,True,True,True,Hyperthyroidism diagnosed in older cat with weight loss and vomiting.,0.6526784896850586
"Dog has black, tar-like stool.",Digestive Issues,,Digestive Issues,"['Digestive Issues', 'Parasites', 'Ear Infections', 'Digestive Issues', 'Digestive Issues']",1.0,True,True,True,Blood in stool; rule out ulceration.,0.6837304830551147
"Cat has itchy, crusty lesions on the bridge of her nose.",Skin Irritations,,Skin Irritations,"['Skin Irritations', 'Skin Irritations', 'Skin Irritations', 'Ear Infections', 'Skin Irritations']",1.0,True,True,True,Pruritic lesions on tail; anti-itch spray prescribed.,0.6504634618759155
Dog’s ears have a greasy discharge and bad smell.,Ear Infections,,Skin Irritations,"['Skin Irritations', 'Ear Infections', 'Ear Infections', 'Ear Infections', 'Skin Irritations']",2.0,False,True,True,Excoriations around ears and neck; check for ear mites and fleas.,0.6937540769577026
Cat’s ears are hot and have a yeasty smell.,Ear Infections,,Skin Irritations,"['Skin Irritations', 'Ear Infections', 'Ear Infections', 'Ear Infections', 'Ear Infections']",2.0,False,True,True,Excoriations around ears and neck; check for ear mites and fleas.,0.6561616659164429
My cat has developed swelling on her lip.,Skin Irritations,,Ear Infections,"['Ear Infections', 'Ear Infections', 'Skin Irritations', 'Skin Irritations', 'Ear Infections']",3.0,False,True,True,Consider nasopharyngeal polyp in young cats with upper respiratory or ear signs.,0.6439874768257141
My dog likely got tapeworms from ingesting fleas.,Parasites,,Parasites,"['Parasites', 'Parasites', 'Parasites', 'Skin Irritations', 'Skin Irritations']",1.0,True,True,True,Dog presented with severe flea infestation and secondary anemia (PCV 22%).,0.6840852499008179
My dog has had surgery (TECA) for end-stage ear condition.,Ear Infections,,Ear Infections,"['Ear Infections', 'Ear Infections', 'Ear Infections', 'Ear Infections', 'Ear Infections']",1.0,True,True,True,Patient is candidate for Total Ear Canal Ablation and Bulla Osteotomy (TECA-BO) due to end-stage otitis.,0.7409677505493164
My dog is reluctant to go up or down stairs.,Mobility Problems,,Digestive Issues,"['Digestive Issues', 'Digestive Issues', 'Mobility Problems', 'Mobility Problems', 'Mobility Problems']",3.0,False,True,True,Advise slow transition when changing pet foods.,0.6164345741271973
"Ferret has dark, crusty debris in his ears, likely mites.",Parasites,,Skin Irritations,"['Skin Irritations', 'Ear Infections', 'Ear Infections', 'Parasites', 'Parasites']",4.0,False,False,True,Excoriations around ears and neck; check for ear mites and fleas.,0.7224068641662598
Dog tires easily on walks and wants to turn back early.,Mobility Problems,,Mobility Problems,"['Mobility Problems', 'Skin Irritations', 'Digestive Issues', 'Skin Irritations', 'Ear Infections']",1.0,True,True,True,Implement regular turning schedule and padded bedding to prevent pressure sores in recumbent animals.,0.5871999263763428
My dog's kneecap pops in and out of place (luxating patella).,Mobility Problems,,Mobility Problems,"['Mobility Problems', 'Parasites', 'Skin Irritations', 'Ear Infections', 'Digestive Issues']",1.0,True,True,True,"Panosteitis suspected in young, large breed dog with shifting leg lameness and long bone pain on palpation.",0.6406728029251099
My rabbit has sores on its feet and is losing fur there.,Parasites,,Parasites,"['Parasites', 'Parasites', 'Skin Irritations', 'Skin Irritations', 'Mobility Problems']",1.0,True,True,True,Severe otitis externa in rabbit due to Psoroptes cuniculi. Treat with ivermectin or selamectin. Do not manually remove crusts initially.,0.632494330406189
My cat vomited something that looked like a small worm.,Parasites,,Digestive Issues,"['Digestive Issues', 'Digestive Issues', 'Digestive Issues', 'Ear Infections', 'Parasites']",5.0,False,False,True,Vomiting post-meal; test for food intolerance.,0.6303133964538574
Ferret has hind limb paralysis.,Mobility Problems,,Mobility Problems,"['Mobility Problems', 'Mobility Problems', 'Mobility Problems', 'Mobility Problems', 'Ear Infections']",1.0,True,True,True,Hind limb lameness; check for meniscal injury.,0.6028871536254883
"Dog has red, irritated skin and black specks (like dirt) that turn red when wet.",Parasites,,Parasites,"['Parasites', 'Skin Irritations', 'Parasites', 'Skin Irritations', 'Skin Irritations']",1.0,True,True,True,Advise bathing pet with appropriate shampoo to remove flea dirt/scales.,0.641924262046814
"Ferret is anemic, possibly due to fleas.",Parasites,,Parasites,"['Parasites', 'Parasites', 'Skin Irritations', 'Skin Irritations', 'Mobility Problems']",1.0,True,True,True,"Anemia (low PCV) noted, likely secondary to heavy hookworm or flea burden.",0.6589975357055664
"Cat moves very deliberately, almost like she's walking on eggshells.",Mobility Problems,,Mobility Problems,"['Mobility Problems', 'Skin Irritations', 'Digestive Issues', 'Digestive Issues', 'Mobility Problems']",1.0,True,True,True,"Gait analysis performed: observe walk, trot, turning, stairs.",0.6270174980163574
"Noticed a thick, dark brown discharge inside my dog's ear flap.",Ear Infections,,Ear Infections,"['Ear Infections', 'Skin Irritations', 'Ear Infections', 'Ear Infections', 'Digestive Issues']",1.0,True,True,True,Check for ticks within the ear canal.,0.6673194169998169
Puppy cries and tries to bite when I touch near his left ear.,Ear Infections,,Ear Infections,"['Ear Infections', 'Skin Irritations', 'Ear Infections', 'Mobility Problems', 'Skin Irritations']",1.0,True,True,True,Demonstrate ear cleaning technique to owner.,0.6315624713897705
My cat's fur along her spine looks greasy and matted.,Skin Irritations,,Skin Irritations,"['Skin Irritations', 'Skin Irritations', 'Parasites', 'Skin Irritations', 'Skin Irritations']",1.0,True,True,True,"Skin fragility syndrome noted in older cat; handle with care, check for hyperadrenocorticism.",0.6546867489814758
The opening to my dog's ear canal looks swollen almost closed.,Ear Infections,,Ear Infections,"['Ear Infections', 'Ear Infections', 'Ear Infections', 'Ear Infections', 'Ear Infections']",1.0,True,True,True,Check for ticks within the ear canal.,0.6651245355606079
Cat is rubbing the side of her head on the floor and furniture.,Ear Infections,,Skin Irritations,"['Skin Irritations', 'Parasites', 'Skin Irritations', 'Skin Irritations', 'Ear Infections']",5.0,False,False,True,"Skin fragility syndrome noted in older cat; handle with care, check for hyperadrenocorticism.",0.5591344833374023
Dog has a hematoma that keeps refilling after being drained.,Ear Infections,,Parasites,"['Parasites', 'Digestive Issues', 'Ear Infections', 'Skin Irritations', 'Digestive Issues']",3.0,False,True,True,Dog presented with severe flea infestation and secondary anemia (PCV 22%).,0.652338981628418
Cat is grooming her belly so much it's almost bald.,Parasites,,Ear Infections,"['Ear Infections', 'Skin Irritations', 'Ear Infections', 'Digestive Issues', 'Skin Irritations']",,False,False,False,Dog has a Malassezia (yeast) overgrowth causing otitis.,0.5604194402694702
Dog has small blood spots on the skin where he's been scratching.,Skin Irritations,,Skin Irritations,"['Skin Irritations', 'Skin Irritations', 'Skin Irritations', 'Skin Irritations', 'Skin Irritations']",1.0,True,True,True,Skin fragility noted; test for FIV/FeLV in feline patient.,0.6361582279205322
Rabbit is shaking its head and scratching behind the ears.,Parasites,,Mobility Problems,"['Mobility Problems', 'Ear Infections', 'Ear Infections', 'Digestive Issues', 'Digestive Issues']",,False,False,False,"Rabbit presents with head tilt, nystagmus, hind limb paresis. Serology for E. cuniculi recommended. Start fenbendazole empirically.",0.6525430083274841
The discharge from the ear is bloody.,Ear Infections,,Mobility Problems,"['Mobility Problems', 'Skin Irritations', 'Ear Infections', 'Ear Infections', 'Ear Infections']",3.0,False,True,True,Radiographs show bilateral stifle effusion.,0.7039269804954529
"Dog has very dark, almost black stool.",Digestive Issues,,Digestive Issues,"['Digestive Issues', 'Mobility Problems', 'Digestive Issues', 'Digestive Issues', 'Digestive Issues']",1.0,True,True,True,Blood in stool; rule out ulceration.,0.661916196346283
"My dog's joints seem swollen, especially his knees.",Mobility Problems,,Mobility Problems,"['Mobility Problems', 'Mobility Problems', 'Mobility Problems', 'Mobility Problems', 'Skin Irritations']",1.0,True,True,True,"Panosteitis suspected in young, large breed dog with shifting leg lameness and long bone pain on palpation.",0.6799144744873047
My dog sometimes walks on the top of his paw instead of the pad.,Mobility Problems,,Ear Infections,"['Ear Infections', 'Mobility Problems', 'Digestive Issues', 'Mobility Problems', 'Skin Irritations']",2.0,False,True,True,Dog has a Malassezia (yeast) overgrowth causing otitis.,0.6058774590492249
"Guinea pig has Trixacarus mange, causing intense itching and seizures.",Parasites,,Parasites,"['Parasites', 'Parasites', 'Parasites', 'Parasites', 'Mobility Problems']",1.0,True,True,True,"Trixacarus caviae infestation in guinea pig causing intense pruritus, scaling, seizures. Treat with ivermectin/selamectin.",0.7387323379516602
My hamster is scratching behind its ears constantly.,Skin Irritations,,Skin Irritations,"['Skin Irritations', 'Skin Irritations', 'Ear Infections', 'Ear Infections', 'Ear Infections']",1.0,True,True,True,Excoriations around ears and neck; check for ear mites and fleas.,0.6260841488838196
"Ferret seems weak in his back legs, dragging them slightly.",Mobility Problems,,Mobility Problems,"['Mobility Problems', 'Skin Irritations', 'Skin Irritations', 'Skin Irritations', 'Digestive Issues']",1.0,True,True,True,Absence of withdrawal reflex in hind limbs.,0.6155981421470642
"My dog gets ear infections constantly, vet thinks mites might be involved.",Parasites,,Ear Infections,"['Ear Infections', 'Skin Irritations', 'Parasites', 'Parasites', 'Ear Infections']",3.0,False,True,True,Treat ear mites with appropriate acaricide (topical or systemic). Treat all in-contact animals.,0.6728464365005493
Cat has difficulty grooming her back.,Mobility Problems,,Skin Irritations,"['Skin Irritations', 'Skin Irritations', 'Skin Irritations', 'Skin Irritations', 'Digestive Issues']",,False,False,False,"Skin fragility syndrome noted in older cat; handle with care, check for hyperadrenocorticism.",0.6273747682571411
Puppy vomited undigested food several hours after eating.,Digestive Issues,,Digestive Issues,"['Digestive Issues', 'Digestive Issues', 'Digestive Issues', 'Digestive Issues', 'Digestive Issues']",1.0,True,True,True,Vomiting post-meal; test for food intolerance.,0.7136507630348206
My cat has a drooping eyelid and smaller pupil on the same side as the head tilt.,Ear Infections,,Skin Irritations,"['Skin Irritations', 'Digestive Issues', 'Skin Irritations', 'Mobility Problems', 'Skin Irritations']",,False,False,False,"Skin fragility syndrome noted in older cat; handle with care, check for hyperadrenocorticism.",0.6340296864509583
My senior dog is having trouble getting up from his bed.,Mobility Problems,,Ear Infections,"['Ear Infections', 'Mobility Problems', 'Ear Infections', 'Skin Irritations', 'Mobility Problems']",2.0,False,True,True,Referral to veterinary neurologist recommended due to central neurological signs.,0.6446561813354492
"Dog strains to defecate, only producing small amounts of liquid.",Digestive Issues,,Digestive Issues,"['Digestive Issues', 'Digestive Issues', 'Digestive Issues', 'Digestive Issues', 'Ear Infections']",1.0,True,True,True,"Constipated feline; administer Miralax/lactulose and recommend increasing water intake (wet food, fountain).",0.642487645149231
Ferret has orange-ish discoloration of the skin.,Skin Irritations,,Skin Irritations,"['Skin Irritations', 'Skin Irritations', 'Skin Irritations', 'Skin Irritations', 'Skin Irritations']",1.0,True,True,True,Skin fragility noted; test for FIV/FeLV in feline patient.,0.6313499808311462
My cat has a history of ear polyps.,Ear Infections,,Ear Infections,"['Ear Infections', 'Ear Infections', 'Ear Infections', 'Ear Infections', 'Parasites']",1.0,True,True,True,Nasopharyngeal polyp visualized extending into external ear canal in young cat.,0.758793294429779
"My puppy seems unsteady on his feet, like the room is spinning.",Ear Infections,,Mobility Problems,"['Mobility Problems', 'Ear Infections', 'Mobility Problems', 'Mobility Problems', 'Mobility Problems']",2.0,False,True,True,"Panosteitis suspected in young, large breed dog with shifting leg lameness and long bone pain on palpation.",0.6135420799255371
"Dog trembles sometimes, especially his back legs, when standing.",Mobility Problems,,Mobility Problems,"['Mobility Problems', 'Ear Infections', 'Mobility Problems', 'Mobility Problems', 'Digestive Issues']",1.0,True,True,True,"Panosteitis suspected in young, large breed dog with shifting leg lameness and long bone pain on palpation.",0.6433044672012329
"Dog is intensely itchy, especially on his elbows and ear margins.",Parasites,,Ear Infections,"['Ear Infections', 'Digestive Issues', 'Skin Irritations', 'Skin Irritations', 'Skin Irritations']",,False,False,False,Dog has a Malassezia (yeast) overgrowth causing otitis.,0.6579992175102234
"My dog drags his back toenails sometimes, making a scraping sound.",Mobility Problems,,Skin Irritations,"['Skin Irritations', 'Ear Infections', 'Mobility Problems', 'Ear Infections', 'Ear Infections']",3.0,False,True,True,Canine recurrent flank alopecia noted; seasonal pattern.,0.6132281422615051
"Dog has thickened, elephant-like skin in chronically itchy areas.",Skin Irritations,,Skin Irritations,"['Skin Irritations', 'Skin Irritations', 'Digestive Issues', 'Skin Irritations', 'Skin Irritations']",1.0,True,True,True,Lichenification and hyperpigmentation in axillary regions; chronic allergic skin condition likely.,0.6884115934371948
Pet struggles to get up from lying down.,Mobility Problems,,Mobility Problems,"['Mobility Problems', 'Digestive Issues', 'Digestive Issues', 'Parasites', 'Mobility Problems']",1.0,True,True,True,"Recommend installing ramps, using non-slip mats, providing orthopedic bedding, and using raised food/water bowls.",0.6005302667617798
My rabbit has redness and swelling around its genitals.,Skin Irritations,,Parasites,"['Parasites', 'Mobility Problems', 'Parasites', 'Parasites', 'Ear Infections']",,False,False,False,Severe otitis externa in rabbit due to Psoroptes cuniculi. Treat with ivermectin or selamectin. Do not manually remove crusts initially.,0.6680646538734436
"Cat’s back has pink, weepy sores from scratching.",Skin Irritations,,Skin Irritations,"['Skin Irritations', 'Skin Irritations', 'Skin Irritations', 'Skin Irritations', 'Skin Irritations']",1.0,True,True,True,Pruritic lesions on tail; anti-itch spray prescribed.,0.613045871257782
My ferret seems itchy all over.,Parasites,,Skin Irritations,"['Skin Irritations', 'Skin Irritations', 'Skin Irritations', 'Skin Irritations', 'Skin Irritations']",,False,False,False,Skin fragility noted; test for FIV/FeLV in feline patient.,0.6646480560302734
"Cat keeps retching like she needs to cough up a hairball, but doesn't.",Digestive Issues,,Ear Infections,"['Ear Infections', 'Digestive Issues', 'Ear Infections', 'Skin Irritations', 'Digestive Issues']",2.0,False,True,True,Nasopharyngeal polyp visualized extending into external ear canal in young cat.,0.5505623817443848
My dog ate chicken bones and is now lethargic and straining.,Digestive Issues,,Digestive Issues,"['Digestive Issues', 'Digestive Issues', 'Ear Infections', 'Digestive Issues', 'Digestive Issues']",1.0,True,True,True,"Recommend highly digestible therapeutic diet (e.g., Hill's i/d, Royal Canin GI).",0.6218602657318115
My puppy has debris in his ears that looks like coffee grounds.,Ear Infections,,Skin Irritations,"['Skin Irritations', 'Ear Infections', 'Ear Infections', 'Ear Infections', 'Skin Irritations']",2.0,False,True,True,Excoriations around ears and neck; check for ear mites and fleas.,0.6372858285903931
"My cat seems dizzy, stumbling and walking in circles.",Ear Infections,,Skin Irritations,"['Skin Irritations', 'Mobility Problems', 'Skin Irritations', 'Ear Infections', 'Digestive Issues']",4.0,False,False,True,"Skin fragility syndrome noted in older cat; handle with care, check for hyperadrenocorticism.",0.6415629386901855
Cat seems painful when the vet manipulates her legs.,Mobility Problems,,Skin Irritations,"['Skin Irritations', 'Skin Irritations', 'Mobility Problems', 'Skin Irritations', 'Mobility Problems']",3.0,False,True,True,"Skin fragility syndrome noted in older cat; handle with care, check for hyperadrenocorticism.",0.6354017853736877
My rabbit’s ears are red and smell unpleasant.,Ear Infections,,Ear Infections,"['Ear Infections', 'Parasites', 'Ear Infections', 'Parasites', 'Mobility Problems']",1.0,True,True,True,Psoroptes cuniculi (ear mites) in rabbit causing severe crusting and inflammation.,0.6532180905342102
"Ferret has green, slimy diarrhea.",Digestive Issues,,Digestive Issues,"['Digestive Issues', 'Digestive Issues', 'Parasites', 'Digestive Issues', 'Digestive Issues']",1.0,True,True,True,Diarrhea with mucus; test for giardia.,0.6032716035842896
My cat misses jumps sometimes.,Mobility Problems,,Digestive Issues,"['Digestive Issues', 'Skin Irritations', 'Digestive Issues', 'Skin Irritations', 'Ear Infections']",,False,False,False,Hyperthyroidism diagnosed in older cat with weight loss and vomiting.,0.6140556335449219
Dog has inflammation extending to the outside of the ear flap.,Ear Infections,,Ear Infections,"['Ear Infections', 'Ear Infections', 'Ear Infections', 'Ear Infections', 'Skin Irritations']",1.0,True,True,True,Dog has a Malassezia (yeast) overgrowth causing otitis.,0.7014076113700867
My dog seems to lose his balance easily.,Mobility Problems,,Digestive Issues,"['Digestive Issues', 'Ear Infections', 'Mobility Problems', 'Mobility Problems', 'Skin Irritations']",3.0,False,True,True,Advise slow transition when changing pet foods.,0.667444109916687
"Cat vomits undigested food about once a week, seems fine otherwise.",Digestive Issues,,Digestive Issues,"['Digestive Issues', 'Digestive Issues', 'Digestive Issues', 'Parasites', 'Digestive Issues']",1.0,True,True,True,Vomiting post-meal; test for food intolerance.,0.6369390487670898
Puppy has mild redness in both ears.,Ear Infections,,Skin Irritations,"['Skin Irritations', 'Skin Irritations', 'Skin Irritations', 'Ear Infections', 'Ear Infections']",4.0,False,False,True,Scaling and redness on ears; topical steroids prescribed.,0.6685574650764465
My cat vomited a worm.,Digestive Issues,,Digestive Issues,"['Digestive Issues', 'Digestive Issues', 'Digestive Issues', 'Digestive Issues', 'Digestive Issues']",1.0,True,True,True,Vomiting post-meal; test for food intolerance.,0.6646787524223328
My hamster is losing patches of fur and scratching.,Parasites,,Digestive Issues,"['Digestive Issues', 'Digestive Issues', 'Digestive Issues', 'Skin Irritations', 'Skin Irritations']",,False,False,False,"Wet tail in hamster; guarded prognosis, provide heat support, antibiotics, fluids.",0.6276165843009949
My cat has ear mites again.,Parasites,,Parasites,"['Parasites', 'Parasites', 'Ear Infections', 'Skin Irritations', 'Parasites']",1.0,True,True,True,Ear mites in canal; clean and apply selamectin.,0.7262202501296997
Cat is constantly licking at her knee joint.,Mobility Problems,,Skin Irritations,"['Skin Irritations', 'Skin Irritations', 'Ear Infections', 'Mobility Problems', 'Mobility Problems']",4.0,False,False,True,Trichogram reveals damaged hair shafts consistent with excessive licking.,0.5617215633392334
Dog started holding up his back right leg after chasing a squirrel.,Mobility Problems,,Skin Irritations,"['Skin Irritations', 'Mobility Problems', 'Skin Irritations', 'Digestive Issues', 'Skin Irritations']",2.0,False,True,True,Histiocytoma present on young dog; monitor for spontaneous regression.,0.5679983496665955
"My puppy is a breed with heavy, floppy ears that don't get good airflow.",Ear Infections,,Ear Infections,"['Ear Infections', 'Ear Infections', 'Skin Irritations', 'Ear Infections', 'Skin Irritations']",1.0,True,True,True,Evaluate conformation of ear canal (stenotic breeds).,0.6506885290145874
My dog has arthritis diagnosed by the vet.,Mobility Problems,,Ear Infections,"['Ear Infections', 'Ear Infections', 'Skin Irritations', 'Digestive Issues', 'Skin Irritations']",,False,False,False,Referral to veterinary neurologist recommended due to central neurological signs.,0.6520300507545471
Hamster has hair loss around its scent glands.,Skin Irritations,,Skin Irritations,"['Skin Irritations', 'Skin Irritations', 'Skin Irritations', 'Digestive Issues', 'Skin Irritations']",1.0,True,True,True,Trichogram reveals damaged hair shafts consistent with excessive licking.,0.5982693433761597
Cat likely has a muscle sprain or strain causing limping.,Mobility Problems,,Skin Irritations,"['Skin Irritations', 'Skin Irritations', 'Mobility Problems', 'Ear Infections', 'Mobility Problems']",3.0,False,True,True,"Skin fragility syndrome in older cat; handle gently, check for underlying conditions (hyperadrenocorticism, diabetes).",0.7142237424850464
My bird is lethargic and its droppings look abnormal.,Parasites,,Digestive Issues,"['Digestive Issues', 'Digestive Issues', 'Digestive Issues', 'Digestive Issues', 'Skin Irritations']",,False,False,False,Vomiting and lethargy; check for intoxication.,0.6723149418830872
My rabbit has developed a swelling near the base of its ear.,Ear Infections,,Ear Infections,"['Ear Infections', 'Ear Infections', 'Parasites', 'Ear Infections', 'Skin Irritations']",1.0,True,True,True,Psoroptes cuniculi (ear mites) in rabbit causing severe crusting and inflammation.,0.6959186792373657
My rabbit has fly eggs visible on its soiled rear end.,Skin Irritations,,Parasites,"['Parasites', 'Parasites', 'Mobility Problems', 'Parasites', 'Parasites']",,False,False,False,Ensure rabbit environment is clean to prevent flystrike.,0.6988562941551208
"My puppy has persistent diarrhea, vet found coccidia.",Parasites,,Digestive Issues,"['Digestive Issues', 'Ear Infections', 'Ear Infections', 'Parasites', 'Parasites']",4.0,False,False,True,"Chronic intermittent vomiting in feline; consider IBD, food allergy, lymphoma.",0.6538074016571045
"Cat is scratching near, but not directly in, the ear.",Ear Infections,,Ear Infections,"['Ear Infections', 'Skin Irritations', 'Ear Infections', 'Ear Infections', 'Ear Infections']",1.0,True,True,True,Demonstrate ear cleaning technique to owner.,0.644439697265625
Cat has a middle ear infection causing neurological signs.,Ear Infections,,Ear Infections,"['Ear Infections', 'Mobility Problems', 'Ear Infections', 'Ear Infections', 'Ear Infections']",1.0,True,True,True,Referral to veterinary neurologist recommended due to central neurological signs.,0.6729239821434021
Cat has developed a head tilt suddenly.,Ear Infections,,Digestive Issues,"['Digestive Issues', 'Skin Irritations', 'Ear Infections', 'Mobility Problems', 'Digestive Issues']",3.0,False,True,True,Hyperthyroidism diagnosed in older cat with weight loss and vomiting.,0.6704456210136414
"Ferret has dark, coffee ground-like debris in his ears.",Ear Infections,,Skin Irritations,"['Skin Irritations', 'Ear Infections', 'Ear Infections', 'Skin Irritations', 'Ear Infections']",2.0,False,True,True,Excoriations around ears and neck; check for ear mites and fleas.,0.6045814156532288
My cat has difficulty swallowing.,Digestive Issues,,Digestive Issues,"['Digestive Issues', 'Digestive Issues', 'Ear Infections', 'Digestive Issues', 'Digestive Issues']",1.0,True,True,True,Hyperthyroidism diagnosed in older cat with weight loss and vomiting.,0.6851322650909424
"Dog raided the kitchen bin last night, now has terrible diarrhea.",Digestive Issues,,Digestive Issues,"['Digestive Issues', 'Parasites', 'Digestive Issues', 'Digestive Issues', 'Digestive Issues']",1.0,True,True,True,Vomiting post-meal; test for food intolerance.,0.6017223596572876
"Ferret has waxy debris, possibly ear mites.",Ear Infections,,Skin Irritations,"['Skin Irritations', 'Ear Infections', 'Ear Infections', 'Ear Infections', 'Parasites']",2.0,False,True,True,Excoriations around ears and neck; check for ear mites and fleas.,0.7323867082595825
"Ferret has very thick, dark, waxy buildup in both ears.",Ear Infections,,Skin Irritations,"['Skin Irritations', 'Ear Infections', 'Skin Irritations', 'Mobility Problems', 'Ear Infections']",2.0,False,True,True,Excoriations around ears and neck; check for ear mites and fleas.,0.6530603170394897
Rabbit has ear mites causing head tilt.,Parasites,,Mobility Problems,"['Mobility Problems', 'Ear Infections', 'Parasites', 'Skin Irritations', 'Ear Infections']",3.0,False,True,True,"Rabbit presents with head tilt, nystagmus, hind limb paresis. Serology for E. cuniculi recommended. Start fenbendazole empirically.",0.7160631418228149
Puppy got water in his ears playing with the hose.,Ear Infections,,Ear Infections,"['Ear Infections', 'Ear Infections', 'Ear Infections', 'Ear Infections', 'Ear Infections']",1.0,True,True,True,Demonstrate ear cleaning technique to owner.,0.6534624695777893
My dog has Legg-Calve-Perthes condition.,Mobility Problems,,Mobility Problems,"['Mobility Problems', 'Mobility Problems', 'Digestive Issues', 'Mobility Problems', 'Skin Irritations']",1.0,True,True,True,Legg-Calve-Perthes condition (avascular necrosis of femoral head) suspected in young small breed dog.,0.7566522359848022
"My finch is wheezing and clicking, suspect air sac mites.",Parasites,,Ear Infections,"['Ear Infections', 'Skin Irritations', 'Parasites', 'Parasites', 'Skin Irritations']",3.0,False,True,True,Check for ticks within the ear canal.,0.6243253946304321
Cat vomited what looks like coffee grounds.,Digestive Issues,,Digestive Issues,"['Digestive Issues', 'Digestive Issues', 'Digestive Issues', 'Digestive Issues', 'Ear Infections']",1.0,True,True,True,Hyperthyroidism diagnosed in older cat with weight loss and vomiting.,0.6457246541976929
"My bird has air sac mites, causing breathing difficulty.",Parasites,,Parasites,"['Parasites', 'Parasites', 'Ear Infections', 'Parasites', 'Digestive Issues']",1.0,True,True,True,Ear mites in canal; clean and apply selamectin.,0.6386748552322388
Cat's paws are swollen and red.,Skin Irritations,,Skin Irritations,"['Skin Irritations', 'Skin Irritations', 'Skin Irritations', 'Skin Irritations', 'Skin Irritations']",1.0,True,True,True,Plasma cell pododermatitis ('pillow foot') diagnosed in cat.,0.664665937423706
Dog has yeast overgrowth in his ears.,Ear Infections,,Ear Infections,"['Ear Infections', 'Ear Infections', 'Skin Irritations', 'Skin Irritations', 'Skin Irritations']",1.0,True,True,True,Dog has a Malassezia (yeast) overgrowth causing otitis.,0.8089826107025146
Kitten has persistent diarrhea despite deworming.,Parasites,,Digestive Issues,"['Digestive Issues', 'Parasites', 'Parasites', 'Parasites', 'Digestive Issues']",2.0,False,True,True,Recheck fecal exam after deworming treatment.,0.6513871550559998
My cat vomited pinkish foam.,Digestive Issues,,Digestive Issues,"['Digestive Issues', 'Digestive Issues', 'Skin Irritations', 'Digestive Issues', 'Digestive Issues']",1.0,True,True,True,Hyperthyroidism diagnosed in older cat with weight loss and vomiting.,0.6469299793243408
My guinea pig is scratching so much it has open sores.,Parasites,,Mobility Problems,"['Mobility Problems', 'Skin Irritations', 'Skin Irritations', 'Skin Irritations', 'Skin Irritations']",,False,False,False,"Severe ulcerative pododermatitis (bumblefoot) in guinea pig; debride, bandage, systemic antibiotics, improve husbandry.",0.596068263053894
My dog gets diarrhea whenever we have visitors or travel.,Digestive Issues,,Parasites,"['Parasites', 'Ear Infections', 'Ear Infections', 'Digestive Issues', 'Digestive Issues']",4.0,False,False,True,"Confirm pet's lifestyle (indoor/outdoor, travel history) to assess parasite risk.",0.6447928547859192
My dog's ear infection seemed better but came right back after stopping meds.,Ear Infections,,Ear Infections,"['Ear Infections', 'Ear Infections', 'Ear Infections', 'Ear Infections', 'Ear Infections']",1.0,True,True,True,Ear infection with swelling; start combo drops.,0.6454522609710693
Cat suddenly refuses to eat her usual food.,Digestive Issues,,Digestive Issues,"['Digestive Issues', 'Digestive Issues', 'Digestive Issues', 'Skin Irritations', 'Ear Infections']",1.0,True,True,True,Hyperthyroidism diagnosed in older cat with weight loss and vomiting.,0.6199188232421875
My dog has hives that appear and disappear quickly.,Skin Irritations,,Skin Irritations,"['Skin Irritations', 'Parasites', 'Skin Irritations', 'Ear Infections', 'Parasites']",1.0,True,True,True,Histiocytoma present on young dog; monitor for spontaneous regression.,0.6317750215530396
"Guinea pig seems weak and is losing weight, maybe internal parasites?",Parasites,,Digestive Issues,"['Digestive Issues', 'Mobility Problems', 'Parasites', 'Mobility Problems', 'Parasites']",3.0,False,True,True,"Rabbit presents with anorexia and decreased fecal output x 36 hrs. Abdomen slightly distended, doughy cecum palpated. Suspect GI stasis.",0.6107393503189087
"Ferret is lethargic and not eating, vomited once.",Digestive Issues,,Digestive Issues,"['Digestive Issues', 'Digestive Issues', 'Digestive Issues', 'Digestive Issues', 'Digestive Issues']",1.0,True,True,True,Vomiting and lethargy; check for intoxication.,0.647994875907898
My dog stumbles frequently.,Mobility Problems,,Ear Infections,"['Ear Infections', 'Mobility Problems', 'Digestive Issues', 'Digestive Issues', 'Mobility Problems']",2.0,False,True,True,Referral to veterinary neurologist recommended due to central neurological signs.,0.6482909321784973
My dog's ear problems always seem worse during allergy season.,Ear Infections,,Skin Irritations,"['Skin Irritations', 'Skin Irritations', 'Ear Infections', 'Skin Irritations', 'Ear Infections']",3.0,False,True,True,Recommend regular ear cleaning with appropriate solution.,0.6414318084716797
"My kitten is covered in fleas, they are crawling all over.",Parasites,,Parasites,"['Parasites', 'Parasites', 'Parasites', 'Parasites', 'Skin Irritations']",1.0,True,True,True,"Recommend environmental flea treatment (vacuuming, washing bedding, premise spray).",0.6641128063201904
My dog keeps gulping and seems uncomfortable after eating.,Digestive Issues,,Digestive Issues,"['Digestive Issues', 'Digestive Issues', 'Digestive Issues', 'Digestive Issues', 'Digestive Issues']",1.0,True,True,True,Vomiting post-meal; test for food intolerance.,0.6583764553070068
My cat has symmetrical hair loss on both flanks.,Skin Irritations,,Skin Irritations,"['Skin Irritations', 'Digestive Issues', 'Skin Irritations', 'Skin Irritations', 'Skin Irritations']",1.0,True,True,True,"Symmetrical alopecia on flanks; rule out endocrine disorders (hypothyroidism, Cushing's).",0.6418461799621582
Rabbit has spondylosis.,Mobility Problems,,Mobility Problems,"['Mobility Problems', 'Ear Infections', 'Digestive Issues', 'Parasites', 'Digestive Issues']",1.0,True,True,True,"Rabbit presents with head tilt, nystagmus, hind limb paresis. Serology for E. cuniculi recommended. Start fenbendazole empirically.",0.7266163229942322
Cat has crusty ear tips.,Ear Infections,,Skin Irritations,"['Skin Irritations', 'Ear Infections', 'Ear Infections', 'Ear Infections', 'Ear Infections']",2.0,False,True,True,Excoriations around ears and neck; check for ear mites and fleas.,0.6640969514846802
The skin inside my dog's ear canals looks bright red and sore.,Ear Infections,,Ear Infections,"['Ear Infections', 'Ear Infections', 'Skin Irritations', 'Digestive Issues', 'Skin Irritations']",1.0,True,True,True,Check for ticks within the ear canal.,0.6684772372245789
My dog sometimes trips over his own feet.,Mobility Problems,,Ear Infections,"['Ear Infections', 'Ear Infections', 'Skin Irritations', 'Parasites', 'Mobility Problems']",5.0,False,False,True,Dog has a Malassezia (yeast) overgrowth causing otitis.,0.642081081867218
My rabbit has bald patches on its nose from rubbing the cage.,Skin Irritations,,Parasites,"['Parasites', 'Parasites', 'Mobility Problems', 'Parasites', 'Skin Irritations']",5.0,False,False,True,Advise meticulous cage hygiene and appropriate bedding for rabbits to prevent myiasis.,0.6569255590438843
Hamster's skin looks red and irritated inside its cheek pouches.,Skin Irritations,,Skin Irritations,"['Skin Irritations', 'Skin Irritations', 'Skin Irritations', 'Skin Irritations', 'Skin Irritations']",1.0,True,True,True,Lichenification and hyperpigmentation in axillary regions; chronic allergic skin condition likely.,0.5898903608322144
"My dog's paw pads feel rough and crusty, almost like horns.",Skin Irritations,,Mobility Problems,"['Mobility Problems', 'Skin Irritations', 'Mobility Problems', 'Skin Irritations', 'Skin Irritations']",2.0,False,True,True,"Panosteitis suspected in young, large breed dog with shifting leg lameness and long bone pain on palpation.",0.6059221029281616
My cat has bald patches above her eyes.,Skin Irritations,,Skin Irritations,"['Skin Irritations', 'Skin Irritations', 'Ear Infections', 'Ear Infections', 'Skin Irritations']",1.0,True,True,True,"Skin fragility syndrome noted in older cat; handle with care, check for hyperadrenocorticism.",0.6824691295623779
Dog's ear infection smells like Pseudomonas (sickly sweet).,Ear Infections,,Ear Infections,"['Ear Infections', 'Ear Infections', 'Ear Infections', 'Ear Infections', 'Ear Infections']",1.0,True,True,True,Use Tris-EDTA containing ear flush for Pseudomonas infections.,0.6407768726348877
"Dog has dry, brittle fur and flaky skin.",Skin Irritations,,Skin Irritations,"['Skin Irritations', 'Skin Irritations', 'Parasites', 'Skin Irritations', 'Skin Irritations']",1.0,True,True,True,Skin fragility noted; test for FIV/FeLV in feline patient.,0.6849809885025024
Ferret has crusty skin around its eyes and chin.,Skin Irritations,,Skin Irritations,"['Skin Irritations', 'Skin Irritations', 'Skin Irritations', 'Skin Irritations', 'Skin Irritations']",1.0,True,True,True,Skin fragility noted; test for FIV/FeLV in feline patient.,0.6502484083175659
Rabbit is lethargic and dehydrated (skin tents when pinched).,Digestive Issues,,Mobility Problems,"['Mobility Problems', 'Digestive Issues', 'Digestive Issues', 'Digestive Issues', 'Digestive Issues']",2.0,False,True,True,"Rabbit presents with head tilt, nystagmus, hind limb paresis. Serology for E. cuniculi recommended. Start fenbendazole empirically.",0.6706992387771606
Rabbit has severe crusting in ears diagnosed as mites.,Ear Infections,,Ear Infections,"['Ear Infections', 'Ear Infections', 'Ear Infections', 'Parasites', 'Skin Irritations']",1.0,True,True,True,Psoroptes cuniculi (ear mites) in rabbit causing severe crusting and inflammation.,0.7611058950424194
My puppy seems bloated and is trying to vomit but nothing comes up.,Digestive Issues,,Digestive Issues,"['Digestive Issues', 'Digestive Issues', 'Digestive Issues', 'Digestive Issues', 'Digestive Issues']",1.0,True,True,True,"Constipated feline; administer Miralax/lactulose and recommend increasing water intake (wet food, fountain).",0.6387214660644531
Hamster has wetness and staining around its tail.,Skin Irritations,,Digestive Issues,"['Digestive Issues', 'Digestive Issues', 'Skin Irritations', 'Parasites', 'Skin Irritations']",3.0,False,True,True,"Wet tail in hamster; guarded prognosis, provide heat support, antibiotics, fluids.",0.7060075998306274
"Rabbit's fur is matted, and the skin underneath looks irritated and flaky.",Parasites,,Mobility Problems,"['Mobility Problems', 'Skin Irritations', 'Digestive Issues', 'Skin Irritations', 'Ear Infections']",,False,False,False,"Rabbit presents with head tilt, nystagmus, hind limb paresis. Serology for E. cuniculi recommended. Start fenbendazole empirically.",0.66731858253479
Guinea pig is dragging its hind end.,Mobility Problems,,Mobility Problems,"['Mobility Problems', 'Mobility Problems', 'Skin Irritations', 'Mobility Problems', 'Mobility Problems']",1.0,True,True,True,Absence of withdrawal reflex in hind limbs.,0.5781003832817078
My cat is sensitive to being petted along her back.,Skin Irritations,,Skin Irritations,"['Skin Irritations', 'Skin Irritations', 'Parasites', 'Parasites', 'Digestive Issues']",1.0,True,True,True,"Skin fragility syndrome noted in older cat; handle with care, check for hyperadrenocorticism.",0.6476141810417175
Puppy has pustules and redness on his chin and muzzle.,Skin Irritations,,Skin Irritations,"['Skin Irritations', 'Skin Irritations', 'Skin Irritations', 'Skin Irritations', 'Skin Irritations']",1.0,True,True,True,Juvenile cellulitis (puppy strangles) presenting with facial swelling and pustules.,0.6985344886779785
My dog is trying to eat grass frantically.,Digestive Issues,,Ear Infections,"['Ear Infections', 'Digestive Issues', 'Digestive Issues', 'Mobility Problems', 'Skin Irritations']",2.0,False,True,True,Dog has a Malassezia (yeast) overgrowth causing otitis.,0.6521394848823547
My rabbit is scratching its chin and neck area frequently.,Skin Irritations,,Mobility Problems,"['Mobility Problems', 'Parasites', 'Parasites', 'Parasites', 'Skin Irritations']",5.0,False,False,True,"Rabbit presents with head tilt, nystagmus, hind limb paresis. Serology for E. cuniculi recommended. Start fenbendazole empirically.",0.6476519107818604
"Dog's ear infection has a particularly nasty, 'rotten' smell.",Ear Infections,,Ear Infections,"['Ear Infections', 'Ear Infections', 'Skin Irritations', 'Ear Infections', 'Ear Infections']",1.0,True,True,True,Otitis externa with odor; start combo drops.,0.6586953401565552
My cat has both fleas and tapeworm segments.,Parasites,,Parasites,"['Parasites', 'Skin Irritations', 'Parasites', 'Parasites', 'Parasites']",1.0,True,True,True,Tapeworm segments (Dipylidium caninum) observed on perineum; associated with flea infestation.,0.6632349491119385
Cat has thinning hair around her eyes and face.,Parasites,,Skin Irritations,"['Skin Irritations', 'Digestive Issues', 'Skin Irritations', 'Ear Infections', 'Skin Irritations']",,False,False,False,"Skin fragility syndrome noted in older cat; handle with care, check for hyperadrenocorticism.",0.6775938272476196
My dog's skin looks bruised in areas without any known trauma.,Skin Irritations,,Parasites,"['Parasites', 'Skin Irritations', 'Skin Irritations', 'Skin Irritations', 'Skin Irritations']",2.0,False,True,True,Localized demodicosis in young dog often resolves without treatment; monitor.,0.64240562915802
My ferret's ears look red inside.,Ear Infections,,Skin Irritations,"['Skin Irritations', 'Ear Infections', 'Skin Irritations', 'Ear Infections', 'Ear Infections']",2.0,False,True,True,Excoriations around ears and neck; check for ear mites and fleas.,0.6651825904846191
"My bird is restless and picking at its feathers, I think I see tiny bugs.",Parasites,,Skin Irritations,"['Skin Irritations', 'Ear Infections', 'Parasites', 'Parasites', 'Skin Irritations']",3.0,False,True,True,Excoriations around ears and neck; check for ear mites and fleas.,0.627051055431366
"Dog has severe flea infestation, requiring immediate intervention.",Parasites,,Parasites,"['Parasites', 'Parasites', 'Skin Irritations', 'Parasites', 'Parasites']",1.0,True,True,True,Dog presented with severe flea infestation and secondary anemia (PCV 22%).,0.7876372933387756
"Noticed some creamy, yellow discharge draining from my puppy's ear.",Ear Infections,,Skin Irritations,"['Skin Irritations', 'Ear Infections', 'Ear Infections', 'Skin Irritations', 'Ear Infections']",2.0,False,True,True,Excoriations around ears and neck; check for ear mites and fleas.,0.6845826506614685
My dog's nails are scuffing the ground when he walks.,Mobility Problems,,Mobility Problems,"['Mobility Problems', 'Ear Infections', 'Skin Irritations', 'Parasites', 'Parasites']",1.0,True,True,True,"Gait analysis performed: observe walk, trot, turning, stairs.",0.6154053211212158
My dog has bad breath that smells like feces.,Digestive Issues,,Digestive Issues,"['Digestive Issues', 'Ear Infections', 'Parasites', 'Digestive Issues', 'Digestive Issues']",1.0,True,True,True,"Constipated feline; administer Miralax/lactulose and recommend increasing water intake (wet food, fountain).",0.6385939121246338
Dog has diarrhea containing undigested food particles.,Digestive Issues,,Digestive Issues,"['Digestive Issues', 'Digestive Issues', 'Digestive Issues', 'Digestive Issues', 'Ear Infections']",1.0,True,True,True,"Constipated feline; administer Miralax/lactulose and recommend increasing water intake (wet food, fountain).",0.6602359414100647
My lovebird is chewing its feathers down to the skin.,Parasites,,Skin Irritations,"['Skin Irritations', 'Skin Irritations', 'Parasites', 'Parasites', 'Parasites']",3.0,False,True,True,Skin fragility noted; test for FIV/FeLV in feline patient.,0.5744186639785767
My puppy has accidents in the house (diarrhea) overnight.,Digestive Issues,,Parasites,"['Parasites', 'Parasites', 'Digestive Issues', 'Digestive Issues', 'Ear Infections']",3.0,False,True,True,Discuss potential for parasite transmission between household pets.,0.6339014768600464
Ferret is weak in the hind limbs.,Mobility Problems,,Mobility Problems,"['Mobility Problems', 'Skin Irritations', 'Mobility Problems', 'Mobility Problems', 'Mobility Problems']",1.0,True,True,True,Absence of withdrawal reflex in hind limbs.,0.6571402549743652
My dog favors one leg consistently.,Mobility Problems,,Mobility Problems,"['Mobility Problems', 'Digestive Issues', 'Skin Irritations', 'Skin Irritations', 'Digestive Issues']",1.0,True,True,True,"Panosteitis suspected in young, large breed dog with shifting leg lameness and long bone pain on palpation.",0.6388825178146362
Ferret has diarrhea and seems very weak.,Digestive Issues,,Digestive Issues,"['Digestive Issues', 'Digestive Issues', 'Digestive Issues', 'Digestive Issues', 'Digestive Issues']",1.0,True,True,True,Diarrhea with weight loss; check thyroid levels.,0.6171724796295166
My dog has hair loss that seems to follow a seasonal pattern.,Skin Irritations,,Skin Irritations,"['Skin Irritations', 'Skin Irritations', 'Skin Irritations', 'Digestive Issues', 'Skin Irritations']",1.0,True,True,True,Canine recurrent flank alopecia noted; seasonal pattern.,0.7683171033859253
"Ferret has black, tarry stools, could it be from parasites?",Parasites,,Parasites,"['Parasites', 'Parasites', 'Parasites', 'Parasites', 'Digestive Issues']",1.0,True,True,True,"Consider fecal PCR testing for diagnosing difficult parasites (e.g., Tritrichomonas).",0.5808839797973633
"My dog has recurring ear infections, vet suspects underlying mites.",Parasites,,Parasites,"['Parasites', 'Skin Irritations', 'Ear Infections', 'Ear Infections', 'Ear Infections']",1.0,True,True,True,Ear cytology performed to confirm mites and check for secondary infection.,0.7141958475112915
"My cat licks her belly raw, especially after eating certain foods.",Skin Irritations,,Skin Irritations,"['Skin Irritations', 'Digestive Issues', 'Ear Infections', 'Digestive Issues', 'Digestive Issues']",1.0,True,True,True,Trichogram reveals damaged hair shafts consistent with excessive licking.,0.5838659405708313
"Ferret has dark, tarry stool, could parasites cause this?",Parasites,,Parasites,"['Parasites', 'Digestive Issues', 'Parasites', 'Parasites', 'Digestive Issues']",1.0,True,True,True,"Consider fecal PCR testing for diagnosing difficult parasites (e.g., Tritrichomonas).",0.5661705732345581
Dog has oily skin and recurrent skin infections.,Skin Irritations,,Ear Infections,"['Ear Infections', 'Skin Irritations', 'Ear Infections', 'Skin Irritations', 'Parasites']",2.0,False,True,True,Check thyroid levels in dogs with recurrent infections.,0.740864098072052
"My puppy is constantly hungry but not gaining weight, has loose stools.",Digestive Issues,,Digestive Issues,"['Digestive Issues', 'Digestive Issues', 'Digestive Issues', 'Digestive Issues', 'Digestive Issues']",1.0,True,True,True,Advise slow transition when changing pet foods.,0.6029027700424194
Found several attached ticks on my dog after hiking.,Parasites,,Parasites,"['Parasites', 'Ear Infections', 'Ear Infections', 'Parasites', 'Ear Infections']",1.0,True,True,True,Ticks embedded in fur; remove and treat.,0.6800425052642822
"Noticed thickened, dark skin in my dog's armpits that seems itchy.",Skin Irritations,,Skin Irritations,"['Skin Irritations', 'Skin Irritations', 'Skin Irritations', 'Skin Irritations', 'Skin Irritations']",1.0,True,True,True,Pruritic lesions on tail; anti-itch spray prescribed.,0.6803339123725891
My dog has bumps between his toes.,Skin Irritations,,Mobility Problems,"['Mobility Problems', 'Parasites', 'Parasites', 'Skin Irritations', 'Mobility Problems']",4.0,False,False,True,"Panosteitis suspected in young, large breed dog with shifting leg lameness and long bone pain on palpation.",0.632111668586731
My cat started shaking her head after a groomer visit.,Ear Infections,,Skin Irritations,"['Skin Irritations', 'Skin Irritations', 'Skin Irritations', 'Skin Irritations', 'Skin Irritations']",,False,False,False,"Skin fragility syndrome noted in older cat; handle with care, check for hyperadrenocorticism.",0.6113421320915222
My cat has what looks like walking dandruff.,Parasites,,Skin Irritations,"['Skin Irritations', 'Skin Irritations', 'Skin Irritations', 'Digestive Issues', 'Parasites']",5.0,False,False,True,Plasma cell pododermatitis ('pillow foot') diagnosed in cat.,0.6628222465515137
My rabbit has severe crusting in ears from Psoroptes mites.,Parasites,,Ear Infections,"['Ear Infections', 'Ear Infections', 'Parasites', 'Parasites', 'Parasites']",3.0,False,True,True,Psoroptes cuniculi (ear mites) in rabbit causing severe crusting and inflammation.,0.8443708419799805
Dog has ticks attached deep inside his ear canals.,Parasites,,Ear Infections,"['Ear Infections', 'Ear Infections', 'Parasites', 'Parasites', 'Digestive Issues']",3.0,False,True,True,Check for ticks within the ear canal.,0.8028253316879272
"Dog has chronic skin issues, vet suspects Demodex mites.",Parasites,,Parasites,"['Parasites', 'Parasites', 'Skin Irritations', 'Parasites', 'Mobility Problems']",1.0,True,True,True,Deep skin scrape positive for Demodex canis mites.,0.7313869595527649
Rabbit seems weak all over.,Mobility Problems,,Digestive Issues,"['Digestive Issues', 'Mobility Problems', 'Parasites', 'Digestive Issues', 'Ear Infections']",2.0,False,True,True,"Rabbit presents with anorexia and decreased fecal output x 36 hrs. Abdomen slightly distended, doughy cecum palpated. Suspect GI stasis.",0.6783592104911804
Hamster has fecal staining and wetness around the tail and belly.,Digestive Issues,,Digestive Issues,"['Digestive Issues', 'Digestive Issues', 'Skin Irritations', 'Skin Irritations', 'Skin Irritations']",1.0,True,True,True,"Wet tail in hamster; guarded prognosis, provide heat support, antibiotics, fluids.",0.6651530265808105
"Dog has chronic skin problems, vet diagnosed generalized Demodex.",Parasites,,Parasites,"['Parasites', 'Skin Irritations', 'Parasites', 'Skin Irritations', 'Parasites']",1.0,True,True,True,Deep skin scrape positive for Demodex canis mites.,0.6818637847900391
"My dog takes very short, stiff steps with his front legs.",Mobility Problems,,Digestive Issues,"['Digestive Issues', 'Mobility Problems', 'Mobility Problems', 'Skin Irritations', 'Mobility Problems']",2.0,False,True,True,Advise slow transition when changing pet foods.,0.6437575817108154
My dog lags behind on walks and seems reluctant to continue.,Mobility Problems,,Digestive Issues,"['Digestive Issues', 'Mobility Problems', 'Digestive Issues', 'Digestive Issues', 'Skin Irritations']",2.0,False,True,True,Advise slow transition when changing pet foods.,0.6233834624290466
"My rabbit has very large, soft cecotropes that are uneaten.",Digestive Issues,,Digestive Issues,"['Digestive Issues', 'Parasites', 'Parasites', 'Digestive Issues', 'Parasites']",1.0,True,True,True,"Rabbit presents with anorexia and decreased fecal output x 36 hrs. Abdomen slightly distended, doughy cecum palpated. Suspect GI stasis.",0.6117573380470276
My dog gets recurring skin infections in the folds of his face.,Skin Irritations,,Ear Infections,"['Ear Infections', 'Skin Irritations', 'Skin Irritations', 'Skin Irritations', 'Parasites']",2.0,False,True,True,Check thyroid levels in dogs with recurrent infections.,0.6948055028915405
My ferret is scratching intensely at its ears.,Ear Infections,,Skin Irritations,"['Skin Irritations', 'Ear Infections', 'Ear Infections', 'Ear Infections', 'Digestive Issues']",2.0,False,True,True,Excoriations around ears and neck; check for ear mites and fleas.,0.6687018871307373
My rabbit got diarrhea after I gave him too much fruit.,Digestive Issues,,Digestive Issues,"['Digestive Issues', 'Mobility Problems', 'Digestive Issues', 'Parasites', 'Digestive Issues']",1.0,True,True,True,"Rabbit presents with anorexia and decreased fecal output x 36 hrs. Abdomen slightly distended, doughy cecum palpated. Suspect GI stasis.",0.6257693767547607
"My dog seems wobbly and uncoordinated, especially in the rear.",Mobility Problems,,Mobility Problems,"['Mobility Problems', 'Ear Infections', 'Mobility Problems', 'Skin Irritations', 'Digestive Issues']",1.0,True,True,True,Wobbler syndrome (cervical spondylomyelopathy) suspected in large breed dog with neck pain and gait abnormalities.,0.6902806758880615
Guinea pig has stopped producing fecal pellets.,Digestive Issues,,Digestive Issues,"['Digestive Issues', 'Digestive Issues', 'Digestive Issues', 'Skin Irritations', 'Parasites']",1.0,True,True,True,Salmonella ruled out via fecal culture.,0.5885002613067627
My cat doesn't jump onto the furniture anymore.,Mobility Problems,,Digestive Issues,"['Digestive Issues', 'Digestive Issues', 'Skin Irritations', 'Skin Irritations', 'Parasites']",,False,False,False,Advise slow transition when changing pet foods.,0.5692135095596313
"My cat has fleas, causing miliary dermatitis.",Parasites,,Skin Irritations,"['Skin Irritations', 'Skin Irritations', 'Skin Irritations', 'Skin Irritations', 'Skin Irritations']",,False,False,False,Miliary dermatitis pattern observed in feline patient; consider flea allergy vs. food allergy.,0.7548653483390808
Guinea pig is losing large clumps of hair.,Skin Irritations,,Mobility Problems,"['Mobility Problems', 'Mobility Problems', 'Skin Irritations', 'Skin Irritations', 'Mobility Problems']",3.0,False,True,True,Suspect vitamin C deficiency (scurvy) in guinea pig with lameness/reluctance to move; supplement vitamin C.,0.6022324562072754
Puppy got diarrhea right after we changed his food brand.,Digestive Issues,,Digestive Issues,"['Digestive Issues', 'Digestive Issues', 'Digestive Issues', 'Digestive Issues', 'Digestive Issues']",1.0,True,True,True,Advise slow transition when changing pet foods.,0.6905654072761536
"Rabbit is lethargic and not eating well, possibly due to pain.",Mobility Problems,,Digestive Issues,"['Digestive Issues', 'Mobility Problems', 'Digestive Issues', 'Digestive Issues', 'Digestive Issues']",2.0,False,True,True,"Rabbit presents with anorexia and decreased fecal output x 36 hrs. Abdomen slightly distended, doughy cecum palpated. Suspect GI stasis.",0.7215894460678101
Puppy's skin is peeling slightly after a bath with new shampoo.,Skin Irritations,,Parasites,"['Parasites', 'Parasites', 'Skin Irritations', 'Skin Irritations', 'Digestive Issues']",3.0,False,True,True,Advise bathing pet with appropriate shampoo to remove flea dirt/scales.,0.7169384956359863
"Rabbit has white, powdery substance accumulating in its fur.",Skin Irritations,,Parasites,"['Parasites', 'Mobility Problems', 'Parasites', 'Digestive Issues', 'Skin Irritations']",5.0,False,False,True,Ensure rabbit environment is clean to prevent flystrike.,0.6381222009658813
My puppy has soft stool ever since we got him.,Digestive Issues,,Digestive Issues,"['Digestive Issues', 'Digestive Issues', 'Parasites', 'Digestive Issues', 'Digestive Issues']",1.0,True,True,True,Stool soft and odorous; test for malabsorption.,0.6535519361495972
Guinea pig seems bloated and uncomfortable.,Digestive Issues,,Digestive Issues,"['Digestive Issues', 'Digestive Issues', 'Parasites', 'Digestive Issues', 'Digestive Issues']",1.0,True,True,True,"Rabbit presents with anorexia and decreased fecal output x 36 hrs. Abdomen slightly distended, doughy cecum palpated. Suspect GI stasis.",0.6159963011741638
"My dog seems to have heartburn (gulping, licking air).",Digestive Issues,,Digestive Issues,"['Digestive Issues', 'Digestive Issues', 'Ear Infections', 'Mobility Problems', 'Skin Irritations']",1.0,True,True,True,"Chronic intermittent vomiting in feline; consider IBD, food allergy, lymphoma.",0.65521240234375
Rabbit has thick crusts forming on its skin.,Skin Irritations,,Ear Infections,"['Ear Infections', 'Ear Infections', 'Parasites', 'Mobility Problems', 'Parasites']",,False,False,False,Rabbit presents with severe crusting otitis externa due to Psoroptes cuniculi infestation.,0.7207480072975159
Cat has painful swelling around multiple joints.,Mobility Problems,,Mobility Problems,"['Mobility Problems', 'Skin Irritations', 'Skin Irritations', 'Ear Infections', 'Digestive Issues']",1.0,True,True,True,Soft tissue swelling noted around joint; rule out sprain/strain vs. septic arthritis.,0.6698729991912842
My cat seems to have fleas that aren't killed by her usual spot-on.,Parasites,,Skin Irritations,"['Skin Irritations', 'Parasites', 'Skin Irritations', 'Parasites', 'Parasites']",2.0,False,True,True,Excoriations on tail; rule out flea hypersensitivity.,0.6265135407447815
Dog’s ears are crusty and smell like mold.,Ear Infections,,Skin Irritations,"['Skin Irritations', 'Ear Infections', 'Ear Infections', 'Ear Infections', 'Parasites']",2.0,False,True,True,Excoriations around ears and neck; check for ear mites and fleas.,0.6857966184616089
Dog has difficulty posturing to urinate or defecate.,Mobility Problems,,Digestive Issues,"['Digestive Issues', 'Digestive Issues', 'Mobility Problems', 'Parasites', 'Ear Infections']",3.0,False,True,True,"Constipated feline; administer Miralax/lactulose and recommend increasing water intake (wet food, fountain).",0.6598899960517883
Guinea pig has dandruff and seems uncomfortable when petted.,Skin Irritations,,Skin Irritations,"['Skin Irritations', 'Mobility Problems', 'Mobility Problems', 'Skin Irritations', 'Parasites']",1.0,True,True,True,"Pododermatitis in guinea pig; assess husbandry (substrate, cleanliness), rule out infection/scurvy.",0.6286413073539734
Ferret has bright green diarrhea.,Digestive Issues,,Digestive Issues,"['Digestive Issues', 'Digestive Issues', 'Parasites', 'Digestive Issues', 'Digestive Issues']",1.0,True,True,True,Acute vomiting and diarrhea; suspect gastroenteritis.,0.5952960848808289
"Kitten is sneezing and has discharge, could it be lungworms?",Parasites,,Parasites,"['Parasites', 'Parasites', 'Ear Infections', 'Parasites', 'Parasites']",1.0,True,True,True,"Lungworm (e.g., Aelurostrongylus abstrusus in cats) suspected based on respiratory signs; Baermann fecal analysis recommended.",0.6388740539550781
Cat is licking the fur off her legs.,Skin Irritations,,Parasites,"['Parasites', 'Skin Irritations', 'Skin Irritations', 'Skin Irritations', 'Skin Irritations']",2.0,False,True,True,Ticks embedded in fur; remove and treat.,0.594882071018219
My cat has bumps under the skin that can be felt but not easily seen.,Skin Irritations,,Skin Irritations,"['Skin Irritations', 'Skin Irritations', 'Skin Irritations', 'Skin Irritations', 'Skin Irritations']",1.0,True,True,True,"Skin fragility syndrome in older cat; handle gently, check for underlying conditions (hyperadrenocorticism, diabetes).",0.6724876761436462
Rabbit has pus draining from one ear.,Ear Infections,,Ear Infections,"['Ear Infections', 'Ear Infections', 'Ear Infections', 'Ear Infections', 'Mobility Problems']",1.0,True,True,True,Rabbit presents with severe crusting otitis externa due to Psoroptes cuniculi infestation.,0.6610458493232727
"Dog's ear canal lining looks thick and bumpy, like cobblestones.",Ear Infections,,Ear Infections,"['Ear Infections', 'Ear Infections', 'Ear Infections', 'Ear Infections', 'Skin Irritations']",1.0,True,True,True,Check for ticks within the ear canal.,0.6745284795761108
Guinea pig has difficulty moving after a fall.,Mobility Problems,,Mobility Problems,"['Mobility Problems', 'Mobility Problems', 'Mobility Problems', 'Mobility Problems', 'Digestive Issues']",1.0,True,True,True,Suspect vitamin C deficiency (scurvy) in guinea pig with lameness/reluctance to move; supplement vitamin C.,0.5908874273300171
My rabbit has matted fur and sores underneath on its hindquarters.,Skin Irritations,,Mobility Problems,"['Mobility Problems', 'Skin Irritations', 'Parasites', 'Skin Irritations', 'Parasites']",2.0,False,True,True,"Rabbit presents with head tilt, nystagmus, hind limb paresis. Serology for E. cuniculi recommended. Start fenbendazole empirically.",0.6536616086959839
My bird has Giardia.,Parasites,,Digestive Issues,"['Digestive Issues', 'Ear Infections', 'Digestive Issues', 'Parasites', 'Parasites']",4.0,False,False,True,Giardia ELISA test positive. Initiate fenbendazole therapy and advise environmental decontamination.,0.6529526710510254
My new kitten has a really round belly and doesn't seem to be growing much.,Parasites,,Digestive Issues,"['Digestive Issues', 'Ear Infections', 'Digestive Issues', 'Digestive Issues', 'Ear Infections']",,False,False,False,Advise slow transition when changing pet foods.,0.5662348866462708
Cat has difficulty navigating stairs.,Mobility Problems,,Mobility Problems,"['Mobility Problems', 'Skin Irritations', 'Skin Irritations', 'Digestive Issues', 'Skin Irritations']",1.0,True,True,True,"Gait analysis performed: observe walk, trot, turning, stairs.",0.6174970865249634
"My cat's fur looks dull and unkempt, and she has flakes.",Skin Irritations,,Skin Irritations,"['Skin Irritations', 'Skin Irritations', 'Skin Irritations', 'Skin Irritations', 'Parasites']",1.0,True,True,True,"Skin fragility syndrome noted in older cat; handle with care, check for hyperadrenocorticism.",0.6812920570373535
My dog slid on the ice and has been limping on his front leg since.,Mobility Problems,,Mobility Problems,"['Mobility Problems', 'Skin Irritations', 'Digestive Issues', 'Skin Irritations', 'Skin Irritations']",1.0,True,True,True,"Panosteitis suspected in young, large breed dog with shifting leg lameness and long bone pain on palpation.",0.5876891613006592
"Guinea pig has swollen, painful feet.",Mobility Problems,,Mobility Problems,"['Mobility Problems', 'Mobility Problems', 'Skin Irritations', 'Parasites', 'Skin Irritations']",1.0,True,True,True,"Severe ulcerative pododermatitis (bumblefoot) in guinea pig; debride, bandage, systemic antibiotics, improve husbandry.",0.6654061079025269
Rabbit has redness and hair loss on the soles of its hind feet.,Skin Irritations,,Mobility Problems,"['Mobility Problems', 'Ear Infections', 'Digestive Issues', 'Parasites', 'Skin Irritations']",5.0,False,False,True,"Rabbit presents with head tilt, nystagmus, hind limb paresis. Serology for E. cuniculi recommended. Start fenbendazole empirically.",0.6732484102249146
Kitten has hookworms according to the fecal test.,Parasites,,Parasites,"['Parasites', 'Parasites', 'Parasites', 'Digestive Issues', 'Parasites']",1.0,True,True,True,Hookworm eggs in stool; prescribe fenbendazole.,0.6905379891395569
Dog is rubbing his face on the carpet constantly.,Skin Irritations,,Skin Irritations,"['Skin Irritations', 'Skin Irritations', 'Skin Irritations', 'Digestive Issues', 'Digestive Issues']",1.0,True,True,True,Miliary dermatitis pattern observed in feline patient; consider flea allergy vs. food allergy.,0.5733901858329773
My puppy has developed a swollen muzzle and face.,Skin Irritations,,Skin Irritations,"['Skin Irritations', 'Skin Irritations', 'Skin Irritations', 'Skin Irritations', 'Skin Irritations']",1.0,True,True,True,Canine facial eosinophilic furunculosis suspected based on acute onset muzzle swelling/lesions.,0.7420886754989624
My dog has significant muscle wasting in his hind end.,Mobility Problems,,Mobility Problems,"['Mobility Problems', 'Digestive Issues', 'Mobility Problems', 'Ear Infections', 'Skin Irritations']",1.0,True,True,True,"Muscle atrophy noted in hind limbs, particularly quadriceps and gluteals.",0.6415530443191528
Cat has inflammation and discharge around her nail beds.,Skin Irritations,,Skin Irritations,"['Skin Irritations', 'Skin Irritations', 'Skin Irritations', 'Skin Irritations', 'Ear Infections']",1.0,True,True,True,"Skin fragility syndrome noted in older cat; handle with care, check for hyperadrenocorticism.",0.6312928199768066
My dog has ear mites confirmed by microscopic exam.,Parasites,,Ear Infections,"['Ear Infections', 'Parasites', 'Parasites', 'Parasites', 'Skin Irritations']",2.0,False,True,True,Microscopic exam of ear debris confirms presence of Otodectes cynotis mites and eggs.,0.7473317384719849
Cat keeps vomiting small amounts of bile.,Digestive Issues,,Digestive Issues,"['Digestive Issues', 'Digestive Issues', 'Digestive Issues', 'Digestive Issues', 'Digestive Issues']",1.0,True,True,True,Hyperthyroidism diagnosed in older cat with weight loss and vomiting.,0.6400649547576904
My dog has Valley Fever affecting his bones.,Mobility Problems,,Mobility Problems,"['Mobility Problems', 'Skin Irritations', 'Digestive Issues', 'Skin Irritations', 'Mobility Problems']",1.0,True,True,True,"Panosteitis suspected in young, large breed dog with shifting leg lameness and long bone pain on palpation.",0.6390819549560547
"My dog has tapeworms, probably from fleas.",Parasites,,Parasites,"['Parasites', 'Parasites', 'Parasites', 'Skin Irritations', 'Parasites']",1.0,True,True,True,Tapeworm segments (Dipylidium caninum) observed on perineum; associated with flea infestation.,0.695807933807373
Dog has developed resistance to previous ear medications.,Ear Infections,,Ear Infections,"['Ear Infections', 'Ear Infections', 'Ear Infections', 'Digestive Issues', 'Ear Infections']",1.0,True,True,True,Dog has a Malassezia (yeast) overgrowth causing otitis.,0.6870384812355042
My dog has a secondary skin infection from scratching flea bites.,Parasites,,Parasites,"['Parasites', 'Parasites', 'Skin Irritations', 'Skin Irritations', 'Skin Irritations']",1.0,True,True,True,Dog presented with severe flea infestation and secondary anemia (PCV 22%).,0.7504242658615112
There are little white things that look like rice grains stuck to the fur around my dog's anus.,Parasites,,Parasites,"['Parasites', 'Skin Irritations', 'Skin Irritations', 'Skin Irritations', 'Parasites']",1.0,True,True,True,Ticks embedded in fur; remove and treat.,0.5985291004180908
Cat has started eliminating outside the litter box.,Mobility Problems,,Digestive Issues,"['Digestive Issues', 'Ear Infections', 'Parasites', 'Ear Infections', 'Ear Infections']",,False,False,False,Hyperthyroidism diagnosed in older cat with weight loss and vomiting.,0.5876656770706177
Ferret has lost a lot of weight over the last month.,Digestive Issues,,Digestive Issues,"['Digestive Issues', 'Digestive Issues', 'Digestive Issues', 'Mobility Problems', 'Digestive Issues']",1.0,True,True,True,Hyperthyroidism diagnosed in older cat with weight loss and vomiting.,0.5709052681922913
My cat fights me and cries when I try to put ear drops in.,Ear Infections,,Ear Infections,"['Ear Infections', 'Ear Infections', 'Parasites', 'Ear Infections', 'Ear Infections']",1.0,True,True,True,Ear infection with swelling; start combo drops.,0.628445565700531
My cat has bumps along her spine.,Skin Irritations,,Mobility Problems,"['Mobility Problems', 'Skin Irritations', 'Skin Irritations', 'Mobility Problems', 'Skin Irritations']",2.0,False,True,True,Consider referral for acupuncture or veterinary spinal manipulative therapy (VSMT).,0.6565355658531189
Cat is losing weight despite having a good appetite.,Digestive Issues,,Digestive Issues,"['Digestive Issues', 'Digestive Issues', 'Digestive Issues', 'Digestive Issues', 'Skin Irritations']",1.0,True,True,True,Hyperthyroidism diagnosed in older cat with weight loss and vomiting.,0.6994949579238892
Ferret seems painful when his jaw area is touched.,Ear Infections,,Mobility Problems,"['Mobility Problems', 'Skin Irritations', 'Mobility Problems', 'Skin Irritations', 'Mobility Problems']",,False,False,False,Pain on tail jack/lumbosacral palpation.,0.5700610876083374
"My rabbit has thick, flaky crusts inside both ears.",Ear Infections,,Ear Infections,"['Ear Infections', 'Parasites', 'Skin Irritations', 'Ear Infections', 'Skin Irritations']",1.0,True,True,True,Psoroptes cuniculi (ear mites) in rabbit causing severe crusting and inflammation.,0.6920524835586548
My ferret's inner ear flaps look red and irritated.,Ear Infections,,Skin Irritations,"['Skin Irritations', 'Ear Infections', 'Skin Irritations', 'Ear Infections', 'Skin Irritations']",2.0,False,True,True,Excoriations around ears and neck; check for ear mites and fleas.,0.666004478931427
Pet’s ears are red and have a musty odor.,Ear Infections,,Skin Irritations,"['Skin Irritations', 'Ear Infections', 'Ear Infections', 'Ear Infections', 'Ear Infections']",2.0,False,True,True,Excoriations around ears and neck; check for ear mites and fleas.,0.6798222064971924
Guinea pig has swollen feet (bumblefoot).,Mobility Problems,,Mobility Problems,"['Mobility Problems', 'Mobility Problems', 'Skin Irritations', 'Parasites', 'Parasites']",1.0,True,True,True,"Bumblefoot (pododermatitis) present in guinea pig; address husbandry (bedding, hygiene) and treat infection/pain.",0.7098990678787231
"My ferret’s belly has red, irritated spots.",Skin Irritations,,Skin Irritations,"['Skin Irritations', 'Skin Irritations', 'Skin Irritations', 'Skin Irritations', 'Parasites']",1.0,True,True,True,Seborrheic patches on belly; antifungal treatment started.,0.6260400414466858
My rabbit has white flakes in its ears.,Ear Infections,,Skin Irritations,"['Skin Irritations', 'Ear Infections', 'Ear Infections', 'Parasites', 'Ear Infections']",2.0,False,True,True,Excoriations around ears and neck; check for ear mites and fleas.,0.6640787124633789
Dog has intermittent episodes of vomiting and diarrhea.,Digestive Issues,,Digestive Issues,"['Digestive Issues', 'Digestive Issues', 'Digestive Issues', 'Digestive Issues', 'Digestive Issues']",1.0,True,True,True,"Chronic intermittent vomiting in feline; consider IBD, food allergy, lymphoma.",0.7703839540481567
Rabbit's fur is matted and it seems itchy underneath.,Parasites,,Mobility Problems,"['Mobility Problems', 'Digestive Issues', 'Skin Irritations', 'Ear Infections', 'Parasites']",5.0,False,False,True,"Rabbit presents with head tilt, nystagmus, hind limb paresis. Serology for E. cuniculi recommended. Start fenbendazole empirically.",0.6566722393035889
My dog's ears smell yeasty and the skin inside looks thickened.,Skin Irritations,,Skin Irritations,"['Skin Irritations', 'Ear Infections', 'Ear Infections', 'Ear Infections', 'Ear Infections']",1.0,True,True,True,Excoriations around ears and neck; check for ear mites and fleas.,0.6883049011230469
Dog is less active and sleeps more than usual.,Mobility Problems,,Digestive Issues,"['Digestive Issues', 'Digestive Issues', 'Mobility Problems', 'Ear Infections', 'Digestive Issues']",3.0,False,True,True,"Rabbit presents with anorexia and decreased fecal output x 36 hrs. Abdomen slightly distended, doughy cecum palpated. Suspect GI stasis.",0.6247578859329224
Dog started limping on his front left leg after playing.,Mobility Problems,,Mobility Problems,"['Mobility Problems', 'Skin Irritations', 'Skin Irritations', 'Mobility Problems', 'Ear Infections']",1.0,True,True,True,"Panosteitis suspected in young, large breed dog with shifting leg lameness and long bone pain on palpation.",0.6384735107421875
My guinea pig has crusty lesions near its mouth.,Skin Irritations,,Skin Irritations,"['Skin Irritations', 'Skin Irritations', 'Skin Irritations', 'Skin Irritations', 'Skin Irritations']",1.0,True,True,True,Crusting lesions on flanks; antifungal cream advised.,0.6608759164810181
My dog's anal area is red and itchy; he scoots on the carpet.,Skin Irritations,,Skin Irritations,"['Skin Irritations', 'Parasites', 'Skin Irritations', 'Parasites', 'Skin Irritations']",1.0,True,True,True,"Perianal irritation and scooting; express anal sacs, check for tapeworms.",0.6426637172698975
"I saw live, wriggling worms in my puppy's fresh poop.",Parasites,,Parasites,"['Parasites', 'Ear Infections', 'Digestive Issues', 'Parasites', 'Skin Irritations']",1.0,True,True,True,Provide handout on intestinal parasites.,0.5839804410934448
My dog's joints make clicking or popping sounds.,Mobility Problems,,Mobility Problems,"['Mobility Problems', 'Ear Infections', 'Ear Infections', 'Skin Irritations', 'Parasites']",1.0,True,True,True,"Panosteitis suspected in young, large breed dog with shifting leg lameness and long bone pain on palpation.",0.6247088313102722
Ferret is having difficulty climbing up ramps in his cage.,Mobility Problems,,Skin Irritations,"['Skin Irritations', 'Skin Irritations', 'Skin Irritations', 'Mobility Problems', 'Mobility Problems']",4.0,False,False,True,"Skin fragility syndrome noted in older cat; handle with care, check for hyperadrenocorticism.",0.5484669208526611
My dog acts hungry but then sniffs his food and walks away.,Digestive Issues,,Digestive Issues,"['Digestive Issues', 'Digestive Issues', 'Digestive Issues', 'Digestive Issues', 'Ear Infections']",1.0,True,True,True,Vomiting post-meal; test for food intolerance.,0.6044756770133972
Dog is straining in the yard but only passing small bits of liquid stool.,Digestive Issues,,Digestive Issues,"['Digestive Issues', 'Ear Infections', 'Digestive Issues', 'Mobility Problems', 'Digestive Issues']",1.0,True,True,True,Blood in stool; rule out ulceration.,0.6161023378372192
Guinea pig has visible lice crawling on its hair shafts.,Parasites,,Parasites,"['Parasites', 'Parasites', 'Skin Irritations', 'Parasites', 'Parasites']",1.0,True,True,True,Flea dirt present on coat combing; Ctenocephalides felis infestation confirmed.,0.6356211304664612
"Dog has lost his appetite and seems nauseous (licking lips, drooling).",Digestive Issues,,Digestive Issues,"['Digestive Issues', 'Digestive Issues', 'Ear Infections', 'Digestive Issues', 'Digestive Issues']",1.0,True,True,True,"Educate owner on recognizing signs of dehydration (lethargy, sunken eyes, tacky gums).",0.6669926643371582
My rabbit has developed a large swelling under its jaw.,Skin Irritations,,Parasites,"['Parasites', 'Ear Infections', 'Mobility Problems', 'Ear Infections', 'Ear Infections']",,False,False,False,Severe otitis externa in rabbit due to Psoroptes cuniculi. Treat with ivermectin or selamectin. Do not manually remove crusts initially.,0.6722944974899292
"Cat's face looks droopy on one side, started with the ear trouble.",Ear Infections,,Skin Irritations,"['Skin Irritations', 'Skin Irritations', 'Ear Infections', 'Skin Irritations', 'Ear Infections']",3.0,False,True,True,Excoriations around ears and neck; check for ear mites and fleas.,0.6784344911575317
"My ferret is itchy, especially around his neck and shoulders.",Parasites,,Skin Irritations,"['Skin Irritations', 'Skin Irritations', 'Skin Irritations', 'Skin Irritations', 'Skin Irritations']",,False,False,False,Pruritic lesions on tail; anti-itch spray prescribed.,0.6533423662185669
Rabbit is shaking its head and digging at its ears.,Parasites,,Ear Infections,"['Ear Infections', 'Mobility Problems', 'Skin Irritations', 'Digestive Issues', 'Ear Infections']",,False,False,False,Psoroptes cuniculi (ear mites) in rabbit causing severe crusting and inflammation.,0.6180383563041687
My puppy seems stiff when he wakes up.,Mobility Problems,,Ear Infections,"['Ear Infections', 'Mobility Problems', 'Ear Infections', 'Mobility Problems', 'Mobility Problems']",2.0,False,True,True,Referral to veterinary neurologist recommended due to central neurological signs.,0.6298654079437256
My dog's ear flap (pinna) is swollen like a balloon.,Ear Infections,,Ear Infections,"['Ear Infections', 'Ear Infections', 'Skin Irritations', 'Ear Infections', 'Ear Infections']",1.0,True,True,True,Ear infection with swelling; start combo drops.,0.6569499373435974
"Cat is scratching the area below her ear, not directly inside.",Ear Infections,,Skin Irritations,"['Skin Irritations', 'Ear Infections', 'Ear Infections', 'Ear Infections', 'Skin Irritations']",2.0,False,True,True,Excoriations around ears and neck; check for ear mites and fleas.,0.6396329402923584
My dog has Babesia from a tick bite.,Parasites,,Ear Infections,"['Ear Infections', 'Parasites', 'Parasites', 'Parasites', 'Ear Infections']",2.0,False,True,True,Dog has a Malassezia (yeast) overgrowth causing otitis.,0.6694422960281372
"Cat has decreased appetite, possibly due to chronic pain.",Mobility Problems,,Digestive Issues,"['Digestive Issues', 'Digestive Issues', 'Skin Irritations', 'Digestive Issues', 'Skin Irritations']",,False,False,False,"Rabbit presents with anorexia and decreased fecal output x 36 hrs. Abdomen slightly distended, doughy cecum palpated. Suspect GI stasis.",0.6688392162322998
"Ferret has fleas, needs treatment safe for ferrets.",Parasites,,Parasites,"['Parasites', 'Skin Irritations', 'Parasites', 'Parasites', 'Parasites']",1.0,True,True,True,"Recommend environmental flea treatment (vacuuming, washing bedding, premise spray).",0.7066907286643982
"My puppy is trying to vomit but only dry heaving, and his belly looks swollen.",Digestive Issues,,Digestive Issues,"['Digestive Issues', 'Skin Irritations', 'Digestive Issues', 'Digestive Issues', 'Skin Irritations']",1.0,True,True,True,"Chronic intermittent vomiting in feline; consider IBD, food allergy, lymphoma.",0.6350642442703247
Puppy has a rash in his groin area.,Skin Irritations,,Skin Irritations,"['Skin Irritations', 'Skin Irritations', 'Skin Irritations', 'Skin Irritations', 'Digestive Issues']",1.0,True,True,True,Pruritic lesions on tail; anti-itch spray prescribed.,0.6429793834686279
My cat shakes her head violently right after I put the ear drops in.,Ear Infections,,Ear Infections,"['Ear Infections', 'Ear Infections', 'Ear Infections', 'Parasites', 'Ear Infections']",1.0,True,True,True,Ear infection with swelling; start combo drops.,0.6037594676017761
Cat has swollen joints.,Mobility Problems,,Skin Irritations,"['Skin Irritations', 'Mobility Problems', 'Digestive Issues', 'Skin Irritations', 'Skin Irritations']",2.0,False,True,True,"Skin fragility syndrome noted in older cat; handle with care, check for hyperadrenocorticism.",0.6650649905204773
I saw spaghetti-like worms in my puppy's vomit.,Parasites,,Digestive Issues,"['Digestive Issues', 'Parasites', 'Parasites', 'Parasites', 'Digestive Issues']",2.0,False,True,True,Vomiting post-meal; test for food intolerance.,0.6394504308700562
"My dog is restless and pacing, seems uncomfortable after eating.",Digestive Issues,,Digestive Issues,"['Digestive Issues', 'Digestive Issues', 'Digestive Issues', 'Mobility Problems', 'Digestive Issues']",1.0,True,True,True,Advise slow transition when changing pet foods.,0.6731172800064087
My ferret's ear discharge smells sweet/yeasty.,Ear Infections,,Skin Irritations,"['Skin Irritations', 'Ear Infections', 'Digestive Issues', 'Skin Irritations', 'Ear Infections']",2.0,False,True,True,Excoriations around ears and neck; check for ear mites and fleas.,0.6398030519485474
My hamster is losing fur around its eyes.,Skin Irritations,,Skin Irritations,"['Skin Irritations', 'Digestive Issues', 'Digestive Issues', 'Parasites', 'Skin Irritations']",1.0,True,True,True,Allergic shiners (darkening around eyes) noted in atopic dog.,0.6186072826385498
My cat is drinking tons of water and vomited twice yesterday.,Digestive Issues,,Digestive Issues,"['Digestive Issues', 'Digestive Issues', 'Digestive Issues', 'Digestive Issues', 'Digestive Issues']",1.0,True,True,True,Hyperthyroidism diagnosed in older cat with weight loss and vomiting.,0.7157256007194519
Cat seems completely deaf in the affected ear.,Ear Infections,,Ear Infections,"['Ear Infections', 'Mobility Problems', 'Ear Infections', 'Ear Infections', 'Ear Infections']",1.0,True,True,True,Nasopharyngeal polyp visualized extending into external ear canal in young cat.,0.6695984601974487
"Rabbit has stopped grooming, coat looks messy.",Digestive Issues,,Parasites,"['Parasites', 'Digestive Issues', 'Mobility Problems', 'Ear Infections', 'Parasites']",2.0,False,True,True,Ensure rabbit environment is clean to prevent flystrike.,0.6519452333450317
My dog chewed up a plastic toy and is now lethargic and gagging.,Digestive Issues,,Ear Infections,"['Ear Infections', 'Digestive Issues', 'Digestive Issues', 'Skin Irritations', 'Digestive Issues']",2.0,False,True,True,Dog has a Malassezia (yeast) overgrowth causing otitis.,0.6185929775238037
"Cat moves with a stiff, hunched posture.",Mobility Problems,,Skin Irritations,"['Skin Irritations', 'Mobility Problems', 'Digestive Issues', 'Skin Irritations', 'Mobility Problems']",2.0,False,True,True,"Skin fragility syndrome noted in older cat; handle with care, check for hyperadrenocorticism.",0.6191078424453735
My parrot was diagnosed with Giardia.,Parasites,,Digestive Issues,"['Digestive Issues', 'Parasites', 'Parasites', 'Parasites', 'Parasites']",2.0,False,True,True,Giardia ELISA test positive. Initiate fenbendazole therapy and advise environmental decontamination.,0.6420003175735474
My dog's skin turns bright red after he eats certain treats.,Skin Irritations,,Ear Infections,"['Ear Infections', 'Digestive Issues', 'Digestive Issues', 'Skin Irritations', 'Parasites']",4.0,False,False,True,Dog has a Malassezia (yeast) overgrowth causing otitis.,0.6323333978652954
Noticed small bumps and scabs on my puppy's back.,Skin Irritations,,Skin Irritations,"['Skin Irritations', 'Skin Irritations', 'Skin Irritations', 'Skin Irritations', 'Skin Irritations']",1.0,True,True,True,Feline acne present on chin; comedones and secondary infection noted.,0.6577528715133667
Cat is licking a specific joint excessively.,Mobility Problems,,Skin Irritations,"['Skin Irritations', 'Ear Infections', 'Digestive Issues', 'Ear Infections', 'Skin Irritations']",,False,False,False,Trichogram reveals damaged hair shafts consistent with excessive licking.,0.6891502737998962
"My rabbit's skin seems very dry and flaky, especially on its ears.",Skin Irritations,,Ear Infections,"['Ear Infections', 'Skin Irritations', 'Parasites', 'Ear Infections', 'Skin Irritations']",2.0,False,True,True,Recommend ear drying solution after swimming or bathing for predisposed dogs.,0.6512522101402283
"Kitten has pale gums and is very sleepy, worried about fleas.",Parasites,,Parasites,"['Parasites', 'Skin Irritations', 'Skin Irritations', 'Skin Irritations', 'Parasites']",1.0,True,True,True,"Recommend environmental flea treatment (vacuuming, washing bedding, premise spray).",0.59398353099823
"My dog is a Cocker Spaniel, and I know they are prone to ear problems.",Ear Infections,,Ear Infections,"['Ear Infections', 'Ear Infections', 'Skin Irritations', 'Ear Infections', 'Skin Irritations']",1.0,True,True,True,Recommend ear drying solution after swimming or bathing for predisposed dogs.,0.6624592542648315
"Cat has symmetrical hair loss on her flanks, no apparent itching.",Skin Irritations,,Skin Irritations,"['Skin Irritations', 'Skin Irritations', 'Skin Irritations', 'Skin Irritations', 'Skin Irritations']",1.0,True,True,True,"Symmetrical non-inflammatory alopecia on flanks; rule out endocrine condition (hypothyroidism, hyperadrenocorticism, sex hormone imbalance).",0.6316110491752625
"Guinea pig has soft, smelly droppings.",Digestive Issues,,Digestive Issues,"['Digestive Issues', 'Digestive Issues', 'Digestive Issues', 'Skin Irritations', 'Ear Infections']",1.0,True,True,True,Stool soft and odorous; test for malabsorption.,0.6339444518089294
My senior cat hasn't pooped in four days and seems uncomfortable.,Digestive Issues,,Digestive Issues,"['Digestive Issues', 'Skin Irritations', 'Skin Irritations', 'Digestive Issues', 'Mobility Problems']",1.0,True,True,True,Hyperthyroidism diagnosed in older cat with weight loss and vomiting.,0.6051428318023682
My puppy has diarrhea and the vet found Coccidia in his stool sample.,Parasites,,Parasites,"['Parasites', 'Parasites', 'Digestive Issues', 'Ear Infections', 'Digestive Issues']",1.0,True,True,True,Fecal examination positive for Cystoisospora spp. oocysts (Coccidia).,0.6601207852363586
My dog has a circular lesion that is healing in the center but spreading outward.,Skin Irritations,,Ear Infections,"['Ear Infections', 'Parasites', 'Digestive Issues', 'Skin Irritations', 'Ear Infections']",4.0,False,False,True,Dog has a Malassezia (yeast) overgrowth causing otitis.,0.6434860229492188
Cat seems overly sensitive to loud noises lately.,Ear Infections,,Skin Irritations,"['Skin Irritations', 'Ear Infections', 'Digestive Issues', 'Ear Infections', 'Ear Infections']",2.0,False,True,True,"Skin fragility syndrome noted in older cat; handle with care, check for hyperadrenocorticism.",0.6882083415985107
My cat has sores in the corners of her mouth.,Skin Irritations,,Skin Irritations,"['Skin Irritations', 'Skin Irritations', 'Skin Irritations', 'Ear Infections', 'Ear Infections']",1.0,True,True,True,Pruritic lesions on tail; anti-itch spray prescribed.,0.6388478875160217
Ferret is tilting its head slightly to the left.,Ear Infections,,Skin Irritations,"['Skin Irritations', 'Mobility Problems', 'Skin Irritations', 'Digestive Issues', 'Skin Irritations']",,False,False,False,Excoriations on tail; rule out flea hypersensitivity.,0.5682915449142456
My dog has ear mites confirmed by the vet.,Parasites,,Parasites,"['Parasites', 'Parasites', 'Ear Infections', 'Ear Infections', 'Skin Irritations']",1.0,True,True,True,Ear cytology performed to confirm mites and check for secondary infection.,0.7224557995796204
My dog requires treatment for heartworm infection.,Parasites,,Parasites,"['Parasites', 'Parasites', 'Parasites', 'Parasites', 'Parasites']",1.0,True,True,True,Provide handout on heartworm condition.,0.7500836253166199
My puppy drags his rear end on the carpet after pooping.,Parasites,,Parasites,"['Parasites', 'Ear Infections', 'Skin Irritations', 'Digestive Issues', 'Parasites']",1.0,True,True,True,Advise bathing pet with appropriate shampoo to remove flea dirt/scales.,0.5892331600189209
"Cat isn't grooming her hindquarters well, fur looks matted.",Mobility Problems,,Skin Irritations,"['Skin Irritations', 'Skin Irritations', 'Mobility Problems', 'Skin Irritations', 'Skin Irritations']",3.0,False,True,True,"Skin fragility syndrome noted in older cat; handle with care, check for hyperadrenocorticism.",0.6618428230285645
Puppy has on-and-off diarrhea since we brought him home.,Digestive Issues,,Digestive Issues,"['Digestive Issues', 'Digestive Issues', 'Digestive Issues', 'Digestive Issues', 'Digestive Issues']",1.0,True,True,True,"Constipated feline; administer Miralax/lactulose and recommend increasing water intake (wet food, fountain).",0.6349031925201416
Cat has hair loss and redness between the toes.,Skin Irritations,,Digestive Issues,"['Digestive Issues', 'Skin Irritations', 'Skin Irritations', 'Skin Irritations', 'Parasites']",2.0,False,True,True,Hyperthyroidism diagnosed in older cat with weight loss and vomiting.,0.664148211479187
"Cat is scratching under her chin, causing sores and hair loss.",Skin Irritations,,Skin Irritations,"['Skin Irritations', 'Skin Irritations', 'Digestive Issues', 'Skin Irritations', 'Skin Irritations']",1.0,True,True,True,"Skin fragility syndrome noted in older cat; handle with care, check for hyperadrenocorticism.",0.6598959565162659
"Guinea pig has intense itching fits, sometimes seems like a seizure.",Skin Irritations,,Parasites,"['Parasites', 'Parasites', 'Mobility Problems', 'Digestive Issues', 'Digestive Issues']",,False,False,False,"Trixacarus caviae infestation in guinea pig causing intense pruritus, scaling, seizures. Treat with ivermectin/selamectin.",0.6598578691482544
My cat is drinking excessive amounts of water and vomiting frequently.,Digestive Issues,,Digestive Issues,"['Digestive Issues', 'Digestive Issues', 'Digestive Issues', 'Ear Infections', 'Digestive Issues']",1.0,True,True,True,Hyperthyroidism diagnosed in older cat with weight loss and vomiting.,0.739661693572998
"Dog has dry, brittle hair coat and flaky skin.",Skin Irritations,,Skin Irritations,"['Skin Irritations', 'Skin Irritations', 'Skin Irritations', 'Skin Irritations', 'Parasites']",1.0,True,True,True,Skin fragility noted; test for FIV/FeLV in feline patient.,0.678723931312561
My puppy scoots his bottom on the floor frequently.,Parasites,,Skin Irritations,"['Skin Irritations', 'Ear Infections', 'Parasites', 'Digestive Issues', 'Mobility Problems']",3.0,False,True,True,Histiocytoma present on young dog; monitor for spontaneous regression.,0.5995219349861145
"My rabbit is leaving large, soft, uneaten cecotropes around.",Digestive Issues,,Digestive Issues,"['Digestive Issues', 'Parasites', 'Parasites', 'Mobility Problems', 'Digestive Issues']",1.0,True,True,True,"Rabbit presents with anorexia and decreased fecal output x 36 hrs. Abdomen slightly distended, doughy cecum palpated. Suspect GI stasis.",0.6325767636299133
My puppy ate some mushrooms in the yard and is now vomiting.,Digestive Issues,,Digestive Issues,"['Digestive Issues', 'Digestive Issues', 'Ear Infections', 'Digestive Issues', 'Digestive Issues']",1.0,True,True,True,Vomiting post-meal; test for food intolerance.,0.6435514092445374
My cat scratches herself raw around the collar area.,Skin Irritations,,Skin Irritations,"['Skin Irritations', 'Skin Irritations', 'Skin Irritations', 'Skin Irritations', 'Skin Irritations']",1.0,True,True,True,"Skin fragility syndrome in older cat; handle gently, check for underlying conditions (hyperadrenocorticism, diabetes).",0.6083890795707703
My dog has developed a head tilt.,Mobility Problems,,Skin Irritations,"['Skin Irritations', 'Ear Infections', 'Ear Infections', 'Skin Irritations', 'Mobility Problems']",5.0,False,False,True,Psychogenic alopecia diagnosed in feline patient; behavioral modification and medication discussed.,0.6792194843292236
Puppy fecal exam positive for both roundworms and hookworms.,Parasites,,Parasites,"['Parasites', 'Parasites', 'Parasites', 'Parasites', 'Parasites']",1.0,True,True,True,Fecal flotation positive for Toxocara canis (roundworm) eggs.,0.7498751282691956
My cat has flaky skin that seems to move when you watch it closely.,Parasites,,Skin Irritations,"['Skin Irritations', 'Skin Irritations', 'Skin Irritations', 'Skin Irritations', 'Mobility Problems']",,False,False,False,"Skin fragility syndrome noted in older cat; handle with care, check for hyperadrenocorticism.",0.7121099233627319
My small dog has Legg-Calve-Perthes causing hip pain.,Mobility Problems,,Mobility Problems,"['Mobility Problems', 'Mobility Problems', 'Skin Irritations', 'Parasites', 'Digestive Issues']",1.0,True,True,True,Legg-Calve-Perthes condition (avascular necrosis of femoral head) suspected in young small breed dog.,0.6855006814002991
My rabbit stopped eating his pellets and cecotropes are sticking to his fur.,Digestive Issues,,Mobility Problems,"['Mobility Problems', 'Digestive Issues', 'Parasites', 'Skin Irritations', 'Parasites']",2.0,False,True,True,"Rabbit presents with head tilt, nystagmus, hind limb paresis. Serology for E. cuniculi recommended. Start fenbendazole empirically.",0.6248636245727539
Rabbit has lost bladder/bowel control.,Mobility Problems,,Digestive Issues,"['Digestive Issues', 'Mobility Problems', 'Digestive Issues', 'Digestive Issues', 'Parasites']",2.0,False,True,True,"Rabbit presents with anorexia and decreased fecal output x 36 hrs. Abdomen slightly distended, doughy cecum palpated. Suspect GI stasis.",0.708563506603241
Guinea pig has hair loss on its nose.,Skin Irritations,,Mobility Problems,"['Mobility Problems', 'Skin Irritations', 'Skin Irritations', 'Parasites', 'Skin Irritations']",2.0,False,True,True,Suspect vitamin C deficiency (scurvy) in guinea pig with lameness/reluctance to move; supplement vitamin C.,0.5799885988235474
"Cat keeps gagging like she has a hairball, but nothing comes out.",Digestive Issues,,Skin Irritations,"['Skin Irritations', 'Ear Infections', 'Mobility Problems', 'Skin Irritations', 'Mobility Problems']",,False,False,False,"Skin fragility syndrome noted in older cat; handle with care, check for hyperadrenocorticism.",0.5183414220809937
My dog had ear canal ablation surgery due to end-stage condition.,Ear Infections,,Ear Infections,"['Ear Infections', 'Ear Infections', 'Ear Infections', 'Digestive Issues', 'Ear Infections']",1.0,True,True,True,Patient is candidate for Total Ear Canal Ablation and Bulla Osteotomy (TECA-BO) due to end-stage otitis.,0.7199645042419434
"Dog has hair loss on the tail, looks like a 'rat tail'.",Skin Irritations,,Skin Irritations,"['Skin Irritations', 'Skin Irritations', 'Digestive Issues', 'Skin Irritations', 'Skin Irritations']",1.0,True,True,True,Canine recurrent flank alopecia noted; seasonal pattern.,0.6366114616394043
My cat has chronic diarrhea that responds temporarily to antibiotics.,Digestive Issues,,Digestive Issues,"['Digestive Issues', 'Parasites', 'Digestive Issues', 'Digestive Issues', 'Digestive Issues']",1.0,True,True,True,Dysbiosis likely contributing to chronic diarrhea.,0.6562634706497192
Kitten's fecal test showed hookworm eggs.,Parasites,,Parasites,"['Parasites', 'Parasites', 'Parasites', 'Parasites', 'Parasites']",1.0,True,True,True,Hookworm eggs in stool; prescribe fenbendazole.,0.7235208749771118
"My cat has chronic diarrhea, improves with antibiotics but returns.",Digestive Issues,,Digestive Issues,"['Digestive Issues', 'Ear Infections', 'Digestive Issues', 'Digestive Issues', 'Digestive Issues']",1.0,True,True,True,Dysbiosis likely contributing to chronic diarrhea.,0.642146110534668
My puppy has what looks like acne on his belly.,Skin Irritations,,Skin Irritations,"['Skin Irritations', 'Skin Irritations', 'Skin Irritations', 'Skin Irritations', 'Skin Irritations']",1.0,True,True,True,Feline acne present on chin; comedones and secondary infection noted.,0.7100001573562622
My dog has Wobbler syndrome.,Mobility Problems,,Mobility Problems,"['Mobility Problems', 'Mobility Problems', 'Digestive Issues', 'Digestive Issues', 'Mobility Problems']",1.0,True,True,True,Wobbler syndrome (cervical spondylomyelopathy) suspected in large breed dog with neck pain and gait abnormalities.,0.7525745630264282
Guinea pig is frantically scratching and seems distressed.,Parasites,,Skin Irritations,"['Skin Irritations', 'Digestive Issues', 'Skin Irritations', 'Mobility Problems', 'Skin Irritations']",,False,False,False,Skin fragility noted; test for FIV/FeLV in feline patient.,0.5883845090866089
Rabbit is tilting its head and seems off balance.,Mobility Problems,,Mobility Problems,"['Mobility Problems', 'Digestive Issues', 'Parasites', 'Mobility Problems', 'Digestive Issues']",1.0,True,True,True,"Rabbit presents with head tilt, nystagmus, hind limb paresis. Serology for E. cuniculi recommended. Start fenbendazole empirically.",0.707697868347168
"The fur on my cat's tail base is thinning, and the skin looks irritated.",Skin Irritations,,Skin Irritations,"['Skin Irritations', 'Skin Irritations', 'Skin Irritations', 'Skin Irritations', 'Skin Irritations']",1.0,True,True,True,"Skin fragility syndrome noted in older cat; handle with care, check for hyperadrenocorticism.",0.6879191398620605
Cat meows loudly if I accidentally brush against her lower back.,Mobility Problems,,Skin Irritations,"['Skin Irritations', 'Skin Irritations', 'Ear Infections', 'Digestive Issues', 'Skin Irritations']",,False,False,False,"Skin fragility syndrome noted in older cat; handle with care, check for hyperadrenocorticism.",0.600521981716156
My dog has developed skin tags all over his body.,Skin Irritations,,Skin Irritations,"['Skin Irritations', 'Skin Irritations', 'Skin Irritations', 'Skin Irritations', 'Skin Irritations']",1.0,True,True,True,Educate owner on recognizing early signs of skin infection.,0.6802988648414612
My dog has myasthenia gravis causing weakness.,Mobility Problems,,Ear Infections,"['Ear Infections', 'Mobility Problems', 'Mobility Problems', 'Digestive Issues', 'Mobility Problems']",2.0,False,True,True,Dog has a Malassezia (yeast) overgrowth causing otitis.,0.6476889848709106
"Dog is chewing his hindquarters raw, right above the tail.",Skin Irritations,,Ear Infections,"['Ear Infections', 'Skin Irritations', 'Digestive Issues', 'Mobility Problems', 'Skin Irritations']",2.0,False,True,True,Dog has a Malassezia (yeast) overgrowth causing otitis.,0.561413049697876
"Dog has hearing loss in one ear due to chronic, untreated infections.",Ear Infections,,Ear Infections,"['Ear Infections', 'Ear Infections', 'Ear Infections', 'Ear Infections', 'Ear Infections']",1.0,True,True,True,Chronic ear infection; rule out hypothyroidism.,0.6820210218429565
"Guinea pig has white, dust-like particles in its fur.",Parasites,,Parasites,"['Parasites', 'Mobility Problems', 'Parasites', 'Skin Irritations', 'Skin Irritations']",1.0,True,True,True,Ticks embedded in fur; remove and treat.,0.5809333324432373
"My dog's stomach is making loud gurgling noises, and he seems uncomfortable.",Digestive Issues,,Digestive Issues,"['Digestive Issues', 'Digestive Issues', 'Ear Infections', 'Digestive Issues', 'Digestive Issues']",1.0,True,True,True,"Constipated feline; administer Miralax/lactulose and recommend increasing water intake (wet food, fountain).",0.6358146667480469
My dog shakes his head mostly right after he gets up from sleeping.,Ear Infections,,Ear Infections,"['Ear Infections', 'Ear Infections', 'Skin Irritations', 'Digestive Issues', 'Ear Infections']",1.0,True,True,True,Referral to veterinary neurologist recommended due to central neurological signs.,0.5872451066970825
Cat has neurological signs attributed to a middle ear infection.,Ear Infections,,Ear Infections,"['Ear Infections', 'Ear Infections', 'Ear Infections', 'Ear Infections', 'Parasites']",1.0,True,True,True,Referral to veterinary neurologist recommended due to central neurological signs.,0.6832553148269653
"Puppy has a dull, rough coat and seems underweight.",Parasites,,Skin Irritations,"['Skin Irritations', 'Skin Irritations', 'Skin Irritations', 'Digestive Issues', 'Digestive Issues']",,False,False,False,Color dilution alopecia suspected in blue-coated dog with poor coat quality and folliculitis.,0.6565970182418823
Dog has a bad smell from his skin folds.,Skin Irritations,,Digestive Issues,"['Digestive Issues', 'Skin Irritations', 'Ear Infections', 'Parasites', 'Skin Irritations']",2.0,False,True,True,Stool soft and odorous; test for malabsorption.,0.6494187712669373
Rabbit is reluctant to move.,Ear Infections,,Mobility Problems,"['Mobility Problems', 'Digestive Issues', 'Parasites', 'Digestive Issues', 'Mobility Problems']",,False,False,False,"Rabbit presents with head tilt, nystagmus, hind limb paresis. Serology for E. cuniculi recommended. Start fenbendazole empirically.",0.6412860155105591
"Puppy vomited his dinner whole, hours after eating.",Digestive Issues,,Digestive Issues,"['Digestive Issues', 'Digestive Issues', 'Digestive Issues', 'Ear Infections', 'Digestive Issues']",1.0,True,True,True,Vomiting post-meal; test for food intolerance.,0.7091171741485596
My cat is drooling a lot and seems to have trouble swallowing.,Digestive Issues,,Digestive Issues,"['Digestive Issues', 'Skin Irritations', 'Ear Infections', 'Digestive Issues', 'Skin Irritations']",1.0,True,True,True,Hyperthyroidism diagnosed in older cat with weight loss and vomiting.,0.6690168380737305
"Ferret has very dry, flaky skin all over.",Skin Irritations,,Skin Irritations,"['Skin Irritations', 'Skin Irritations', 'Skin Irritations', 'Skin Irritations', 'Skin Irritations']",1.0,True,True,True,Skin fragility noted; test for FIV/FeLV in feline patient.,0.6495832204818726
Rabbit fecal shows pinworm eggs (Passalurus ambiguus).,Parasites,,Mobility Problems,"['Mobility Problems', 'Parasites', 'Parasites', 'Parasites', 'Parasites']",2.0,False,True,True,"Rabbit presents with head tilt, nystagmus, hind limb paresis. Serology for E. cuniculi recommended. Start fenbendazole empirically.",0.6567310690879822
"Cat suddenly lost use of her back legs, they feel cold.",Mobility Problems,,Digestive Issues,"['Digestive Issues', 'Mobility Problems', 'Skin Irritations', 'Mobility Problems', 'Skin Irritations']",2.0,False,True,True,Hyperthyroidism diagnosed in older cat with weight loss and vomiting.,0.6322649121284485
Puppy is underweight for his breed and has chronic loose stool.,Digestive Issues,,Digestive Issues,"['Digestive Issues', 'Ear Infections', 'Digestive Issues', 'Digestive Issues', 'Skin Irritations']",1.0,True,True,True,"Rabbit presents with anorexia and decreased fecal output x 36 hrs. Abdomen slightly distended, doughy cecum palpated. Suspect GI stasis.",0.651817262172699
Dog gets intensely itchy and breaks out in hives after just one flea bite.,Parasites,,Parasites,"['Parasites', 'Skin Irritations', 'Skin Irritations', 'Ear Infections', 'Digestive Issues']",1.0,True,True,True,Dog presented with severe flea infestation and secondary anemia (PCV 22%).,0.6755998730659485
My puppy whines and pulls away when I try to touch his ears.,Ear Infections,,Ear Infections,"['Ear Infections', 'Ear Infections', 'Skin Irritations', 'Skin Irritations', 'Ear Infections']",1.0,True,True,True,Demonstrate ear cleaning technique to owner.,0.6129440069198608
"Cat shakes her head a lot and there's dark, crumbly stuff in her ears.",Parasites,,Skin Irritations,"['Skin Irritations', 'Skin Irritations', 'Ear Infections', 'Ear Infections', 'Ear Infections']",,False,False,False,Excoriations around ears and neck; check for ear mites and fleas.,0.6333695650100708
My rabbit has thick white crusts inside its ears.,Parasites,,Ear Infections,"['Ear Infections', 'Parasites', 'Ear Infections', 'Ear Infections', 'Skin Irritations']",2.0,False,True,True,Psoroptes cuniculi (ear mites) in rabbit causing severe crusting and inflammation.,0.7077370882034302
My puppy was dewormed but still has occasional diarrhea.,Parasites,,Digestive Issues,"['Digestive Issues', 'Parasites', 'Parasites', 'Parasites', 'Digestive Issues']",2.0,False,True,True,Recheck fecal exam after deworming treatment.,0.7466493844985962
"My dog has developed skin tags, especially on his chest and legs.",Skin Irritations,,Skin Irritations,"['Skin Irritations', 'Skin Irritations', 'Skin Irritations', 'Skin Irritations', 'Skin Irritations']",1.0,True,True,True,Educate owner on recognizing early signs of skin infection.,0.6714752912521362
My dog has developed a growth on his eyelid margin.,Skin Irritations,,Ear Infections,"['Ear Infections', 'Skin Irritations', 'Skin Irritations', 'Skin Irritations', 'Digestive Issues']",2.0,False,True,True,Dog has a Malassezia (yeast) overgrowth causing otitis.,0.712204098701477
Found things that look like dried rice stuck near my dog's butt.,Parasites,,Skin Irritations,"['Skin Irritations', 'Skin Irritations', 'Ear Infections', 'Parasites', 'Digestive Issues']",4.0,False,False,True,Eosinophilic plaque identified on feline abdomen; consider allergy vs. parasitic cause. Cytology performed.,0.6033279895782471
"Cat has a poor appetite, which might be due to chronic joint pain.",Mobility Problems,,Digestive Issues,"['Digestive Issues', 'Digestive Issues', 'Skin Irritations', 'Skin Irritations', 'Digestive Issues']",,False,False,False,"Chronic intermittent vomiting in feline; consider IBD, food allergy, lymphoma.",0.6386102437973022
"My cat vomits clear or white foam, usually in the morning.",Digestive Issues,,Digestive Issues,"['Digestive Issues', 'Digestive Issues', 'Digestive Issues', 'Ear Infections', 'Ear Infections']",1.0,True,True,True,Hyperthyroidism diagnosed in older cat with weight loss and vomiting.,0.616093635559082
"Cat finally coughed up a huge, dense hairball.",Digestive Issues,,Digestive Issues,"['Digestive Issues', 'Ear Infections', 'Digestive Issues', 'Skin Irritations', 'Ear Infections']",1.0,True,True,True,Hyperthyroidism diagnosed in older cat with weight loss and vomiting.,0.6127709150314331
My cat has dandruff-like flakes all over her black fur.,Skin Irritations,,Skin Irritations,"['Skin Irritations', 'Skin Irritations', 'Skin Irritations', 'Parasites', 'Skin Irritations']",1.0,True,True,True,"Skin fragility syndrome noted in older cat; handle with care, check for hyperadrenocorticism.",0.6417542695999146
My cat vomited something that looked like a grain of rice.,Parasites,,Digestive Issues,"['Digestive Issues', 'Digestive Issues', 'Digestive Issues', 'Digestive Issues', 'Digestive Issues']",,False,False,False,Hyperthyroidism diagnosed in older cat with weight loss and vomiting.,0.6431125402450562
"My cat vomits white foam occasionally, unrelated to meals.",Digestive Issues,,Digestive Issues,"['Digestive Issues', 'Digestive Issues', 'Digestive Issues', 'Digestive Issues', 'Digestive Issues']",1.0,True,True,True,Vomiting post-meal; test for food intolerance.,0.6467844247817993
My dog's ear infection spread to the other ear.,Ear Infections,,Ear Infections,"['Ear Infections', 'Ear Infections', 'Ear Infections', 'Ear Infections', 'Ear Infections']",1.0,True,True,True,Yeast and bacteria in ear; prescribe dual therapy.,0.6944679617881775
"Rabbit isn't using its litter box, just staying in one spot.",Mobility Problems,,Parasites,"['Parasites', 'Digestive Issues', 'Mobility Problems', 'Mobility Problems', 'Ear Infections']",3.0,False,True,True,Ensure rabbit environment is clean to prevent flystrike.,0.6119062900543213
My cat started shaking her head right after coming back from the groomer.,Ear Infections,,Skin Irritations,"['Skin Irritations', 'Skin Irritations', 'Skin Irritations', 'Digestive Issues', 'Skin Irritations']",,False,False,False,"Skin fragility syndrome noted in older cat; handle with care, check for hyperadrenocorticism.",0.5989713072776794
"My ferret is grinding its teeth and has dark, tarry stools.",Digestive Issues,,Digestive Issues,"['Digestive Issues', 'Digestive Issues', 'Digestive Issues', 'Digestive Issues', 'Ear Infections']",1.0,True,True,True,"Rabbit presents with anorexia and decreased fecal output x 36 hrs. Abdomen slightly distended, doughy cecum palpated. Suspect GI stasis.",0.6074860692024231
Rabbit struggles and seems painful when I try to pick it up.,Mobility Problems,,Mobility Problems,"['Mobility Problems', 'Digestive Issues', 'Parasites', 'Digestive Issues', 'Parasites']",1.0,True,True,True,"Rabbit presents with head tilt, nystagmus, hind limb paresis. Serology for E. cuniculi recommended. Start fenbendazole empirically.",0.6670703291893005
"Puppy has small, pus-filled bumps on his belly and groin.",Skin Irritations,,Skin Irritations,"['Skin Irritations', 'Skin Irritations', 'Skin Irritations', 'Skin Irritations', 'Parasites']",1.0,True,True,True,Eosinophilic plaque identified on feline abdomen; consider allergy vs. parasitic cause. Cytology performed.,0.6376833915710449
Rabbit's belly feels hard and distended.,Digestive Issues,,Digestive Issues,"['Digestive Issues', 'Mobility Problems', 'Digestive Issues', 'Ear Infections', 'Digestive Issues']",1.0,True,True,True,"Rabbit presents with anorexia and decreased fecal output x 36 hrs. Abdomen slightly distended, doughy cecum palpated. Suspect GI stasis.",0.7289274334907532
Dog's ear canal bleeds when I try to clean it gently.,Ear Infections,,Ear Infections,"['Ear Infections', 'Ear Infections', 'Skin Irritations', 'Ear Infections', 'Parasites']",1.0,True,True,True,Flush ears gently under sedation due to pain and debris.,0.6676245927810669
"My cat's ears have a really strong, yeasty smell.",Ear Infections,,Ear Infections,"['Ear Infections', 'Ear Infections', 'Ear Infections', 'Ear Infections', 'Skin Irritations']",1.0,True,True,True,Yeast otitis with odor; clean and apply clotrimazole.,0.6736664772033691
Cat flinches and tensees up when I touch her belly.,Digestive Issues,,Skin Irritations,"['Skin Irritations', 'Skin Irritations', 'Digestive Issues', 'Skin Irritations', 'Skin Irritations']",3.0,False,True,True,"Skin fragility syndrome noted in older cat; handle with care, check for hyperadrenocorticism.",0.6348389387130737
My dog slipped a disc and needs crate rest.,Mobility Problems,,Digestive Issues,"['Digestive Issues', 'Mobility Problems', 'Mobility Problems', 'Parasites', 'Mobility Problems']",2.0,False,True,True,Stool culture pending; start supportive care.,0.6028572916984558
My dog's hips make a popping sound when he walks.,Mobility Problems,,Mobility Problems,"['Mobility Problems', 'Mobility Problems', 'Mobility Problems', 'Digestive Issues', 'Ear Infections']",1.0,True,True,True,"Observe gait at walk and trot, assess for head bob (forelimb) or hip hike (hindlimb).",0.6048993468284607
My rabbit's ear is drooping.,Ear Infections,,Ear Infections,"['Ear Infections', 'Ear Infections', 'Mobility Problems', 'Ear Infections', 'Ear Infections']",1.0,True,True,True,Psoroptes cuniculi (ear mites) in rabbit causing severe crusting and inflammation.,0.6710648536682129
Puppy's ears feel warmer than the rest of his body.,Ear Infections,,Ear Infections,"['Ear Infections', 'Skin Irritations', 'Ear Infections', 'Ear Infections', 'Ear Infections']",1.0,True,True,True,Video demonstration of ear cleaning provided to owner.,0.6152796745300293
My dog won't stop shaking his head and flapping his ears.,Ear Infections,,Mobility Problems,"['Mobility Problems', 'Skin Irritations', 'Ear Infections', 'Skin Irritations', 'Skin Irritations']",3.0,False,True,True,Educate owner on signs of worsening neurological function.,0.5942481756210327
Cat no longer jumps up onto counters or windowsills.,Mobility Problems,,Digestive Issues,"['Digestive Issues', 'Digestive Issues', 'Skin Irritations', 'Digestive Issues', 'Skin Irritations']",,False,False,False,Hyperthyroidism diagnosed in older cat with weight loss and vomiting.,0.5475559234619141
My rabbit is producing 'string of pearls' feces (hair linked together).,Digestive Issues,,Digestive Issues,"['Digestive Issues', 'Parasites', 'Mobility Problems', 'Skin Irritations', 'Digestive Issues']",1.0,True,True,True,"Rabbit presents with anorexia and decreased fecal output x 36 hrs. Abdomen slightly distended, doughy cecum palpated. Suspect GI stasis.",0.6162357330322266
My ferret seems lethargic because of the ear issue.,Ear Infections,,Skin Irritations,"['Skin Irritations', 'Ear Infections', 'Skin Irritations', 'Skin Irritations', 'Digestive Issues']",2.0,False,True,True,Excoriations around ears and neck; check for ear mites and fleas.,0.6230567097663879
My puppy might have a foxtail or grass seed stuck down in his ear.,Ear Infections,,Skin Irritations,"['Skin Irritations', 'Ear Infections', 'Ear Infections', 'Skin Irritations', 'Ear Infections']",2.0,False,True,True,Excoriations around ears and neck; check for ear mites and fleas.,0.658880889415741
My ferret has scabs around its neck and shoulders.,Skin Irritations,,Skin Irritations,"['Skin Irritations', 'Skin Irritations', 'Skin Irritations', 'Parasites', 'Skin Irritations']",1.0,True,True,True,Excoriations around ears and neck; check for ear mites and fleas.,0.6344953179359436
My dog's back seems hunched or arched.,Mobility Problems,,Skin Irritations,"['Skin Irritations', 'Ear Infections', 'Skin Irritations', 'Skin Irritations', 'Skin Irritations']",,False,False,False,Canine recurrent flank alopecia noted; seasonal pattern.,0.658735990524292
My dog has a sudden inability to walk (paralysis).,Mobility Problems,,Ear Infections,"['Ear Infections', 'Digestive Issues', 'Mobility Problems', 'Ear Infections', 'Mobility Problems']",3.0,False,True,True,Referral to veterinary neurologist recommended due to central neurological signs.,0.6373099088668823
"Rabbit seems depressed and isn't eating much, maybe pain related.",Mobility Problems,,Digestive Issues,"['Digestive Issues', 'Mobility Problems', 'Digestive Issues', 'Digestive Issues', 'Ear Infections']",2.0,False,True,True,"Rabbit presents with anorexia and decreased fecal output x 36 hrs. Abdomen slightly distended, doughy cecum palpated. Suspect GI stasis.",0.7169063091278076
My dog avoids the hardwood floors and prefers rugs.,Mobility Problems,,Digestive Issues,"['Digestive Issues', 'Mobility Problems', 'Mobility Problems', 'Skin Irritations', 'Skin Irritations']",2.0,False,True,True,Advise slow transition when changing pet foods.,0.592208206653595
Puppy has Demodex mites causing localized hair loss.,Parasites,,Parasites,"['Parasites', 'Parasites', 'Parasites', 'Skin Irritations', 'Skin Irritations']",1.0,True,True,True,Deep skin scrape positive for Demodex canis mites.,0.6659377813339233
Cat has suddenly become very picky about food.,Digestive Issues,,Digestive Issues,"['Digestive Issues', 'Digestive Issues', 'Ear Infections', 'Skin Irritations', 'Digestive Issues']",1.0,True,True,True,Hyperthyroidism diagnosed in older cat with weight loss and vomiting.,0.6524191498756409
My dog has a decreased appetite and seems generally unwell.,Digestive Issues,,Digestive Issues,"['Digestive Issues', 'Digestive Issues', 'Digestive Issues', 'Digestive Issues', 'Digestive Issues']",1.0,True,True,True,"Rabbit presents with anorexia and decreased fecal output x 36 hrs. Abdomen slightly distended, doughy cecum palpated. Suspect GI stasis.",0.7008159160614014
My cat has tapeworm segments appearing intermittently.,Parasites,,Parasites,"['Parasites', 'Parasites', 'Parasites', 'Parasites', 'Parasites']",1.0,True,True,True,Tapeworm segments (Dipylidium caninum) observed on perineum; associated with flea infestation.,0.6577900648117065
"My dog pants excessively, even when resting.",Mobility Problems,,Ear Infections,"['Ear Infections', 'Mobility Problems', 'Digestive Issues', 'Digestive Issues', 'Skin Irritations']",2.0,False,True,True,Dog has a Malassezia (yeast) overgrowth causing otitis.,0.646026074886322
My dog's tail has become completely bald (rat tail).,Skin Irritations,,Skin Irritations,"['Skin Irritations', 'Ear Infections', 'Skin Irritations', 'Skin Irritations', 'Skin Irritations']",1.0,True,True,True,Alopecia and redness on tail; rule out psychogenic causes.,0.6412895917892456
"Noticed a small, wart-like growth on my dog's eyelid.",Skin Irritations,,Skin Irritations,"['Skin Irritations', 'Ear Infections', 'Skin Irritations', 'Skin Irritations', 'Skin Irritations']",1.0,True,True,True,"Histiocytoma observed on young dog's limb; typically benign, monitor for regression.",0.6540209054946899
My dog's nose leather is cracked and dry.,Skin Irritations,,Ear Infections,"['Ear Infections', 'Skin Irritations', 'Skin Irritations', 'Parasites', 'Skin Irritations']",2.0,False,True,True,Recommend ear drying solution after swimming or bathing for predisposed dogs.,0.6446446180343628
"Kitten is sneezing frequently, could it be a nasal parasite?",Parasites,,Ear Infections,"['Ear Infections', 'Parasites', 'Parasites', 'Ear Infections', 'Parasites']",2.0,False,True,True,Consider nasopharyngeal polyp in young cats with upper respiratory or ear signs.,0.6119985580444336
My cat is walking with her head tilted sharply to the right.,Ear Infections,,Mobility Problems,"['Mobility Problems', 'Digestive Issues', 'Mobility Problems', 'Skin Irritations', 'Skin Irritations']",,False,False,False,"Gait analysis performed: observe walk, trot, turning, stairs.",0.643021821975708
Cat growls or hisses when I try to pet her lower back or hips.,Mobility Problems,,Skin Irritations,"['Skin Irritations', 'Skin Irritations', 'Ear Infections', 'Parasites', 'Digestive Issues']",,False,False,False,"Skin fragility syndrome in older cat; handle gently, check for underlying conditions (hyperadrenocorticism, diabetes).",0.6037107706069946
Ferret has lost almost all the hair on its tail.,Skin Irritations,,Skin Irritations,"['Skin Irritations', 'Skin Irritations', 'Parasites', 'Mobility Problems', 'Skin Irritations']",1.0,True,True,True,Excoriations on tail; rule out flea hypersensitivity.,0.5734556913375854
Puppy vomited a piece of a toy.,Digestive Issues,,Digestive Issues,"['Digestive Issues', 'Digestive Issues', 'Digestive Issues', 'Digestive Issues', 'Ear Infections']",1.0,True,True,True,Vomiting post-meal; test for food intolerance.,0.6266387701034546
My rabbit’s hind legs shake when hopping.,Mobility Problems,,Mobility Problems,"['Mobility Problems', 'Digestive Issues', 'Digestive Issues', 'Parasites', 'Mobility Problems']",1.0,True,True,True,"Rabbit presents with head tilt, nystagmus, hind limb paresis. Serology for E. cuniculi recommended. Start fenbendazole empirically.",0.6205642819404602
My rabbit is producing fecal pellets linked by strands of hair.,Digestive Issues,,Digestive Issues,"['Digestive Issues', 'Mobility Problems', 'Parasites', 'Digestive Issues', 'Parasites']",1.0,True,True,True,"Rabbit presents with anorexia and decreased fecal output x 36 hrs. Abdomen slightly distended, doughy cecum palpated. Suspect GI stasis.",0.6646519303321838
"My rabbit is stretching out frequently, looks uncomfortable.",Digestive Issues,,Digestive Issues,"['Digestive Issues', 'Mobility Problems', 'Digestive Issues', 'Parasites', 'Parasites']",1.0,True,True,True,"Rabbit presents with anorexia and decreased fecal output x 36 hrs. Abdomen slightly distended, doughy cecum palpated. Suspect GI stasis.",0.6909653544425964
"Dog has red bumps all over his belly, and I found black 'dirt' that smears red.",Parasites,,Skin Irritations,"['Skin Irritations', 'Skin Irritations', 'Digestive Issues', 'Parasites', 'Parasites']",4.0,False,False,True,Eosinophilic plaque identified on feline abdomen; consider allergy vs. parasitic cause. Cytology performed.,0.6378116607666016
Rabbit has crusting and hair loss around the ear base.,Ear Infections,,Ear Infections,"['Ear Infections', 'Ear Infections', 'Mobility Problems', 'Skin Irritations', 'Parasites']",1.0,True,True,True,Psoroptes cuniculi (ear mites) in rabbit causing severe crusting and inflammation.,0.7042335271835327
Cat has vestibular signs that started suddenly.,Ear Infections,,Ear Infections,"['Ear Infections', 'Ear Infections', 'Ear Infections', 'Ear Infections', 'Digestive Issues']",1.0,True,True,True,"Vestibular signs (nystagmus, ataxia, head tilt) present; rule out otitis interna vs. central causes.",0.651584804058075
My cat has resistant ear mites.,Parasites,,Parasites,"['Parasites', 'Ear Infections', 'Skin Irritations', 'Parasites', 'Parasites']",1.0,True,True,True,Ear mites in canal; clean and apply selamectin.,0.7068338990211487
My puppy has floppy ears that don't get much air circulation.,Ear Infections,,Ear Infections,"['Ear Infections', 'Skin Irritations', 'Ear Infections', 'Skin Irritations', 'Ear Infections']",1.0,True,True,True,Recommend ear drying solution after swimming or bathing for predisposed dogs.,0.6437734365463257
My dog has allergies and gets ear infections frequently.,Ear Infections,,Ear Infections,"['Ear Infections', 'Ear Infections', 'Skin Irritations', 'Ear Infections', 'Ear Infections']",1.0,True,True,True,Yeast and bacteria in ear; prescribe dual therapy.,0.6761329174041748
My guinea pig’s ears have dark wax and smell bad.,Ear Infections,,Skin Irritations,"['Skin Irritations', 'Skin Irritations', 'Skin Irritations', 'Ear Infections', 'Ear Infections']",4.0,False,False,True,Excoriations around ears and neck; check for ear mites and fleas.,0.6441598534584045
My dog has Lyme arthritis causing lameness that shifts legs.,Mobility Problems,,Mobility Problems,"['Mobility Problems', 'Mobility Problems', 'Mobility Problems', 'Mobility Problems', 'Mobility Problems']",1.0,True,True,True,"Panosteitis suspected in young, large breed dog with shifting leg lameness and long bone pain on palpation.",0.6944738030433655
"My Doberman has Wobbler's, causing a clumsy gait.",Mobility Problems,,Mobility Problems,"['Mobility Problems', 'Ear Infections', 'Digestive Issues', 'Mobility Problems', 'Skin Irritations']",1.0,True,True,True,Wobbler syndrome (cervical spondylomyelopathy) suspected in large breed dog with neck pain and gait abnormalities.,0.6793323755264282
"My dog had an infection in one ear, now the other one seems affected too.",Ear Infections,,Ear Infections,"['Ear Infections', 'Parasites', 'Ear Infections', 'Ear Infections', 'Skin Irritations']",1.0,True,True,True,Yeast and bacteria in ear; prescribe dual therapy.,0.6986986398696899
"My ferret is lethargic and passing dark, sticky feces.",Digestive Issues,,Digestive Issues,"['Digestive Issues', 'Digestive Issues', 'Skin Irritations', 'Digestive Issues', 'Digestive Issues']",1.0,True,True,True,Vomiting and lethargy; check for intoxication.,0.6412332653999329
"My cat hunts mice, should I be worried about worms?",Parasites,,Parasites,"['Parasites', 'Parasites', 'Skin Irritations', 'Skin Irritations', 'Parasites']",1.0,True,True,True,Discuss importance of treating all pets in household for fleas/mites.,0.536505937576294
My dog has heartworm condition and needs treatment.,Parasites,,Parasites,"['Parasites', 'Parasites', 'Parasites', 'Parasites', 'Parasites']",1.0,True,True,True,Provide handout on heartworm condition.,0.7825738191604614
My puppy's ears need regular cleaning to prevent issues.,Ear Infections,,Skin Irritations,"['Skin Irritations', 'Ear Infections', 'Ear Infections', 'Ear Infections', 'Ear Infections']",2.0,False,True,True,Recommend regular ear cleaning with appropriate solution.,0.7683422565460205
My cat has inflammation deep in the ear canal.,Ear Infections,,Ear Infections,"['Ear Infections', 'Parasites', 'Ear Infections', 'Ear Infections', 'Ear Infections']",1.0,True,True,True,Nasopharyngeal polyp visualized extending into external ear canal in young cat.,0.7179569602012634
My bird is plucking its own feathers out.,Parasites,,Skin Irritations,"['Skin Irritations', 'Ear Infections', 'Parasites', 'Parasites', 'Ear Infections']",3.0,False,True,True,Excoriations on tail; rule out flea hypersensitivity.,0.5799486637115479
Rabbit has Passalurus ambiguus (pinworms).,Parasites,,Mobility Problems,"['Mobility Problems', 'Ear Infections', 'Ear Infections', 'Mobility Problems', 'Parasites']",5.0,False,False,True,"Rabbit presents with head tilt, nystagmus, hind limb paresis. Serology for E. cuniculi recommended. Start fenbendazole empirically.",0.6761285066604614
My indoor-only cat somehow got fleas.,Parasites,,Parasites,"['Parasites', 'Parasites', 'Parasites', 'Parasites', 'Parasites']",1.0,True,True,True,"Recommend environmental flea treatment (vacuuming, washing bedding, premise spray).",0.6558510065078735
"My cat has intermittent constipation, goes several days without defecating.",Digestive Issues,,Digestive Issues,"['Digestive Issues', 'Digestive Issues', 'Digestive Issues', 'Digestive Issues', 'Digestive Issues']",1.0,True,True,True,"Constipated feline; administer Miralax/lactulose and recommend increasing water intake (wet food, fountain).",0.6506623029708862
My dog has dandruff-like scales along his back.,Parasites,,Skin Irritations,"['Skin Irritations', 'Skin Irritations', 'Skin Irritations', 'Parasites', 'Skin Irritations']",4.0,False,False,True,Scaling and redness on back; medicated bath advised.,0.6419451236724854
My cat's skin irritation (miliary dermatitis) is caused by fleas.,Parasites,,Skin Irritations,"['Skin Irritations', 'Skin Irritations', 'Parasites', 'Skin Irritations', 'Skin Irritations']",3.0,False,True,True,Miliary dermatitis pattern observed in feline patient; consider flea allergy vs. food allergy.,0.7481507062911987
My hamster has diarrhea and a wet tail area.,Digestive Issues,,Digestive Issues,"['Digestive Issues', 'Digestive Issues', 'Digestive Issues', 'Digestive Issues', 'Skin Irritations']",1.0,True,True,True,"Wet tail in hamster; guarded prognosis, provide heat support, antibiotics, fluids.",0.722905158996582
"My dog's breath smells unusually foul, almost like sewage.",Digestive Issues,,Digestive Issues,"['Digestive Issues', 'Digestive Issues', 'Parasites', 'Ear Infections', 'Digestive Issues']",1.0,True,True,True,Stool soft and odorous; test for malabsorption.,0.6286941766738892
My dog has progressive hind limb weakness diagnosed as DM.,Mobility Problems,,Mobility Problems,"['Mobility Problems', 'Mobility Problems', 'Mobility Problems', 'Digestive Issues', 'Digestive Issues']",1.0,True,True,True,"Degenerative myelopathy suspected based on breed, age, progressive UMN signs in hind limbs; genetic testing available.",0.6607928276062012
Pet’s belly is distended and he’s lethargic.,Digestive Issues,,Digestive Issues,"['Digestive Issues', 'Digestive Issues', 'Digestive Issues', 'Digestive Issues', 'Digestive Issues']",1.0,True,True,True,"Rabbit presents with anorexia and decreased fecal output x 36 hrs. Abdomen slightly distended, doughy cecum palpated. Suspect GI stasis.",0.652420163154602
"My rabbit has thick, honey-colored crusts filling its ear canals.",Parasites,,Ear Infections,"['Ear Infections', 'Ear Infections', 'Ear Infections', 'Parasites', 'Skin Irritations']",4.0,False,False,True,Psoroptes cuniculi (ear mites) in rabbit causing severe crusting and inflammation.,0.6644574403762817
"My cat has Toxoplasma antibodies, need to discuss risks.",Parasites,,Parasites,"['Parasites', 'Parasites', 'Parasites', 'Parasites', 'Skin Irritations']",1.0,True,True,True,Toxoplasma antibody titer elevated; discuss zoonotic risk and treatment options if clinical signs present.,0.7074227929115295
My rabbit's appetite has slowly decreased over several days.,Digestive Issues,,Digestive Issues,"['Digestive Issues', 'Digestive Issues', 'Mobility Problems', 'Digestive Issues', 'Digestive Issues']",1.0,True,True,True,"Rabbit presents with anorexia and decreased fecal output x 36 hrs. Abdomen slightly distended, doughy cecum palpated. Suspect GI stasis.",0.7307769656181335
My dog injured his back (IVDD) and requires strict rest.,Mobility Problems,,Mobility Problems,"['Mobility Problems', 'Mobility Problems', 'Mobility Problems', 'Skin Irritations', 'Digestive Issues']",1.0,True,True,True,Strict cage rest prescribed for suspected acute IVDD episode.,0.6962792873382568
Ferret is scratching under its arms.,Skin Irritations,,Skin Irritations,"['Skin Irritations', 'Skin Irritations', 'Skin Irritations', 'Skin Irritations', 'Mobility Problems']",1.0,True,True,True,Skin fragility noted; test for FIV/FeLV in feline patient.,0.5762259364128113
Kitten still has diarrhea despite multiple deworming treatments.,Parasites,,Digestive Issues,"['Digestive Issues', 'Parasites', 'Parasites', 'Parasites', 'Parasites']",2.0,False,True,True,Recheck fecal exam after deworming treatment.,0.6824009418487549
"Dog coughs sometimes, vet mentioned possible heartworm or lungworm.",Parasites,,Parasites,"['Parasites', 'Digestive Issues', 'Parasites', 'Skin Irritations', 'Parasites']",1.0,True,True,True,"Lungworm (e.g., Aelurostrongylus abstrusus in cats) suspected based on respiratory signs; Baermann fecal analysis recommended.",0.6751580834388733
"Dog shivers or trembles, seems like he's in pain.",Mobility Problems,,Mobility Problems,"['Mobility Problems', 'Ear Infections', 'Mobility Problems', 'Mobility Problems', 'Ear Infections']",1.0,True,True,True,"Panosteitis suspected in young, large breed dog with shifting leg lameness and long bone pain on palpation.",0.674712598323822
Cat has arthritis secondary to previous injury.,Mobility Problems,,Skin Irritations,"['Skin Irritations', 'Skin Irritations', 'Digestive Issues', 'Mobility Problems', 'Ear Infections']",4.0,False,False,True,"Skin fragility syndrome noted in older cat; handle with care, check for hyperadrenocorticism.",0.6695247888565063
"Kitten has severe, bloody diarrhea caused by Coccidia.",Parasites,,Digestive Issues,"['Digestive Issues', 'Digestive Issues', 'Digestive Issues', 'Digestive Issues', 'Parasites']",5.0,False,False,True,Acute vomiting and diarrhea; suspect gastroenteritis.,0.6077656745910645
Cat has shown no interest in food for 24 hours.,Digestive Issues,,Digestive Issues,"['Digestive Issues', 'Digestive Issues', 'Digestive Issues', 'Digestive Issues', 'Digestive Issues']",1.0,True,True,True,"Rabbit presents with anorexia and decreased fecal output x 36 hrs. Abdomen slightly distended, doughy cecum palpated. Suspect GI stasis.",0.5855909585952759
Ferret has thinning fur overall.,Skin Irritations,,Skin Irritations,"['Skin Irritations', 'Skin Irritations', 'Skin Irritations', 'Skin Irritations', 'Skin Irritations']",1.0,True,True,True,Skin fragility noted; test for FIV/FeLV in feline patient.,0.6319288611412048
My cat seems off balance and walks in circles sometimes.,Ear Infections,,Skin Irritations,"['Skin Irritations', 'Mobility Problems', 'Digestive Issues', 'Skin Irritations', 'Digestive Issues']",,False,False,False,"Skin fragility syndrome noted in older cat; handle with care, check for hyperadrenocorticism.",0.6349472999572754
"My rabbit has soft, unformed droppings instead of normal pellets.",Digestive Issues,,Parasites,"['Parasites', 'Digestive Issues', 'Parasites', 'Mobility Problems', 'Parasites']",2.0,False,True,True,Ensure rabbit environment is clean to prevent flystrike.,0.6553744077682495
Cat shows pain when her spine is gently pressed.,Mobility Problems,,Skin Irritations,"['Skin Irritations', 'Skin Irritations', 'Mobility Problems', 'Mobility Problems', 'Mobility Problems']",3.0,False,True,True,"Skin fragility syndrome in older cat; handle gently, check for underlying conditions (hyperadrenocorticism, diabetes).",0.6473501324653625
"My rabbit's fur looks like it has dandruff, but the flakes are moving!",Parasites,,Parasites,"['Parasites', 'Mobility Problems', 'Skin Irritations', 'Parasites', 'Parasites']",1.0,True,True,True,Ensure rabbit environment is clean to prevent flystrike.,0.6342134475708008
Cat is hiding more and interacting less.,Mobility Problems,,Skin Irritations,"['Skin Irritations', 'Digestive Issues', 'Digestive Issues', 'Skin Irritations', 'Skin Irritations']",,False,False,False,"Skin fragility syndrome noted in older cat; handle with care, check for hyperadrenocorticism.",0.5701198577880859
My cat started peeing next to the litter box instead of climbing in.,Mobility Problems,,Digestive Issues,"['Digestive Issues', 'Parasites', 'Digestive Issues', 'Ear Infections', 'Parasites']",,False,False,False,Hyperthyroidism diagnosed in older cat with weight loss and vomiting.,0.5556229948997498
My cat was diagnosed with lungworm after chronic respiratory signs.,Parasites,,Parasites,"['Parasites', 'Ear Infections', 'Digestive Issues', 'Parasites', 'Digestive Issues']",1.0,True,True,True,"Lungworm (e.g., Aelurostrongylus abstrusus in cats) suspected based on respiratory signs; Baermann fecal analysis recommended.",0.7140058875083923
"Guinea pig has lice, visible as small white dots.",Parasites,,Parasites,"['Parasites', 'Parasites', 'Skin Irritations', 'Parasites', 'Parasites']",1.0,True,True,True,Lice infestation; apply topical permethrin.,0.6108417510986328
Guinea pig has dandruff that seems to be moving.,Parasites,,Mobility Problems,"['Mobility Problems', 'Mobility Problems', 'Mobility Problems', 'Skin Irritations', 'Digestive Issues']",,False,False,False,Suspect vitamin C deficiency (scurvy) in guinea pig with lameness/reluctance to move; supplement vitamin C.,0.6277251839637756
My rabbit vomited a small amount of green fluid.,Digestive Issues,,Digestive Issues,"['Digestive Issues', 'Digestive Issues', 'Digestive Issues', 'Digestive Issues', 'Parasites']",1.0,True,True,True,"Rabbit presents with anorexia and decreased fecal output x 36 hrs. Abdomen slightly distended, doughy cecum palpated. Suspect GI stasis.",0.625784158706665
Dog has swimmer's ear.,Ear Infections,,Ear Infections,"['Ear Infections', 'Ear Infections', 'Ear Infections', 'Ear Infections', 'Ear Infections']",1.0,True,True,True,Recommend ear drying solution after swimming or bathing for predisposed dogs.,0.6945980191230774
My dog gets ear infections every summer after swimming in the lake.,Ear Infections,,Ear Infections,"['Ear Infections', 'Ear Infections', 'Skin Irritations', 'Ear Infections', 'Ear Infections']",1.0,True,True,True,Recommend ear drying solution after swimming or bathing for predisposed dogs.,0.6999282836914062
Ferret has diarrhea and is dehydrated.,Digestive Issues,,Digestive Issues,"['Digestive Issues', 'Digestive Issues', 'Digestive Issues', 'Digestive Issues', 'Digestive Issues']",1.0,True,True,True,Educate owner on signs of dehydration.,0.6346749067306519
My dog has Ehrlichia from a tick.,Parasites,,Parasites,"['Parasites', 'Parasites', 'Ear Infections', 'Parasites', 'Ear Infections']",1.0,True,True,True,Amblyomma americanum tick removed; advise monitoring for signs of Ehrlichiosis.,0.6717793345451355
"My cat had ear polyps removed before, worried they are back.",Ear Infections,,Ear Infections,"['Ear Infections', 'Ear Infections', 'Ear Infections', 'Skin Irritations', 'Ear Infections']",1.0,True,True,True,Nasopharyngeal polyp visualized extending into external ear canal in young cat.,0.6788748502731323
My puppy had roundworms treated but still has diarrhea.,Parasites,,Digestive Issues,"['Digestive Issues', 'Parasites', 'Parasites', 'Digestive Issues', 'Digestive Issues']",2.0,False,True,True,Recheck fecal exam after deworming treatment.,0.6847211122512817
Found a flea on myself after petting the cat.,Parasites,,Parasites,"['Parasites', 'Parasites', 'Skin Irritations', 'Parasites', 'Parasites']",1.0,True,True,True,Flea dirt present on coat combing; Ctenocephalides felis infestation confirmed.,0.6375250816345215
My cat has sores appearing on her paw pads.,Skin Irritations,,Skin Irritations,"['Skin Irritations', 'Skin Irritations', 'Skin Irritations', 'Skin Irritations', 'Skin Irritations']",1.0,True,True,True,Plasma cell pododermatitis ('pillow foot') diagnosed in cat.,0.6796348094940186
My dog's knees look puffy and feel warm.,Mobility Problems,,Mobility Problems,"['Mobility Problems', 'Mobility Problems', 'Skin Irritations', 'Digestive Issues', 'Skin Irritations']",1.0,True,True,True,"Panosteitis suspected in young, large breed dog with shifting leg lameness and long bone pain on palpation.",0.6438561677932739
Puppy has redness and irritation around his genitals.,Skin Irritations,,Skin Irritations,"['Skin Irritations', 'Skin Irritations', 'Parasites', 'Parasites', 'Skin Irritations']",1.0,True,True,True,"Perianal irritation and scooting; express anal sacs, check for tapeworms.",0.6515365839004517
Cat has pain when her spine is palpated.,Mobility Problems,,Mobility Problems,"['Mobility Problems', 'Mobility Problems', 'Mobility Problems', 'Mobility Problems', 'Mobility Problems']",1.0,True,True,True,Pain elicited on extension of bilateral hips and palpation of lumbar spine.,0.6952517032623291
Dog has developed hives all over his body after rolling in the grass.,Skin Irritations,,Ear Infections,"['Ear Infections', 'Mobility Problems', 'Skin Irritations', 'Skin Irritations', 'Skin Irritations']",3.0,False,True,True,Dog has a Malassezia (yeast) overgrowth causing otitis.,0.6348872184753418
My dog pants heavily even when resting indoors.,Mobility Problems,,Mobility Problems,"['Mobility Problems', 'Ear Infections', 'Digestive Issues', 'Digestive Issues', 'Parasites']",1.0,True,True,True,"Panosteitis suspected in young, large breed dog with shifting leg lameness and long bone pain on palpation.",0.6279595494270325
My dog's back legs seem weak and sometimes give out.,Mobility Problems,,Digestive Issues,"['Digestive Issues', 'Mobility Problems', 'Skin Irritations', 'Ear Infections', 'Digestive Issues']",2.0,False,True,True,Advise slow transition when changing pet foods.,0.6301268339157104
Cat has diarrhea after getting into the dog's food.,Digestive Issues,,Digestive Issues,"['Digestive Issues', 'Ear Infections', 'Digestive Issues', 'Digestive Issues', 'Digestive Issues']",1.0,True,True,True,Hyperthyroidism diagnosed in older cat with weight loss and vomiting.,0.6455594301223755
Guinea pig has flaky skin and hair loss on its rump.,Skin Irritations,,Skin Irritations,"['Skin Irritations', 'Mobility Problems', 'Skin Irritations', 'Skin Irritations', 'Mobility Problems']",1.0,True,True,True,Skin fragility noted; test for FIV/FeLV in feline patient.,0.612921953201294
My guinea pig's droppings are much smaller and fewer than usual.,Digestive Issues,,Digestive Issues,"['Digestive Issues', 'Digestive Issues', 'Digestive Issues', 'Mobility Problems', 'Digestive Issues']",1.0,True,True,True,Advise slow transition when changing pet foods.,0.5912461280822754
My dog has blackheads and pimples on his muzzle.,Skin Irritations,,Skin Irritations,"['Skin Irritations', 'Skin Irritations', 'Skin Irritations', 'Skin Irritations', 'Skin Irritations']",1.0,True,True,True,Erythematous patches on muzzle; rule out autoimmune issue.,0.658689022064209
Cat has vomited multiple times in the last hour.,Digestive Issues,,Digestive Issues,"['Digestive Issues', 'Digestive Issues', 'Digestive Issues', 'Digestive Issues', 'Digestive Issues']",1.0,True,True,True,Hyperthyroidism diagnosed in older cat with weight loss and vomiting.,0.706106424331665
My rabbit has crusty sores around its nose and mouth.,Skin Irritations,,Ear Infections,"['Ear Infections', 'Ear Infections', 'Parasites', 'Skin Irritations', 'Ear Infections']",4.0,False,False,True,Psoroptes cuniculi (ear mites) in rabbit causing severe crusting and inflammation.,0.708838701248169
Guinea pig is losing weight and has diarrhea.,Digestive Issues,,Digestive Issues,"['Digestive Issues', 'Digestive Issues', 'Digestive Issues', 'Mobility Problems', 'Digestive Issues']",1.0,True,True,True,Diarrhea with weight loss; check thyroid levels.,0.6577590703964233
"My dog licks his paws raw, vet mentioned possible mites.",Parasites,,Parasites,"['Parasites', 'Parasites', 'Skin Irritations', 'Mobility Problems', 'Parasites']",1.0,True,True,True,Discuss potential for parasite transmission between household pets.,0.6160924434661865
My dog begs for food but then walks away when I offer it.,Digestive Issues,,Digestive Issues,"['Digestive Issues', 'Digestive Issues', 'Ear Infections', 'Digestive Issues', 'Digestive Issues']",1.0,True,True,True,Advise slow transition when changing pet foods.,0.6460461616516113
Cat's skin seems very thin and tears easily.,Skin Irritations,,Skin Irritations,"['Skin Irritations', 'Skin Irritations', 'Skin Irritations', 'Skin Irritations', 'Digestive Issues']",1.0,True,True,True,"Skin fragility syndrome noted in older cat; handle with care, check for hyperadrenocorticism.",0.7088363170623779
"My dog is frantically chewing at his hind end, and I see little black specks in his fur.",Parasites,,Skin Irritations,"['Skin Irritations', 'Skin Irritations', 'Skin Irritations', 'Skin Irritations', 'Skin Irritations']",,False,False,False,Skin fragility noted; test for FIV/FeLV in feline patient.,0.6164488792419434
There's yellowish pus draining from my puppy's ear.,Ear Infections,,Skin Irritations,"['Skin Irritations', 'Skin Irritations', 'Skin Irritations', 'Ear Infections', 'Ear Infections']",4.0,False,False,True,Pruritus and erythema on ears; topical therapy prescribed.,0.6802718639373779
My dog has patellar luxation (kneecap slips).,Mobility Problems,,Mobility Problems,"['Mobility Problems', 'Digestive Issues', 'Mobility Problems', 'Mobility Problems', 'Parasites']",1.0,True,True,True,Grade III/IV medial patellar luxation palpated in right stifle.,0.6368654370307922
Dog has hair loss in a pattern that follows the leash/collar line.,Skin Irritations,,Skin Irritations,"['Skin Irritations', 'Skin Irritations', 'Skin Irritations', 'Skin Irritations', 'Skin Irritations']",1.0,True,True,True,Canine recurrent flank alopecia noted; seasonal pattern.,0.716138482093811
Puppy's ears always seem damp and dirty inside.,Ear Infections,,Skin Irritations,"['Skin Irritations', 'Ear Infections', 'Skin Irritations', 'Ear Infections', 'Ear Infections']",2.0,False,True,True,Recommend regular ear cleaning with appropriate solution.,0.6486868858337402
"My dog licks his front paws incessantly, vet mentioned possible Demodex.",Parasites,,Parasites,"['Parasites', 'Parasites', 'Mobility Problems', 'Parasites', 'Parasites']",1.0,True,True,True,Demodex mites detected; start oral ivermectin.,0.6806320548057556
Cat spends most of her time sleeping in secluded spots.,Mobility Problems,,Parasites,"['Parasites', 'Parasites', 'Skin Irritations', 'Ear Infections', 'Digestive Issues']",,False,False,False,Isolate animals with Sarcoptes or highly contagious parasites from other pets.,0.49795734882354736
My dog has degenerative myelopathy (DM).,Mobility Problems,,Mobility Problems,"['Mobility Problems', 'Ear Infections', 'Digestive Issues', 'Digestive Issues', 'Skin Irritations']",1.0,True,True,True,"Degenerative myelopathy suspected based on breed, age, progressive UMN signs in hind limbs; genetic testing available.",0.6999542713165283
"My dog just seems 'off' - lethargic, poor appetite.",Digestive Issues,,Digestive Issues,"['Digestive Issues', 'Digestive Issues', 'Digestive Issues', 'Digestive Issues', 'Digestive Issues']",1.0,True,True,True,"Educate owner on recognizing signs of dehydration (lethargy, sunken eyes, tacky gums).",0.6797171831130981
Dog's skin is sensitive to touch in certain areas.,Skin Irritations,,Skin Irritations,"['Skin Irritations', 'Skin Irritations', 'Skin Irritations', 'Skin Irritations', 'Skin Irritations']",1.0,True,True,True,Skin fragility noted; test for FIV/FeLV in feline patient.,0.7013722658157349
Guinea pig hasn't produced any droppings in 24 hours.,Digestive Issues,,Skin Irritations,"['Skin Irritations', 'Digestive Issues', 'Digestive Issues', 'Digestive Issues', 'Mobility Problems']",2.0,False,True,True,No evidence of ectoparasites on thorough examination.,0.5337538719177246
"Kitten has flaky skin, like bad dandruff.",Skin Irritations,,Skin Irritations,"['Skin Irritations', 'Skin Irritations', 'Skin Irritations', 'Skin Irritations', 'Skin Irritations']",1.0,True,True,True,"Skin fragility syndrome noted in older cat; handle with care, check for hyperadrenocorticism.",0.6386719942092896
"Cat is excessively grooming her belly, making it bald.",Parasites,,Skin Irritations,"['Skin Irritations', 'Ear Infections', 'Digestive Issues', 'Ear Infections', 'Skin Irritations']",,False,False,False,Trichogram reveals damaged hair shafts consistent with excessive licking.,0.6233723163604736
My Siamese cat is developing crusty lesions on her ear tips and nose.,Skin Irritations,,Ear Infections,"['Ear Infections', 'Skin Irritations', 'Ear Infections', 'Skin Irritations', 'Ear Infections']",2.0,False,True,True,Nasopharyngeal polyp visualized extending into external ear canal in young cat.,0.6650319695472717
"Rabbit has lost fur on its nose, looks sore.",Parasites,,Mobility Problems,"['Mobility Problems', 'Digestive Issues', 'Ear Infections', 'Ear Infections', 'Parasites']",5.0,False,False,True,"Rabbit presents with head tilt, nystagmus, hind limb paresis. Serology for E. cuniculi recommended. Start fenbendazole empirically.",0.6490641236305237
"My hamster is scratching a lot and has dry, flaky skin.",Parasites,,Skin Irritations,"['Skin Irritations', 'Skin Irritations', 'Digestive Issues', 'Skin Irritations', 'Skin Irritations']",,False,False,False,Crusting lesions on flanks; antifungal cream advised.,0.62092125415802
"Rabbit is only eating greens, refusing hay.",Digestive Issues,,Digestive Issues,"['Digestive Issues', 'Mobility Problems', 'Parasites', 'Mobility Problems', 'Ear Infections']",1.0,True,True,True,"Rabbit presents with anorexia and decreased fecal output x 36 hrs. Abdomen slightly distended, doughy cecum palpated. Suspect GI stasis.",0.5746607184410095
Rabbit has become incontinent (urine and feces).,Mobility Problems,,Digestive Issues,"['Digestive Issues', 'Mobility Problems', 'Digestive Issues', 'Ear Infections', 'Digestive Issues']",2.0,False,True,True,"Rabbit presents with anorexia and decreased fecal output x 36 hrs. Abdomen slightly distended, doughy cecum palpated. Suspect GI stasis.",0.7232430577278137
"Dog has pale, clay-colored stools.",Digestive Issues,,Digestive Issues,"['Digestive Issues', 'Skin Irritations', 'Mobility Problems', 'Ear Infections', 'Digestive Issues']",1.0,True,True,True,Blood in stool; rule out ulceration.,0.703676700592041
Ferret is walking with a stiff gait.,Mobility Problems,,Mobility Problems,"['Mobility Problems', 'Mobility Problems', 'Skin Irritations', 'Mobility Problems', 'Mobility Problems']",1.0,True,True,True,"Gait analysis performed: observe walk, trot, turning, stairs.",0.578026533126831
Puppy constantly has dirty ears despite regular cleaning.,Ear Infections,,Skin Irritations,"['Skin Irritations', 'Ear Infections', 'Ear Infections', 'Skin Irritations', 'Ear Infections']",2.0,False,True,True,Recommend regular ear cleaning with appropriate solution.,0.6917293071746826
My rabbit shakes its head frequently.,Ear Infections,,Mobility Problems,"['Mobility Problems', 'Parasites', 'Digestive Issues', 'Digestive Issues', 'Parasites']",,False,False,False,"Rabbit presents with head tilt, nystagmus, hind limb paresis. Serology for E. cuniculi recommended. Start fenbendazole empirically.",0.662609875202179
My cat has Giardia and needs medication.,Parasites,,Digestive Issues,"['Digestive Issues', 'Digestive Issues', 'Parasites', 'Parasites', 'Digestive Issues']",3.0,False,True,True,Giardia ELISA test positive. Initiate fenbendazole therapy and advise environmental decontamination.,0.6939965486526489
My hamster's droppings are stuck together.,Digestive Issues,,Digestive Issues,"['Digestive Issues', 'Digestive Issues', 'Parasites', 'Digestive Issues', 'Digestive Issues']",1.0,True,True,True,"Wet tail in hamster; guarded prognosis, provide heat support, antibiotics, fluids.",0.6069024801254272
"Found a long, segmented worm in the dog's stool this morning.",Parasites,,Parasites,"['Parasites', 'Digestive Issues', 'Parasites', 'Parasites', 'Parasites']",1.0,True,True,True,Hookworm eggs in stool; prescribe fenbendazole.,0.6358840465545654
"Dog seems nauseous (drooling, lip smacking) and refused his favorite treat.",Digestive Issues,,Digestive Issues,"['Digestive Issues', 'Digestive Issues', 'Digestive Issues', 'Ear Infections', 'Digestive Issues']",1.0,True,True,True,Vomiting post-meal; test for food intolerance.,0.6303977966308594
"Cat has tiny scabs all over her back, feels like sandpaper.",Parasites,,Skin Irritations,"['Skin Irritations', 'Skin Irritations', 'Digestive Issues', 'Skin Irritations', 'Skin Irritations']",,False,False,False,"Skin fragility syndrome noted in older cat; handle with care, check for hyperadrenocorticism.",0.6062839031219482
"Cat has chronic intermittent vomiting, maybe once or twice a week.",Digestive Issues,,Digestive Issues,"['Digestive Issues', 'Digestive Issues', 'Digestive Issues', 'Parasites', 'Digestive Issues']",1.0,True,True,True,"Chronic intermittent vomiting in feline; consider IBD, food allergy, lymphoma.",0.7483892440795898
My ferret seems generally unwell since the ear problem started.,Ear Infections,,Skin Irritations,"['Skin Irritations', 'Skin Irritations', 'Skin Irritations', 'Ear Infections', 'Ear Infections']",4.0,False,False,True,Excoriations around ears and neck; check for ear mites and fleas.,0.6661954522132874
My puppy has had soft stools since we adopted him from the shelter.,Digestive Issues,,Digestive Issues,"['Digestive Issues', 'Digestive Issues', 'Digestive Issues', 'Parasites', 'Digestive Issues']",1.0,True,True,True,Stool soft and odorous; test for malabsorption.,0.6464172601699829
Rabbit seems unable to move its hind legs properly.,Mobility Problems,,Mobility Problems,"['Mobility Problems', 'Mobility Problems', 'Digestive Issues', 'Digestive Issues', 'Ear Infections']",1.0,True,True,True,"Rabbit presents with head tilt, nystagmus, hind limb paresis. Serology for E. cuniculi recommended. Start fenbendazole empirically.",0.6854455471038818
My dog has Lyme condition causing shifting leg lameness.,Mobility Problems,,Mobility Problems,"['Mobility Problems', 'Mobility Problems', 'Mobility Problems', 'Mobility Problems', 'Mobility Problems']",1.0,True,True,True,"Panosteitis suspected in young, large breed dog with shifting leg lameness and long bone pain on palpation.",0.6933971643447876
My rabbit keeps shaking its head back and forth.,Ear Infections,,Mobility Problems,"['Mobility Problems', 'Parasites', 'Digestive Issues', 'Digestive Issues', 'Parasites']",,False,False,False,"Rabbit presents with head tilt, nystagmus, hind limb paresis. Serology for E. cuniculi recommended. Start fenbendazole empirically.",0.6745872497558594
"My dog seems sensitive around his head, flinches when petted near ears.",Ear Infections,,Skin Irritations,"['Skin Irritations', 'Skin Irritations', 'Skin Irritations', 'Skin Irritations', 'Skin Irritations']",,False,False,False,Skin fragility noted; test for FIV/FeLV in feline patient.,0.6278203129768372
My dog has diarrhea every time he gets stressed.,Digestive Issues,,Digestive Issues,"['Digestive Issues', 'Ear Infections', 'Digestive Issues', 'Ear Infections', 'Digestive Issues']",1.0,True,True,True,"Chronic intermittent vomiting in feline; consider IBD, food allergy, lymphoma.",0.6229016780853271
My cat vomited part of a houseplant leaf.,Digestive Issues,,Digestive Issues,"['Digestive Issues', 'Digestive Issues', 'Parasites', 'Digestive Issues', 'Skin Irritations']",1.0,True,True,True,Hyperthyroidism diagnosed in older cat with weight loss and vomiting.,0.6394161581993103
Saw bright red blood coating my dog's otherwise normal stool.,Digestive Issues,,Digestive Issues,"['Digestive Issues', 'Mobility Problems', 'Parasites', 'Digestive Issues', 'Digestive Issues']",1.0,True,True,True,Blood in stool; rule out ulceration.,0.7482349872589111
My Dachshund has back problems (IVDD).,Mobility Problems,,Mobility Problems,"['Mobility Problems', 'Digestive Issues', 'Digestive Issues', 'Mobility Problems', 'Skin Irritations']",1.0,True,True,True,"Educate owner on signs of IVDD progression (worsening weakness, loss of bladder control, loss of deep pain).",0.668938934803009
Cat hasn't touched her food in over 24 hours.,Digestive Issues,,Digestive Issues,"['Digestive Issues', 'Digestive Issues', 'Digestive Issues', 'Digestive Issues', 'Digestive Issues']",1.0,True,True,True,"Rabbit presents with anorexia and decreased fecal output x 36 hrs. Abdomen slightly distended, doughy cecum palpated. Suspect GI stasis.",0.5739927291870117
My cat keeps getting tapeworms even though I treat her.,Parasites,,Digestive Issues,"['Digestive Issues', 'Parasites', 'Parasites', 'Parasites', 'Parasites']",2.0,False,True,True,Recheck fecal exam after deworming treatment.,0.6354018449783325
"My rabbit has white, flaky material inside the ear canals.",Ear Infections,,Ear Infections,"['Ear Infections', 'Parasites', 'Parasites', 'Ear Infections', 'Skin Irritations']",1.0,True,True,True,Check for ticks within the ear canal.,0.6713862419128418
My dog's gait looks wobbly or uncoordinated.,Mobility Problems,,Mobility Problems,"['Mobility Problems', 'Mobility Problems', 'Mobility Problems', 'Ear Infections', 'Digestive Issues']",1.0,True,True,True,Wobbler syndrome (cervical spondylomyelopathy) suspected in large breed dog with neck pain and gait abnormalities.,0.6981880068778992
"Dog has chronic itching, mostly involving feet, face, and ears.",Skin Irritations,,Digestive Issues,"['Digestive Issues', 'Skin Irritations', 'Ear Infections', 'Ear Infections', 'Skin Irritations']",2.0,False,True,True,"Chronic intermittent vomiting in feline; consider IBD, food allergy, lymphoma.",0.6882673501968384
My rabbit has maggots visible near its hind end.,Parasites,,Parasites,"['Parasites', 'Mobility Problems', 'Parasites', 'Ear Infections', 'Ear Infections']",1.0,True,True,True,"Fly strike (myiasis) present in debilitated rabbit. Clip fur, lavage wound, manually remove all maggots. Address underlying cause.",0.6617627739906311
My cat has recurrent ear mite infestations.,Parasites,,Parasites,"['Parasites', 'Skin Irritations', 'Parasites', 'Ear Infections', 'Ear Infections']",1.0,True,True,True,Ear mites in canal; clean and apply selamectin.,0.7323352098464966
Puppy is being treated for scabies (Sarcoptic mange).,Parasites,,Parasites,"['Parasites', 'Parasites', 'Parasites', 'Parasites', 'Skin Irritations']",1.0,True,True,True,"Initiate treatment for sarcoptic mange (e.g., selamectin, ivermectin, isoxazoline).",0.7243435382843018
Dog has a growth or polyp visible inside the ear canal.,Ear Infections,,Ear Infections,"['Ear Infections', 'Ear Infections', 'Ear Infections', 'Ear Infections', 'Ear Infections']",1.0,True,True,True,Nasopharyngeal polyp visualized extending into external ear canal in young cat.,0.7683436870574951
My dog was diagnosed with arthritis in his hips and knees.,Mobility Problems,,Ear Infections,"['Ear Infections', 'Skin Irritations', 'Digestive Issues', 'Mobility Problems', 'Mobility Problems']",4.0,False,False,True,Check thyroid levels in dogs with recurrent infections.,0.6329648494720459
Rabbit has lost fur on its nose.,Parasites,,Mobility Problems,"['Mobility Problems', 'Ear Infections', 'Digestive Issues', 'Parasites', 'Ear Infections']",4.0,False,False,True,"Rabbit presents with head tilt, nystagmus, hind limb paresis. Serology for E. cuniculi recommended. Start fenbendazole empirically.",0.6282296180725098
"Cat is constipated, passing very hard, dry stools.",Digestive Issues,,Digestive Issues,"['Digestive Issues', 'Digestive Issues', 'Digestive Issues', 'Digestive Issues', 'Digestive Issues']",1.0,True,True,True,Hyperthyroidism diagnosed in older cat with weight loss and vomiting.,0.6547325849533081
My hamster seems to have greasy fur and is losing hair on its back.,Skin Irritations,,Digestive Issues,"['Digestive Issues', 'Digestive Issues', 'Skin Irritations', 'Digestive Issues', 'Parasites']",3.0,False,True,True,"Wet tail in hamster; guarded prognosis, provide heat support, antibiotics, fluids.",0.6158126592636108
"Dog has a persistent cough, vet is testing for heartworm.",Parasites,,Parasites,"['Parasites', 'Parasites', 'Ear Infections', 'Parasites', 'Digestive Issues']",1.0,True,True,True,Provide handout on heartworm condition.,0.6451546549797058
"Dog has black spots appearing on his skin, mostly on the belly.",Skin Irritations,,Skin Irritations,"['Skin Irritations', 'Digestive Issues', 'Parasites', 'Ear Infections', 'Skin Irritations']",1.0,True,True,True,Eosinophilic plaque identified on feline abdomen; consider allergy vs. parasitic cause. Cytology performed.,0.6736509203910828
My kitten has lost the fur on the bridge of her nose.,Skin Irritations,,Parasites,"['Parasites', 'Skin Irritations', 'Skin Irritations', 'Skin Irritations', 'Skin Irritations']",2.0,False,True,True,Ticks embedded in fur; remove and treat.,0.6236183643341064
Dog is straining to vomit (retching) without producing anything.,Digestive Issues,,Digestive Issues,"['Digestive Issues', 'Digestive Issues', 'Digestive Issues', 'Mobility Problems', 'Digestive Issues']",1.0,True,True,True,Vomiting post-meal; test for food intolerance.,0.6515206098556519
My rabbit has ear canker (mites).,Parasites,,Ear Infections,"['Ear Infections', 'Parasites', 'Parasites', 'Ear Infections', 'Ear Infections']",2.0,False,True,True,Psoroptes cuniculi (ear mites) in rabbit causing severe crusting and inflammation.,0.6947429180145264
Ferret has lost significant weight recently.,Digestive Issues,,Digestive Issues,"['Digestive Issues', 'Digestive Issues', 'Digestive Issues', 'Mobility Problems', 'Mobility Problems']",1.0,True,True,True,"Recommend easily digestible, low-fat diet for recovery.",0.5609336495399475
My dog tore his cruciate ligament (CCL/ACL).,Mobility Problems,,Mobility Problems,"['Mobility Problems', 'Digestive Issues', 'Mobility Problems', 'Ear Infections', 'Parasites']",1.0,True,True,True,Positive cranial drawer sign in right stifle; consistent with cranial cruciate ligament (CCL) rupture.,0.6334208250045776
Pet’s ears are swollen and have a rancid odor.,Ear Infections,,Skin Irritations,"['Skin Irritations', 'Skin Irritations', 'Ear Infections', 'Ear Infections', 'Parasites']",3.0,False,True,True,Excoriations around ears and neck; check for ear mites and fleas.,0.6750197410583496
"Cat has scabs all over her body, especially her back and neck.",Parasites,,Skin Irritations,"['Skin Irritations', 'Skin Irritations', 'Parasites', 'Skin Irritations', 'Skin Irritations']",3.0,False,True,True,"Skin fragility syndrome noted in older cat; handle with care, check for hyperadrenocorticism.",0.6441403031349182
Dog has generalized demodicosis.,Parasites,,Parasites,"['Parasites', 'Parasites', 'Ear Infections', 'Digestive Issues', 'Mobility Problems']",1.0,True,True,True,Localized demodicosis in young dog often resolves without treatment; monitor.,0.6827623844146729
My older dog is constipated and strains to defecate.,Digestive Issues,,Digestive Issues,"['Digestive Issues', 'Digestive Issues', 'Ear Infections', 'Digestive Issues', 'Digestive Issues']",1.0,True,True,True,"Constipated feline; administer Miralax/lactulose and recommend increasing water intake (wet food, fountain).",0.6975321769714355
Dog ate something from the trash and now has explosive diarrhea.,Digestive Issues,,Digestive Issues,"['Digestive Issues', 'Ear Infections', 'Digestive Issues', 'Digestive Issues', 'Digestive Issues']",1.0,True,True,True,Vomiting post-meal; test for food intolerance.,0.6393746137619019
Noticed bright red blood streaks in my cat's poop.,Digestive Issues,,Digestive Issues,"['Digestive Issues', 'Skin Irritations', 'Digestive Issues', 'Digestive Issues', 'Skin Irritations']",1.0,True,True,True,Blood in stool; rule out ulceration.,0.6809036135673523
"Puppy has developed a circular, hairless lesion on its head.",Skin Irritations,,Skin Irritations,"['Skin Irritations', 'Skin Irritations', 'Skin Irritations', 'Ear Infections', 'Skin Irritations']",1.0,True,True,True,Canine facial eosinophilic furunculosis suspected based on acute onset muzzle swelling/lesions.,0.6447708606719971
Cat developed a sudden head tilt overnight.,Ear Infections,,Digestive Issues,"['Digestive Issues', 'Skin Irritations', 'Mobility Problems', 'Skin Irritations', 'Ear Infections']",5.0,False,False,True,Hyperthyroidism diagnosed in older cat with weight loss and vomiting.,0.6581045389175415
My rabbit has pus coming from its eye on the same side as the ear problem.,Ear Infections,,Parasites,"['Parasites', 'Ear Infections', 'Mobility Problems', 'Skin Irritations', 'Ear Infections']",2.0,False,True,True,Severe otitis externa in rabbit due to Psoroptes cuniculi. Treat with ivermectin or selamectin. Do not manually remove crusts initially.,0.6621376276016235
Cat seems painful in her abdomen when I pick her up.,Digestive Issues,,Digestive Issues,"['Digestive Issues', 'Digestive Issues', 'Skin Irritations', 'Skin Irritations', 'Skin Irritations']",1.0,True,True,True,Hyperthyroidism diagnosed in older cat with weight loss and vomiting.,0.6343945860862732
My cat has developed bald patches behind her ears.,Skin Irritations,,Skin Irritations,"['Skin Irritations', 'Ear Infections', 'Ear Infections', 'Skin Irritations', 'Ear Infections']",1.0,True,True,True,Excoriations around ears and neck; check for ear mites and fleas.,0.6718648076057434
Rabbit has matted fur on its hind end with irritated skin underneath.,Skin Irritations,,Mobility Problems,"['Mobility Problems', 'Ear Infections', 'Skin Irritations', 'Digestive Issues', 'Skin Irritations']",3.0,False,True,True,"Rabbit presents with head tilt, nystagmus, hind limb paresis. Serology for E. cuniculi recommended. Start fenbendazole empirically.",0.6703599691390991
My hamster has developed a lump under its skin.,Skin Irritations,,Skin Irritations,"['Skin Irritations', 'Skin Irritations', 'Parasites', 'Digestive Issues', 'Skin Irritations']",1.0,True,True,True,Immune-mediated skin condition suspected; requires further workup.,0.6422653198242188
Cat has excessive flatulence and occasional vomiting.,Digestive Issues,,Digestive Issues,"['Digestive Issues', 'Digestive Issues', 'Digestive Issues', 'Ear Infections', 'Digestive Issues']",1.0,True,True,True,Hyperthyroidism diagnosed in older cat with weight loss and vomiting.,0.7463674545288086
My cat has roundworms visible in her stool.,Parasites,,Parasites,"['Parasites', 'Parasites', 'Parasites', 'Parasites', 'Digestive Issues']",1.0,True,True,True,Hookworm eggs in stool; prescribe fenbendazole.,0.6821909546852112
"Dog is scratching himself raw, especially on his chest and belly.",Parasites,,Skin Irritations,"['Skin Irritations', 'Ear Infections', 'Skin Irritations', 'Skin Irritations', 'Skin Irritations']",,False,False,False,Canine facial eosinophilic furunculosis suspected based on acute onset muzzle swelling/lesions.,0.5518912672996521
Rabbit has urine staining on its hind legs from poor posture.,Mobility Problems,,Digestive Issues,"['Digestive Issues', 'Mobility Problems', 'Digestive Issues', 'Parasites', 'Ear Infections']",2.0,False,True,True,"Rabbit presents with anorexia and decreased fecal output x 36 hrs. Abdomen slightly distended, doughy cecum palpated. Suspect GI stasis.",0.678748369216919
Cat has sores inside her mouth and drools excessively.,Skin Irritations,,Digestive Issues,"['Digestive Issues', 'Ear Infections', 'Skin Irritations', 'Ear Infections', 'Skin Irritations']",3.0,False,True,True,Hyperthyroidism diagnosed in older cat with weight loss and vomiting.,0.6455264091491699
Rabbit has redness and hair loss on the soles of its back feet.,Skin Irritations,,Mobility Problems,"['Mobility Problems', 'Digestive Issues', 'Ear Infections', 'Parasites', 'Skin Irritations']",5.0,False,False,True,"Rabbit presents with head tilt, nystagmus, hind limb paresis. Serology for E. cuniculi recommended. Start fenbendazole empirically.",0.6718267202377319
"Dog seems to have abdominal cramps (stretching, looking at belly).",Digestive Issues,,Skin Irritations,"['Skin Irritations', 'Digestive Issues', 'Mobility Problems', 'Digestive Issues', 'Mobility Problems']",2.0,False,True,True,Eosinophilic plaque identified on feline abdomen; consider allergy vs. parasitic cause. Cytology performed.,0.6742748022079468
My hamster's droppings are strung together with hair.,Digestive Issues,,Parasites,"['Parasites', 'Digestive Issues', 'Skin Irritations', 'Skin Irritations', 'Skin Irritations']",2.0,False,True,True,Ticks embedded in fur; remove and treat.,0.6261603832244873
Rabbit has arthritis in its spine (spondylosis).,Mobility Problems,,Mobility Problems,"['Mobility Problems', 'Ear Infections', 'Digestive Issues', 'Ear Infections', 'Parasites']",1.0,True,True,True,"Rabbit presents with head tilt, nystagmus, hind limb paresis. Serology for E. cuniculi recommended. Start fenbendazole empirically.",0.7275916337966919
My puppy ate a sock yesterday and is now vomiting.,Digestive Issues,,Digestive Issues,"['Digestive Issues', 'Digestive Issues', 'Digestive Issues', 'Digestive Issues', 'Digestive Issues']",1.0,True,True,True,Vomiting post-meal; test for food intolerance.,0.6786583662033081
My dog has trouble balancing.,Mobility Problems,,Digestive Issues,"['Digestive Issues', 'Ear Infections', 'Ear Infections', 'Mobility Problems', 'Digestive Issues']",4.0,False,False,True,Advise slow transition when changing pet foods.,0.6725071668624878
"Ferret has thick, dark wax in both ears.",Ear Infections,,Skin Irritations,"['Skin Irritations', 'Skin Irritations', 'Ear Infections', 'Mobility Problems', 'Ear Infections']",3.0,False,True,True,Excoriations around ears and neck; check for ear mites and fleas.,0.6146901249885559
My dog has elbow dysplasia.,Mobility Problems,,Mobility Problems,"['Mobility Problems', 'Mobility Problems', 'Digestive Issues', 'Skin Irritations', 'Skin Irritations']",1.0,True,True,True,OFA preliminary radiographs suggest moderate elbow dysplasia.,0.6669870615005493
"Dog had sudden onset of profuse, watery diarrhea overnight.",Digestive Issues,,Digestive Issues,"['Digestive Issues', 'Digestive Issues', 'Digestive Issues', 'Parasites', 'Digestive Issues']",1.0,True,True,True,Acute vomiting and diarrhea; suspect gastroenteritis.,0.6733292937278748
My cat won't let me clean her ears.,Ear Infections,,Ear Infections,"['Ear Infections', 'Parasites', 'Skin Irritations', 'Ear Infections', 'Ear Infections']",1.0,True,True,True,Demonstrate ear cleaning technique to owner.,0.6505851149559021
Cat has scaly skin on her back.,Skin Irritations,,Skin Irritations,"['Skin Irritations', 'Skin Irritations', 'Skin Irritations', 'Skin Irritations', 'Skin Irritations']",1.0,True,True,True,"Skin fragility syndrome noted in older cat; handle with care, check for hyperadrenocorticism.",0.6480191349983215
Cat has hypertrophic osteodystrophy.,Mobility Problems,,Digestive Issues,"['Digestive Issues', 'Skin Irritations', 'Ear Infections', 'Skin Irritations', 'Mobility Problems']",5.0,False,False,True,Hyperthyroidism diagnosed in older cat with weight loss and vomiting.,0.751467764377594
My cat's skin twitches along her back and she suddenly runs off.,Skin Irritations,,Skin Irritations,"['Skin Irritations', 'Skin Irritations', 'Digestive Issues', 'Skin Irritations', 'Mobility Problems']",1.0,True,True,True,"Skin fragility syndrome noted in older cat; handle with care, check for hyperadrenocorticism.",0.6168273091316223
Cat's ear canal looks extremely narrow and difficult to see into.,Ear Infections,,Ear Infections,"['Ear Infections', 'Ear Infections', 'Ear Infections', 'Parasites', 'Ear Infections']",1.0,True,True,True,Nasopharyngeal polyp visualized extending into external ear canal in young cat.,0.7055836915969849
Cat is shaking her head and scratching furiously behind her ears; they look dirty inside.,Parasites,,Skin Irritations,"['Skin Irritations', 'Skin Irritations', 'Ear Infections', 'Ear Infections', 'Ear Infections']",,False,False,False,Excoriations around ears and neck; check for ear mites and fleas.,0.6289989352226257
My dog's limp improves with exercise but returns after rest.,Mobility Problems,,Mobility Problems,"['Mobility Problems', 'Skin Irritations', 'Skin Irritations', 'Skin Irritations', 'Mobility Problems']",1.0,True,True,True,Gradual return to activity protocol provided.,0.6004329919815063
My ferret's ear wax smells strangely sweet.,Ear Infections,,Skin Irritations,"['Skin Irritations', 'Digestive Issues', 'Ear Infections', 'Skin Irritations', 'Ear Infections']",3.0,False,True,True,Excoriations around ears and neck; check for ear mites and fleas.,0.6192293763160706
My dog's ear has a distinct 'corn chip' or 'yeasty bread' smell.,Ear Infections,,Ear Infections,"['Ear Infections', 'Ear Infections', 'Skin Irritations', 'Ear Infections', 'Skin Irritations']",1.0,True,True,True,Yeast and bacteria in ear; prescribe dual therapy.,0.6254047155380249
"My cat has dark ear wax, but the vet ruled out mites.",Ear Infections,,Parasites,"['Parasites', 'Skin Irritations', 'Skin Irritations', 'Skin Irritations', 'Digestive Issues']",,False,False,False,Ear mites in canal; clean and apply selamectin.,0.6172611713409424
My dog has developed dark spots on his belly skin.,Skin Irritations,,Skin Irritations,"['Skin Irritations', 'Skin Irritations', 'Ear Infections', 'Skin Irritations', 'Digestive Issues']",1.0,True,True,True,Eosinophilic plaque identified on feline abdomen; consider allergy vs. parasitic cause. Cytology performed.,0.6718721389770508
"My rabbit has a dirty bottom from soft, pasty stools.",Digestive Issues,,Parasites,"['Parasites', 'Digestive Issues', 'Digestive Issues', 'Parasites', 'Mobility Problems']",2.0,False,True,True,Ensure rabbit environment is clean to prevent flystrike.,0.6433364152908325
My dog sits down awkwardly ('puppy sitting') with one leg out.,Mobility Problems,,Skin Irritations,"['Skin Irritations', 'Parasites', 'Mobility Problems', 'Ear Infections', 'Mobility Problems']",3.0,False,True,True,Psychogenic alopecia diagnosed in feline patient; behavioral modification and medication discussed.,0.6331555843353271
My rabbit has diarrhea after being introduced to new vegetables.,Digestive Issues,,Digestive Issues,"['Digestive Issues', 'Mobility Problems', 'Digestive Issues', 'Digestive Issues', 'Digestive Issues']",1.0,True,True,True,"Rabbit presents with anorexia and decreased fecal output x 36 hrs. Abdomen slightly distended, doughy cecum palpated. Suspect GI stasis.",0.6324573755264282
My cat has Horner's syndrome secondary to otitis media.,Ear Infections,,Ear Infections,"['Ear Infections', 'Ear Infections', 'Digestive Issues', 'Ear Infections', 'Ear Infections']",1.0,True,True,True,"Horner's syndrome (miosis, ptosis, enophthalmos, prolapsed nictitans) present ipsilateral to otitis media.",0.691030740737915
My dog's nose looks crusty and has lost its pigment.,Skin Irritations,,Skin Irritations,"['Skin Irritations', 'Skin Irritations', 'Ear Infections', 'Skin Irritations', 'Skin Irritations']",1.0,True,True,True,Consider referral to veterinary dermatologist if no improvement.,0.6156020760536194
"Cat is straining in the litter box, passing small, rock-hard feces.",Digestive Issues,,Digestive Issues,"['Digestive Issues', 'Digestive Issues', 'Digestive Issues', 'Digestive Issues', 'Skin Irritations']",1.0,True,True,True,Hyperthyroidism diagnosed in older cat with weight loss and vomiting.,0.5649654865264893
Hamster has fecal staining around the anus.,Digestive Issues,,Parasites,"['Parasites', 'Skin Irritations', 'Skin Irritations', 'Skin Irritations', 'Digestive Issues']",5.0,False,False,True,Hookworm eggs in stool; prescribe fenbendazole.,0.6286599636077881
My cat licks her fur off in stripes.,Skin Irritations,,Skin Irritations,"['Skin Irritations', 'Parasites', 'Skin Irritations', 'Skin Irritations', 'Skin Irritations']",1.0,True,True,True,Trichogram reveals damaged hair shafts consistent with excessive licking.,0.6594675779342651
Puppy hops with both back legs together like a bunny when running.,Mobility Problems,,Digestive Issues,"['Digestive Issues', 'Mobility Problems', 'Ear Infections', 'Mobility Problems', 'Parasites']",2.0,False,True,True,Canine pancreatic lipase (cPL) snap test positive. Consistent with pancreatitis.,0.5630520582199097
"Dog has whipworms, needs special dewormer.",Parasites,,Parasites,"['Parasites', 'Parasites', 'Digestive Issues', 'Parasites', 'Parasites']",1.0,True,True,True,Strategic deworming protocol recommended for puppies/kittens.,0.6904604434967041
Puppy cries when I massage the base of his ears.,Ear Infections,,Ear Infections,"['Ear Infections', 'Ear Infections', 'Ear Infections', 'Ear Infections', 'Ear Infections']",1.0,True,True,True,Demonstrate ear cleaning technique to owner.,0.6291857361793518
My dog has lost hair above his tail base from constant biting.,Parasites,,Skin Irritations,"['Skin Irritations', 'Ear Infections', 'Skin Irritations', 'Skin Irritations', 'Skin Irritations']",,False,False,False,Trichogram reveals damaged hair shafts consistent with excessive licking.,0.6555827856063843
"Cat has had soft, mushy stool for the past two days.",Digestive Issues,,Digestive Issues,"['Digestive Issues', 'Digestive Issues', 'Digestive Issues', 'Skin Irritations', 'Digestive Issues']",1.0,True,True,True,Stool soft and odorous; test for malabsorption.,0.6619366407394409
My cat paws at her ear after I apply the medication.,Ear Infections,,Ear Infections,"['Ear Infections', 'Ear Infections', 'Skin Irritations', 'Skin Irritations', 'Parasites']",1.0,True,True,True,Educate owner on proper ear medication administration technique.,0.6702001690864563
"Pulled a fat, grey tick off my cat's neck after she came inside.",Parasites,,Parasites,"['Parasites', 'Parasites', 'Parasites', 'Ear Infections', 'Digestive Issues']",1.0,True,True,True,Ticks embedded in fur; remove and treat.,0.6928873062133789
Dog has ticks in his ears.,Parasites,,Ear Infections,"['Ear Infections', 'Parasites', 'Ear Infections', 'Skin Irritations', 'Ear Infections']",2.0,False,True,True,Check for ticks within the ear canal.,0.7846572399139404
"Cat is excessively grooming, leading to thin fur.",Skin Irritations,,Skin Irritations,"['Skin Irritations', 'Skin Irritations', 'Skin Irritations', 'Digestive Issues', 'Parasites']",1.0,True,True,True,"Skin fragility syndrome noted in older cat; handle with care, check for hyperadrenocorticism.",0.6836513876914978
Hamster has redness and irritation around its mouth.,Skin Irritations,,Skin Irritations,"['Skin Irritations', 'Digestive Issues', 'Ear Infections', 'Ear Infections', 'Digestive Issues']",1.0,True,True,True,Excoriations around ears and neck; check for ear mites and fleas.,0.6011437773704529
"My dog keeps biting at his tail base, and his hair is thinning there.",Parasites,,Skin Irritations,"['Skin Irritations', 'Skin Irritations', 'Ear Infections', 'Skin Irritations', 'Skin Irritations']",,False,False,False,Trichogram reveals damaged hair shafts consistent with excessive licking.,0.6445673108100891
